capture,image,date,resolution,model,match_quality,alignment_method,feature_inliers,shift_x,shift_y,found,correct,wrong,empty,predictions,extra_on_board,outside,meets_34_of_40,elapsed_ms
2026-09-23_08-00-00,2026-09-23_08-00-00_640x480.jpg,2026-09-23,640x480,n,0.9023,template,0,-784.0,32.0,33,31,2,7,34,1,0,0,93.65
2026-09-23_08-00-00,2026-09-23_08-00-00_640x480.jpg,2026-09-23,640x480,s,0.9023,template,0,-784.0,32.0,35,31,4,5,37,2,0,0,209.01
2026-09-23_08-00-00,2026-09-23_08-00-00_640x480.jpg,2026-09-23,640x480,m,0.9023,template,0,-784.0,32.0,39,35,4,1,42,3,0,1,511.46
2026-09-23_08-00-00,2026-09-23_08-00-03_1332x990.jpg,2026-09-23,1332x990,n,0.9023,template,0,-784.0,32.0,32,30,2,8,32,0,0,0,74.17
2026-09-23_08-00-00,2026-09-23_08-00-03_1332x990.jpg,2026-09-23,1332x990,s,0.9023,template,0,-784.0,32.0,37,34,3,3,37,0,0,1,212.93
2026-09-23_08-00-00,2026-09-23_08-00-03_1332x990.jpg,2026-09-23,1332x990,m,0.9023,template,0,-784.0,32.0,37,34,3,3,38,1,0,1,537.3
2026-09-23_08-00-00,2026-09-23_08-00-05_2028x1520.jpg,2026-09-23,2028x1520,n,0.9023,template,0,-784.0,32.0,35,32,3,5,35,0,0,0,76.69
2026-09-23_08-00-00,2026-09-23_08-00-05_2028x1520.jpg,2026-09-23,2028x1520,s,0.9023,template,0,-784.0,32.0,38,33,5,2,38,0,0,0,226.04
2026-09-23_08-00-00,2026-09-23_08-00-05_2028x1520.jpg,2026-09-23,2028x1520,m,0.9023,template,0,-784.0,32.0,38,35,3,2,41,3,0,1,542.19
2026-09-23_08-00-00,2026-09-23_08-00-08_4056x3040.jpg,2026-09-23,4056x3040,n,0.9023,template,0,-784.0,32.0,34,32,2,6,34,0,0,0,80.76
2026-09-23_08-00-00,2026-09-23_08-00-08_4056x3040.jpg,2026-09-23,4056x3040,s,0.9023,template,0,-784.0,32.0,36,34,2,4,36,0,0,1,172.78
2026-09-23_08-00-00,2026-09-23_08-00-08_4056x3040.jpg,2026-09-23,4056x3040,m,0.9023,template,0,-784.0,32.0,39,35,4,1,41,2,0,1,550.25
2026-09-23_08-15-00,2026-09-23_08-15-00_640x480.jpg,2026-09-23,640x480,n,0.9044,template,0,-784.0,32.0,34,32,2,6,34,0,0,0,83.71
2026-09-23_08-15-00,2026-09-23_08-15-00_640x480.jpg,2026-09-23,640x480,s,0.9044,template,0,-784.0,32.0,38,33,5,2,38,0,0,0,218.88
2026-09-23_08-15-00,2026-09-23_08-15-00_640x480.jpg,2026-09-23,640x480,m,0.9044,template,0,-784.0,32.0,39,36,3,1,42,3,0,1,560.16
2026-09-23_08-15-00,2026-09-23_08-15-02_1332x990.jpg,2026-09-23,1332x990,n,0.9044,template,0,-784.0,32.0,36,32,4,4,36,0,0,0,83.34
2026-09-23_08-15-00,2026-09-23_08-15-02_1332x990.jpg,2026-09-23,1332x990,s,0.9044,template,0,-784.0,32.0,35,33,2,5,35,0,0,0,238.04
2026-09-23_08-15-00,2026-09-23_08-15-02_1332x990.jpg,2026-09-23,1332x990,m,0.9044,template,0,-784.0,32.0,39,36,3,1,41,2,0,1,568.09
2026-09-23_08-15-00,2026-09-23_08-15-05_2028x1520.jpg,2026-09-23,2028x1520,n,0.9044,template,0,-784.0,32.0,36,33,3,4,36,0,0,0,96.92
2026-09-23_08-15-00,2026-09-23_08-15-05_2028x1520.jpg,2026-09-23,2028x1520,s,0.9044,template,0,-784.0,32.0,34,33,1,6,34,0,0,0,291.0
2026-09-23_08-15-00,2026-09-23_08-15-05_2028x1520.jpg,2026-09-23,2028x1520,m,0.9044,template,0,-784.0,32.0,39,36,3,1,41,2,0,1,621.35
2026-09-23_08-15-00,2026-09-23_08-15-07_4056x3040.jpg,2026-09-23,4056x3040,n,0.9044,template,0,-784.0,32.0,35,33,2,5,35,0,0,0,84.44
2026-09-23_08-15-00,2026-09-23_08-15-07_4056x3040.jpg,2026-09-23,4056x3040,s,0.9044,template,0,-784.0,32.0,36,33,3,4,36,0,0,0,259.16
2026-09-23_08-15-00,2026-09-23_08-15-07_4056x3040.jpg,2026-09-23,4056x3040,m,0.9044,template,0,-784.0,32.0,39,35,4,1,42,3,0,1,563.39
2026-09-23_08-30-00,2026-09-23_08-30-00_640x480.jpg,2026-09-23,640x480,n,0.9103,template,0,-784.0,32.0,35,32,3,5,36,1,0,0,74.12
2026-09-23_08-30-00,2026-09-23_08-30-00_640x480.jpg,2026-09-23,640x480,s,0.9103,template,0,-784.0,32.0,38,31,7,2,39,1,0,0,240.47
2026-09-23_08-30-00,2026-09-23_08-30-00_640x480.jpg,2026-09-23,640x480,m,0.9103,template,0,-784.0,32.0,39,36,3,1,42,3,0,1,631.96
2026-09-23_08-30-00,2026-09-23_08-30-03_1332x990.jpg,2026-09-23,1332x990,n,0.9103,template,0,-784.0,32.0,34,32,2,6,34,0,0,0,78.21
2026-09-23_08-30-00,2026-09-23_08-30-03_1332x990.jpg,2026-09-23,1332x990,s,0.9103,template,0,-784.0,32.0,36,33,3,4,36,0,0,0,241.91
2026-09-23_08-30-00,2026-09-23_08-30-03_1332x990.jpg,2026-09-23,1332x990,m,0.9103,template,0,-784.0,32.0,40,37,3,0,43,3,0,1,615.84
2026-09-23_08-30-00,2026-09-23_08-30-05_2028x1520.jpg,2026-09-23,2028x1520,n,0.9103,template,0,-784.0,32.0,34,32,2,6,34,0,0,0,82.93
2026-09-23_08-30-00,2026-09-23_08-30-05_2028x1520.jpg,2026-09-23,2028x1520,s,0.9103,template,0,-784.0,32.0,39,33,6,1,39,0,0,0,249.5
2026-09-23_08-30-00,2026-09-23_08-30-05_2028x1520.jpg,2026-09-23,2028x1520,m,0.9103,template,0,-784.0,32.0,40,35,5,0,44,4,0,1,625.28
2026-09-23_08-30-00,2026-09-23_08-30-08_4056x3040.jpg,2026-09-23,4056x3040,n,0.9103,template,0,-784.0,32.0,35,33,2,5,35,0,0,0,84.44
2026-09-23_08-30-00,2026-09-23_08-30-08_4056x3040.jpg,2026-09-23,4056x3040,s,0.9103,template,0,-784.0,32.0,34,33,1,6,34,0,0,0,237.09
2026-09-23_08-30-00,2026-09-23_08-30-08_4056x3040.jpg,2026-09-23,4056x3040,m,0.9103,template,0,-784.0,32.0,39,36,3,1,45,6,0,1,586.68
2026-09-23_08-45-00,2026-09-23_08-45-00_640x480.jpg,2026-09-23,640x480,n,0.9045,template,0,-784.0,32.0,36,32,4,4,36,0,0,0,73.41
2026-09-23_08-45-00,2026-09-23_08-45-00_640x480.jpg,2026-09-23,640x480,s,0.9045,template,0,-784.0,32.0,37,32,5,3,39,2,0,0,279.12
2026-09-23_08-45-00,2026-09-23_08-45-00_640x480.jpg,2026-09-23,640x480,m,0.9045,template,0,-784.0,32.0,40,34,6,0,45,5,0,1,602.13
2026-09-23_08-45-00,2026-09-23_08-45-03_1332x990.jpg,2026-09-23,1332x990,n,0.9045,template,0,-784.0,32.0,34,32,2,6,34,0,0,0,95.81
2026-09-23_08-45-00,2026-09-23_08-45-03_1332x990.jpg,2026-09-23,1332x990,s,0.9045,template,0,-784.0,32.0,38,34,4,2,38,0,0,1,237.15
2026-09-23_08-45-00,2026-09-23_08-45-03_1332x990.jpg,2026-09-23,1332x990,m,0.9045,template,0,-784.0,32.0,40,36,4,0,43,3,0,1,605.57
2026-09-23_08-45-00,2026-09-23_08-45-06_2028x1520.jpg,2026-09-23,2028x1520,n,0.9045,template,0,-784.0,32.0,35,33,2,5,35,0,0,0,76.47
2026-09-23_08-45-00,2026-09-23_08-45-06_2028x1520.jpg,2026-09-23,2028x1520,s,0.9045,template,0,-784.0,32.0,38,33,5,2,38,0,0,0,227.6
2026-09-23_08-45-00,2026-09-23_08-45-06_2028x1520.jpg,2026-09-23,2028x1520,m,0.9045,template,0,-784.0,32.0,40,35,5,0,45,5,0,1,575.4
2026-09-23_08-45-00,2026-09-23_08-45-08_4056x3040.jpg,2026-09-23,4056x3040,n,0.9045,template,0,-784.0,32.0,35,33,2,5,35,0,0,0,93.03
2026-09-23_08-45-00,2026-09-23_08-45-08_4056x3040.jpg,2026-09-23,4056x3040,s,0.9045,template,0,-784.0,32.0,36,33,3,4,36,0,0,0,234.58
2026-09-23_08-45-00,2026-09-23_08-45-08_4056x3040.jpg,2026-09-23,4056x3040,m,0.9045,template,0,-784.0,32.0,38,34,4,2,42,4,0,1,625.08
2026-09-23_09-00-00,2026-09-23_09-00-00_640x480.jpg,2026-09-23,640x480,n,0.9053,template,0,-784.0,32.0,33,31,2,7,33,0,0,0,76.49
2026-09-23_09-00-00,2026-09-23_09-00-00_640x480.jpg,2026-09-23,640x480,s,0.9053,template,0,-784.0,32.0,36,32,4,4,37,1,0,0,216.89
2026-09-23_09-00-00,2026-09-23_09-00-00_640x480.jpg,2026-09-23,640x480,m,0.9053,template,0,-784.0,32.0,38,34,4,2,41,3,0,1,577.92
2026-09-23_09-00-00,2026-09-23_09-00-03_1332x990.jpg,2026-09-23,1332x990,n,0.9053,template,0,-784.0,32.0,33,31,2,7,33,0,0,0,93.79
2026-09-23_09-00-00,2026-09-23_09-00-03_1332x990.jpg,2026-09-23,1332x990,s,0.9053,template,0,-784.0,32.0,34,33,1,6,34,0,0,0,230.35
2026-09-23_09-00-00,2026-09-23_09-00-03_1332x990.jpg,2026-09-23,1332x990,m,0.9053,template,0,-784.0,32.0,37,35,2,3,40,3,0,1,552.35
2026-09-23_09-00-00,2026-09-23_09-00-05_2028x1520.jpg,2026-09-23,2028x1520,n,0.9053,template,0,-784.0,32.0,35,33,2,5,35,0,0,0,80.2
2026-09-23_09-00-00,2026-09-23_09-00-05_2028x1520.jpg,2026-09-23,2028x1520,s,0.9053,template,0,-784.0,32.0,38,34,4,2,38,0,0,1,210.49
2026-09-23_09-00-00,2026-09-23_09-00-05_2028x1520.jpg,2026-09-23,2028x1520,m,0.9053,template,0,-784.0,32.0,38,34,4,2,41,3,0,1,572.17
2026-09-23_09-00-00,2026-09-23_09-00-08_4056x3040.jpg,2026-09-23,4056x3040,n,0.9053,template,0,-784.0,32.0,36,32,4,4,36,0,0,0,82.5
2026-09-23_09-00-00,2026-09-23_09-00-08_4056x3040.jpg,2026-09-23,4056x3040,s,0.9053,template,0,-784.0,32.0,37,34,3,3,37,0,0,1,209.71
2026-09-23_09-00-00,2026-09-23_09-00-08_4056x3040.jpg,2026-09-23,4056x3040,m,0.9053,template,0,-784.0,32.0,38,34,4,2,41,3,0,1,553.1
2026-09-23_09-15-00,2026-09-23_09-15-00_640x480.jpg,2026-09-23,640x480,n,0.8998,template,0,-784.0,32.0,35,31,4,5,35,0,0,0,78.57
2026-09-23_09-15-00,2026-09-23_09-15-00_640x480.jpg,2026-09-23,640x480,s,0.8998,template,0,-784.0,32.0,36,33,3,4,38,2,0,0,215.31
2026-09-23_09-15-00,2026-09-23_09-15-00_640x480.jpg,2026-09-23,640x480,m,0.8998,template,0,-784.0,32.0,37,34,3,3,39,2,0,1,584.32
2026-09-23_09-15-00,2026-09-23_09-15-03_1332x990.jpg,2026-09-23,1332x990,n,0.8998,template,0,-784.0,32.0,35,33,2,5,35,0,0,0,91.01
2026-09-23_09-15-00,2026-09-23_09-15-03_1332x990.jpg,2026-09-23,1332x990,s,0.8998,template,0,-784.0,32.0,38,33,5,2,38,0,0,0,239.88
2026-09-23_09-15-00,2026-09-23_09-15-03_1332x990.jpg,2026-09-23,1332x990,m,0.8998,template,0,-784.0,32.0,38,36,2,2,41,3,0,1,552.04
2026-09-23_09-15-00,2026-09-23_09-15-06_2028x1520.jpg,2026-09-23,2028x1520,n,0.8998,template,0,-784.0,32.0,36,33,3,4,36,0,0,0,81.48
2026-09-23_09-15-00,2026-09-23_09-15-06_2028x1520.jpg,2026-09-23,2028x1520,s,0.8998,template,0,-784.0,32.0,37,34,3,3,37,0,0,1,208.94
2026-09-23_09-15-00,2026-09-23_09-15-06_2028x1520.jpg,2026-09-23,2028x1520,m,0.8998,template,0,-784.0,32.0,38,34,4,2,42,4,0,1,557.89
2026-09-23_09-15-00,2026-09-23_09-15-08_4056x3040.jpg,2026-09-23,4056x3040,n,0.8998,template,0,-784.0,32.0,36,33,3,4,36,0,0,0,83.17
2026-09-23_09-15-00,2026-09-23_09-15-08_4056x3040.jpg,2026-09-23,4056x3040,s,0.8998,template,0,-784.0,32.0,36,32,4,4,36,0,0,0,214.42
2026-09-23_09-15-00,2026-09-23_09-15-08_4056x3040.jpg,2026-09-23,4056x3040,m,0.8998,template,0,-784.0,32.0,38,34,4,2,41,3,0,1,557.84
2026-09-23_09-30-00,2026-09-23_09-30-00_640x480.jpg,2026-09-23,640x480,n,0.906,template,0,-784.0,32.0,34,32,2,6,36,2,0,0,80.76
2026-09-23_09-30-00,2026-09-23_09-30-00_640x480.jpg,2026-09-23,640x480,s,0.906,template,0,-784.0,32.0,40,33,7,0,42,2,0,0,211.75
2026-09-23_09-30-00,2026-09-23_09-30-00_640x480.jpg,2026-09-23,640x480,m,0.906,template,0,-784.0,32.0,37,33,4,3,37,0,0,0,611.71
2026-09-23_09-30-00,2026-09-23_09-30-03_1332x990.jpg,2026-09-23,1332x990,n,0.906,template,0,-784.0,32.0,35,32,3,5,35,0,0,0,80.06
2026-09-23_09-30-00,2026-09-23_09-30-03_1332x990.jpg,2026-09-23,1332x990,s,0.906,template,0,-784.0,32.0,39,35,4,1,40,1,0,1,209.07
2026-09-23_09-30-00,2026-09-23_09-30-03_1332x990.jpg,2026-09-23,1332x990,m,0.906,template,0,-784.0,32.0,39,36,3,1,42,3,0,1,557.08
2026-09-23_09-30-00,2026-09-23_09-30-05_2028x1520.jpg,2026-09-23,2028x1520,n,0.906,template,0,-784.0,32.0,36,34,2,4,36,0,0,1,82.46
2026-09-23_09-30-00,2026-09-23_09-30-05_2028x1520.jpg,2026-09-23,2028x1520,s,0.906,template,0,-784.0,32.0,38,34,4,2,38,0,0,1,210.26
2026-09-23_09-30-00,2026-09-23_09-30-05_2028x1520.jpg,2026-09-23,2028x1520,m,0.906,template,0,-784.0,32.0,38,34,4,2,41,3,0,1,585.73
2026-09-23_09-30-00,2026-09-23_09-30-08_4056x3040.jpg,2026-09-23,4056x3040,n,0.906,template,0,-784.0,32.0,35,33,2,5,35,0,0,0,85.35
2026-09-23_09-30-00,2026-09-23_09-30-08_4056x3040.jpg,2026-09-23,4056x3040,s,0.906,template,0,-784.0,32.0,37,34,3,3,37,0,0,1,213.34
2026-09-23_09-30-00,2026-09-23_09-30-08_4056x3040.jpg,2026-09-23,4056x3040,m,0.906,template,0,-784.0,32.0,38,33,5,2,42,4,0,0,628.07
2026-09-23_09-45-00,2026-09-23_09-45-00_640x480.jpg,2026-09-23,640x480,n,0.8971,template,0,-784.0,32.0,34,32,2,6,34,0,0,0,83.59
2026-09-23_09-45-00,2026-09-23_09-45-00_640x480.jpg,2026-09-23,640x480,s,0.8971,template,0,-784.0,32.0,39,33,6,1,40,1,0,0,237.1
2026-09-23_09-45-00,2026-09-23_09-45-00_640x480.jpg,2026-09-23,640x480,m,0.8971,template,0,-784.0,32.0,37,34,3,3,37,0,0,1,700.07
2026-09-23_09-45-00,2026-09-23_09-45-03_1332x990.jpg,2026-09-23,1332x990,n,0.8971,template,0,-784.0,32.0,36,33,3,4,36,0,0,0,93.58
2026-09-23_09-45-00,2026-09-23_09-45-03_1332x990.jpg,2026-09-23,1332x990,s,0.8971,template,0,-784.0,32.0,36,34,2,4,36,0,0,1,212.3
2026-09-23_09-45-00,2026-09-23_09-45-03_1332x990.jpg,2026-09-23,1332x990,m,0.8971,template,0,-784.0,32.0,40,34,6,0,41,1,0,1,568.07
2026-09-23_09-45-00,2026-09-23_09-45-06_2028x1520.jpg,2026-09-23,2028x1520,n,0.8971,template,0,-784.0,32.0,35,33,2,5,35,0,0,0,84.04
2026-09-23_09-45-00,2026-09-23_09-45-06_2028x1520.jpg,2026-09-23,2028x1520,s,0.8971,template,0,-784.0,32.0,38,34,4,2,39,1,0,1,219.93
2026-09-23_09-45-00,2026-09-23_09-45-06_2028x1520.jpg,2026-09-23,2028x1520,m,0.8971,template,0,-784.0,32.0,39,35,4,1,45,6,0,1,650.84
2026-09-23_09-45-00,2026-09-23_09-45-08_4056x3040.jpg,2026-09-23,4056x3040,n,0.8971,template,0,-784.0,32.0,35,33,2,5,35,0,0,0,86.17
2026-09-23_09-45-00,2026-09-23_09-45-08_4056x3040.jpg,2026-09-23,4056x3040,s,0.8971,template,0,-784.0,32.0,37,34,3,3,37,0,0,1,235.58
2026-09-23_09-45-00,2026-09-23_09-45-08_4056x3040.jpg,2026-09-23,4056x3040,m,0.8971,template,0,-784.0,32.0,37,34,3,3,39,2,0,1,655.81
2026-09-23_10-00-00,2026-09-23_10-00-00_640x480.jpg,2026-09-23,640x480,n,0.9097,template,0,-784.0,32.0,34,32,2,6,35,1,0,0,103.71
2026-09-23_10-00-00,2026-09-23_10-00-00_640x480.jpg,2026-09-23,640x480,s,0.9097,template,0,-784.0,32.0,37,32,5,3,39,2,0,0,252.0
2026-09-23_10-00-00,2026-09-23_10-00-00_640x480.jpg,2026-09-23,640x480,m,0.9097,template,0,-784.0,32.0,38,34,4,2,41,3,0,1,595.41
2026-09-23_10-00-00,2026-09-23_10-00-02_1332x990.jpg,2026-09-23,1332x990,n,0.9097,template,0,-784.0,32.0,33,31,2,7,33,0,0,0,103.5
2026-09-23_10-00-00,2026-09-23_10-00-02_1332x990.jpg,2026-09-23,1332x990,s,0.9097,template,0,-784.0,32.0,37,33,4,3,37,0,0,0,254.48
2026-09-23_10-00-00,2026-09-23_10-00-02_1332x990.jpg,2026-09-23,1332x990,m,0.9097,template,0,-784.0,32.0,38,33,5,2,40,2,0,0,609.95
2026-09-23_10-00-00,2026-09-23_10-00-05_2028x1520.jpg,2026-09-23,2028x1520,n,0.9097,template,0,-784.0,32.0,35,32,3,5,35,0,0,0,85.59
2026-09-23_10-00-00,2026-09-23_10-00-05_2028x1520.jpg,2026-09-23,2028x1520,s,0.9097,template,0,-784.0,32.0,37,34,3,3,37,0,0,1,213.48
2026-09-23_10-00-00,2026-09-23_10-00-05_2028x1520.jpg,2026-09-23,2028x1520,m,0.9097,template,0,-784.0,32.0,38,33,5,2,43,5,0,0,566.55
2026-09-23_10-00-00,2026-09-23_10-00-08_4056x3040.jpg,2026-09-23,4056x3040,n,0.9097,template,0,-784.0,32.0,36,33,3,4,36,0,0,0,83.06
2026-09-23_10-00-00,2026-09-23_10-00-08_4056x3040.jpg,2026-09-23,4056x3040,s,0.9097,template,0,-784.0,32.0,37,34,3,3,37,0,0,1,220.45
2026-09-23_10-00-00,2026-09-23_10-00-08_4056x3040.jpg,2026-09-23,4056x3040,m,0.9097,template,0,-784.0,32.0,40,34,6,0,42,2,0,1,567.18
2026-09-23_10-15-00,2026-09-23_10-15-00_640x480.jpg,2026-09-23,640x480,n,0.8971,template,0,-784.0,32.0,34,31,3,6,35,1,0,0,75.17
2026-09-23_10-15-00,2026-09-23_10-15-00_640x480.jpg,2026-09-23,640x480,s,0.8971,template,0,-784.0,32.0,38,33,5,2,39,1,0,0,220.6
2026-09-23_10-15-00,2026-09-23_10-15-00_640x480.jpg,2026-09-23,640x480,m,0.8971,template,0,-784.0,32.0,39,34,5,1,40,1,0,1,574.81
2026-09-23_10-15-00,2026-09-23_10-15-03_1332x990.jpg,2026-09-23,1332x990,n,0.8971,template,0,-784.0,32.0,35,32,3,5,35,0,0,0,85.6
2026-09-23_10-15-00,2026-09-23_10-15-03_1332x990.jpg,2026-09-23,1332x990,s,0.8971,template,0,-784.0,32.0,38,34,4,2,39,1,0,1,218.61
2026-09-23_10-15-00,2026-09-23_10-15-03_1332x990.jpg,2026-09-23,1332x990,m,0.8971,template,0,-784.0,32.0,40,34,6,0,44,4,0,1,572.01
2026-09-23_10-15-00,2026-09-23_10-15-05_2028x1520.jpg,2026-09-23,2028x1520,n,0.8971,template,0,-784.0,32.0,34,32,2,6,34,0,0,0,82.59
2026-09-23_10-15-00,2026-09-23_10-15-05_2028x1520.jpg,2026-09-23,2028x1520,s,0.8971,template,0,-784.0,32.0,36,33,3,4,36,0,0,0,204.78
2026-09-23_10-15-00,2026-09-23_10-15-05_2028x1520.jpg,2026-09-23,2028x1520,m,0.8971,template,0,-784.0,32.0,38,34,4,2,40,2,0,1,585.61
2026-09-23_10-15-00,2026-09-23_10-15-08_4056x3040.jpg,2026-09-23,4056x3040,n,0.8971,template,0,-784.0,32.0,34,32,2,6,34,0,0,0,75.73
2026-09-23_10-15-00,2026-09-23_10-15-08_4056x3040.jpg,2026-09-23,4056x3040,s,0.8971,template,0,-784.0,32.0,37,34,3,3,38,1,0,1,223.87
2026-09-23_10-15-00,2026-09-23_10-15-08_4056x3040.jpg,2026-09-23,4056x3040,m,0.8971,template,0,-784.0,32.0,39,34,5,1,41,2,0,1,555.32
2026-09-23_10-30-00,2026-09-23_10-30-00_640x480.jpg,2026-09-23,640x480,n,0.903,template,0,-784.0,32.0,35,31,4,5,35,0,0,0,74.69
2026-09-23_10-30-00,2026-09-23_10-30-00_640x480.jpg,2026-09-23,640x480,s,0.903,template,0,-784.0,32.0,38,32,6,2,40,2,0,0,216.44
2026-09-23_10-30-00,2026-09-23_10-30-00_640x480.jpg,2026-09-23,640x480,m,0.903,template,0,-784.0,32.0,38,33,5,2,41,3,0,0,576.69
2026-09-23_10-30-00,2026-09-23_10-30-02_1332x990.jpg,2026-09-23,1332x990,n,0.903,template,0,-784.0,32.0,35,32,3,5,35,0,0,0,74.09
2026-09-23_10-30-00,2026-09-23_10-30-02_1332x990.jpg,2026-09-23,1332x990,s,0.903,template,0,-784.0,32.0,39,33,6,1,40,1,0,0,218.08
2026-09-23_10-30-00,2026-09-23_10-30-02_1332x990.jpg,2026-09-23,1332x990,m,0.903,template,0,-784.0,32.0,39,35,4,1,42,3,0,1,555.61
2026-09-23_10-30-00,2026-09-23_10-30-05_2028x1520.jpg,2026-09-23,2028x1520,n,0.903,template,0,-784.0,32.0,36,33,3,4,36,0,0,0,76.46
2026-09-23_10-30-00,2026-09-23_10-30-05_2028x1520.jpg,2026-09-23,2028x1520,s,0.903,template,0,-784.0,32.0,37,33,4,3,37,0,0,0,219.46
2026-09-23_10-30-00,2026-09-23_10-30-05_2028x1520.jpg,2026-09-23,2028x1520,m,0.903,template,0,-784.0,32.0,38,35,3,2,42,4,0,1,581.08
2026-09-23_10-30-00,2026-09-23_10-30-08_4056x3040.jpg,2026-09-23,4056x3040,n,0.903,template,0,-784.0,32.0,34,32,2,6,34,0,0,0,78.5
2026-09-23_10-30-00,2026-09-23_10-30-08_4056x3040.jpg,2026-09-23,4056x3040,s,0.903,template,0,-784.0,32.0,37,34,3,3,38,1,0,1,240.34
2026-09-23_10-30-00,2026-09-23_10-30-08_4056x3040.jpg,2026-09-23,4056x3040,m,0.903,template,0,-784.0,32.0,39,34,5,1,43,4,0,1,616.8
2026-09-23_10-45-00,2026-09-23_10-45-00_640x480.jpg,2026-09-23,640x480,n,0.9017,template,0,-788.0,32.0,36,31,5,4,37,1,0,0,106.89
2026-09-23_10-45-00,2026-09-23_10-45-00_640x480.jpg,2026-09-23,640x480,s,0.9017,template,0,-788.0,32.0,39,33,6,1,41,2,0,0,229.39
2026-09-23_10-45-00,2026-09-23_10-45-00_640x480.jpg,2026-09-23,640x480,m,0.9017,template,0,-788.0,32.0,39,33,6,1,42,3,0,0,651.53
2026-09-23_10-45-00,2026-09-23_10-45-03_1332x990.jpg,2026-09-23,1332x990,n,0.9017,template,0,-788.0,32.0,35,31,4,5,35,0,0,0,74.73
2026-09-23_10-45-00,2026-09-23_10-45-03_1332x990.jpg,2026-09-23,1332x990,s,0.9017,template,0,-788.0,32.0,37,33,4,3,38,1,0,0,262.01
2026-09-23_10-45-00,2026-09-23_10-45-03_1332x990.jpg,2026-09-23,1332x990,m,0.9017,template,0,-788.0,32.0,38,34,4,2,40,2,0,1,591.59
2026-09-23_10-45-00,2026-09-23_10-45-05_2028x1520.jpg,2026-09-23,2028x1520,n,0.9017,template,0,-788.0,32.0,36,32,4,4,37,1,0,0,75.02
2026-09-23_10-45-00,2026-09-23_10-45-05_2028x1520.jpg,2026-09-23,2028x1520,s,0.9017,template,0,-788.0,32.0,37,33,4,3,38,1,0,0,220.18
2026-09-23_10-45-00,2026-09-23_10-45-05_2028x1520.jpg,2026-09-23,2028x1520,m,0.9017,template,0,-788.0,32.0,37,33,4,3,39,2,0,0,573.68
2026-09-23_10-45-00,2026-09-23_10-45-08_4056x3040.jpg,2026-09-23,4056x3040,n,0.9017,template,0,-788.0,32.0,35,33,2,5,36,1,0,0,79.66
2026-09-23_10-45-00,2026-09-23_10-45-08_4056x3040.jpg,2026-09-23,4056x3040,s,0.9017,template,0,-788.0,32.0,36,33,3,4,36,0,0,0,220.58
2026-09-23_10-45-00,2026-09-23_10-45-08_4056x3040.jpg,2026-09-23,4056x3040,m,0.9017,template,0,-788.0,32.0,38,35,3,2,42,4,0,1,563.88
2026-09-23_11-00-00,2026-09-23_11-00-00_640x480.jpg,2026-09-23,640x480,n,0.9032,template,0,-784.0,32.0,36,31,5,4,36,0,0,0,74.5
2026-09-23_11-00-00,2026-09-23_11-00-00_640x480.jpg,2026-09-23,640x480,s,0.9032,template,0,-784.0,32.0,37,33,4,3,38,1,0,0,219.43
2026-09-23_11-00-00,2026-09-23_11-00-00_640x480.jpg,2026-09-23,640x480,m,0.9032,template,0,-784.0,32.0,39,34,5,1,41,2,0,1,642.8
2026-09-23_11-00-00,2026-09-23_11-00-02_1332x990.jpg,2026-09-23,1332x990,n,0.9032,template,0,-784.0,32.0,33,30,3,7,33,0,0,0,80.73
2026-09-23_11-00-00,2026-09-23_11-00-02_1332x990.jpg,2026-09-23,1332x990,s,0.9032,template,0,-784.0,32.0,40,34,6,0,41,1,0,1,217.46
2026-09-23_11-00-00,2026-09-23_11-00-02_1332x990.jpg,2026-09-23,1332x990,m,0.9032,template,0,-784.0,32.0,39,34,5,1,41,2,0,1,609.31
2026-09-23_11-00-00,2026-09-23_11-00-05_2028x1520.jpg,2026-09-23,2028x1520,n,0.9032,template,0,-784.0,32.0,34,32,2,6,34,0,0,0,75.45
2026-09-23_11-00-00,2026-09-23_11-00-05_2028x1520.jpg,2026-09-23,2028x1520,s,0.9032,template,0,-784.0,32.0,38,33,5,2,39,1,0,0,221.68
2026-09-23_11-00-00,2026-09-23_11-00-05_2028x1520.jpg,2026-09-23,2028x1520,m,0.9032,template,0,-784.0,32.0,37,33,4,3,40,3,0,0,625.13
2026-09-23_11-00-00,2026-09-23_11-00-07_4056x3040.jpg,2026-09-23,4056x3040,n,0.9032,template,0,-784.0,32.0,33,31,2,7,33,0,0,0,75.03
2026-09-23_11-00-00,2026-09-23_11-00-07_4056x3040.jpg,2026-09-23,4056x3040,s,0.9032,template,0,-784.0,32.0,37,34,3,3,38,1,0,1,213.21
2026-09-23_11-00-00,2026-09-23_11-00-07_4056x3040.jpg,2026-09-23,4056x3040,m,0.9032,template,0,-784.0,32.0,37,34,3,3,39,2,0,1,565.21
2026-09-23_11-15-00,2026-09-23_11-15-00_640x480.jpg,2026-09-23,640x480,n,0.9099,template,0,-788.0,32.0,36,31,5,4,38,2,0,0,80.58
2026-09-23_11-15-00,2026-09-23_11-15-00_640x480.jpg,2026-09-23,640x480,s,0.9099,template,0,-788.0,32.0,36,33,3,4,36,0,0,0,218.36
2026-09-23_11-15-00,2026-09-23_11-15-00_640x480.jpg,2026-09-23,640x480,m,0.9099,template,0,-788.0,32.0,38,35,3,2,40,2,0,1,565.97
2026-09-23_11-15-00,2026-09-23_11-15-03_1332x990.jpg,2026-09-23,1332x990,n,0.9099,template,0,-788.0,32.0,36,32,4,4,36,0,0,0,74.21
2026-09-23_11-15-00,2026-09-23_11-15-03_1332x990.jpg,2026-09-23,1332x990,s,0.9099,template,0,-788.0,32.0,36,33,3,4,36,0,0,0,233.33
2026-09-23_11-15-00,2026-09-23_11-15-03_1332x990.jpg,2026-09-23,1332x990,m,0.9099,template,0,-788.0,32.0,39,36,3,1,40,1,0,1,562.06
2026-09-23_11-15-00,2026-09-23_11-15-05_2028x1520.jpg,2026-09-23,2028x1520,n,0.9099,template,0,-788.0,32.0,34,32,2,6,35,1,0,0,74.97
2026-09-23_11-15-00,2026-09-23_11-15-05_2028x1520.jpg,2026-09-23,2028x1520,s,0.9099,template,0,-788.0,32.0,39,35,4,1,39,0,0,1,214.64
2026-09-23_11-15-00,2026-09-23_11-15-05_2028x1520.jpg,2026-09-23,2028x1520,m,0.9099,template,0,-788.0,32.0,36,34,2,4,39,3,0,1,609.93
2026-09-23_11-15-00,2026-09-23_11-15-08_4056x3040.jpg,2026-09-23,4056x3040,n,0.9099,template,0,-788.0,32.0,34,30,4,6,36,2,0,0,76.09
2026-09-23_11-15-00,2026-09-23_11-15-08_4056x3040.jpg,2026-09-23,4056x3040,s,0.9099,template,0,-788.0,32.0,38,34,4,2,39,1,0,1,215.72
2026-09-23_11-15-00,2026-09-23_11-15-08_4056x3040.jpg,2026-09-23,4056x3040,m,0.9099,template,0,-788.0,32.0,39,36,3,1,43,4,0,1,577.95
2026-09-23_11-30-00,2026-09-23_11-30-00_640x480.jpg,2026-09-23,640x480,n,0.8981,template,0,-788.0,32.0,35,30,5,5,35,0,0,0,75.98
2026-09-23_11-30-00,2026-09-23_11-30-00_640x480.jpg,2026-09-23,640x480,s,0.8981,template,0,-788.0,32.0,36,33,3,4,36,0,0,0,219.99
2026-09-23_11-30-00,2026-09-23_11-30-00_640x480.jpg,2026-09-23,640x480,m,0.8981,template,0,-788.0,32.0,37,33,4,3,40,3,0,0,584.19
2026-09-23_11-30-00,2026-09-23_11-30-03_1332x990.jpg,2026-09-23,1332x990,n,0.8981,template,0,-788.0,32.0,35,32,3,5,36,1,0,0,76.83
2026-09-23_11-30-00,2026-09-23_11-30-03_1332x990.jpg,2026-09-23,1332x990,s,0.8981,template,0,-788.0,32.0,38,33,5,2,38,0,0,0,217.05
2026-09-23_11-30-00,2026-09-23_11-30-03_1332x990.jpg,2026-09-23,1332x990,m,0.8981,template,0,-788.0,32.0,39,35,4,1,41,2,0,1,579.36
2026-09-23_11-30-00,2026-09-23_11-30-06_2028x1520.jpg,2026-09-23,2028x1520,n,0.8981,template,0,-788.0,32.0,34,31,3,6,34,0,0,0,74.59
2026-09-23_11-30-00,2026-09-23_11-30-06_2028x1520.jpg,2026-09-23,2028x1520,s,0.8981,template,0,-788.0,32.0,36,34,2,4,36,0,0,1,218.89
2026-09-23_11-30-00,2026-09-23_11-30-06_2028x1520.jpg,2026-09-23,2028x1520,m,0.8981,template,0,-788.0,32.0,37,35,2,3,38,1,0,1,662.95
2026-09-23_11-30-00,2026-09-23_11-30-08_4056x3040.jpg,2026-09-23,4056x3040,n,0.8981,template,0,-788.0,32.0,35,31,4,5,36,1,0,0,84.1
2026-09-23_11-30-00,2026-09-23_11-30-08_4056x3040.jpg,2026-09-23,4056x3040,s,0.8981,template,0,-788.0,32.0,37,33,4,3,37,0,0,0,220.83
2026-09-23_11-30-00,2026-09-23_11-30-08_4056x3040.jpg,2026-09-23,4056x3040,m,0.8981,template,0,-788.0,32.0,38,36,2,2,39,1,0,1,676.52
2026-09-23_11-45-00,2026-09-23_11-45-00_640x480.jpg,2026-09-23,640x480,n,0.9046,template,0,-788.0,32.0,34,30,4,6,34,0,0,0,87.55
2026-09-23_11-45-00,2026-09-23_11-45-00_640x480.jpg,2026-09-23,640x480,s,0.9046,template,0,-788.0,32.0,38,33,5,2,39,1,0,0,291.94
2026-09-23_11-45-00,2026-09-23_11-45-00_640x480.jpg,2026-09-23,640x480,m,0.9046,template,0,-788.0,32.0,37,35,2,3,41,4,0,1,687.48
2026-09-23_11-45-00,2026-09-23_11-45-02_1332x990.jpg,2026-09-23,1332x990,n,0.9046,template,0,-788.0,32.0,35,32,3,5,35,0,0,0,97.32
2026-09-23_11-45-00,2026-09-23_11-45-02_1332x990.jpg,2026-09-23,1332x990,s,0.9046,template,0,-788.0,32.0,38,33,5,2,38,0,0,0,220.86
2026-09-23_11-45-00,2026-09-23_11-45-02_1332x990.jpg,2026-09-23,1332x990,m,0.9046,template,0,-788.0,32.0,36,35,1,4,38,2,0,1,594.63
2026-09-23_11-45-00,2026-09-23_11-45-05_2028x1520.jpg,2026-09-23,2028x1520,n,0.9046,template,0,-788.0,32.0,33,30,3,7,33,0,0,0,75.43
2026-09-23_11-45-00,2026-09-23_11-45-05_2028x1520.jpg,2026-09-23,2028x1520,s,0.9046,template,0,-788.0,32.0,37,33,4,3,37,0,0,0,217.74
2026-09-23_11-45-00,2026-09-23_11-45-05_2028x1520.jpg,2026-09-23,2028x1520,m,0.9046,template,0,-788.0,32.0,38,35,3,2,40,2,0,1,601.49
2026-09-23_11-45-00,2026-09-23_11-45-08_4056x3040.jpg,2026-09-23,4056x3040,n,0.9046,template,0,-788.0,32.0,32,30,2,8,34,2,0,0,110.86
2026-09-23_11-45-00,2026-09-23_11-45-08_4056x3040.jpg,2026-09-23,4056x3040,s,0.9046,template,0,-788.0,32.0,37,34,3,3,37,0,0,1,275.76
2026-09-23_11-45-00,2026-09-23_11-45-08_4056x3040.jpg,2026-09-23,4056x3040,m,0.9046,template,0,-788.0,32.0,38,35,3,2,41,3,0,1,631.01
2026-09-23_12-00-00,2026-09-23_12-00-00_640x480.jpg,2026-09-23,640x480,n,0.8987,template,0,-788.0,32.0,34,30,4,6,35,1,0,0,99.29
2026-09-23_12-00-00,2026-09-23_12-00-00_640x480.jpg,2026-09-23,640x480,s,0.8987,template,0,-788.0,32.0,37,33,4,3,37,0,0,0,257.68
2026-09-23_12-00-00,2026-09-23_12-00-00_640x480.jpg,2026-09-23,640x480,m,0.8987,template,0,-788.0,32.0,37,34,3,3,40,3,0,1,676.01
2026-09-23_12-00-00,2026-09-23_12-00-03_1332x990.jpg,2026-09-23,1332x990,n,0.8987,template,0,-788.0,32.0,32,30,2,8,32,0,0,0,97.3
2026-09-23_12-00-00,2026-09-23_12-00-03_1332x990.jpg,2026-09-23,1332x990,s,0.8987,template,0,-788.0,32.0,37,33,4,3,38,1,0,0,256.76
2026-09-23_12-00-00,2026-09-23_12-00-03_1332x990.jpg,2026-09-23,1332x990,m,0.8987,template,0,-788.0,32.0,38,35,3,2,42,4,0,1,699.86
2026-09-23_12-00-00,2026-09-23_12-00-05_2028x1520.jpg,2026-09-23,2028x1520,n,0.8987,template,0,-788.0,32.0,35,31,4,5,35,0,0,0,108.28
2026-09-23_12-00-00,2026-09-23_12-00-05_2028x1520.jpg,2026-09-23,2028x1520,s,0.8987,template,0,-788.0,32.0,39,33,6,1,39,0,0,0,287.33
2026-09-23_12-00-00,2026-09-23_12-00-05_2028x1520.jpg,2026-09-23,2028x1520,m,0.8987,template,0,-788.0,32.0,40,37,3,0,42,2,0,1,698.24
2026-09-23_12-00-00,2026-09-23_12-00-08_4056x3040.jpg,2026-09-23,4056x3040,n,0.8987,template,0,-788.0,32.0,33,31,2,7,35,2,0,0,105.65
2026-09-23_12-00-00,2026-09-23_12-00-08_4056x3040.jpg,2026-09-23,4056x3040,s,0.8987,template,0,-788.0,32.0,35,33,2,5,36,1,0,0,275.12
2026-09-23_12-00-00,2026-09-23_12-00-08_4056x3040.jpg,2026-09-23,4056x3040,m,0.8987,template,0,-788.0,32.0,39,36,3,1,41,2,0,1,686.23
2026-09-23_12-15-00,2026-09-23_12-15-00_640x480.jpg,2026-09-23,640x480,n,0.8783,template,0,-788.0,32.0,34,31,3,6,34,0,0,0,120.04
2026-09-23_12-15-00,2026-09-23_12-15-00_640x480.jpg,2026-09-23,640x480,s,0.8783,template,0,-788.0,32.0,35,32,3,5,35,0,0,0,277.04
2026-09-23_12-15-00,2026-09-23_12-15-00_640x480.jpg,2026-09-23,640x480,m,0.8783,template,0,-788.0,32.0,38,35,3,2,41,3,0,1,666.12
2026-09-23_12-15-00,2026-09-23_12-15-02_1332x990.jpg,2026-09-23,1332x990,n,0.8783,template,0,-788.0,32.0,33,31,2,7,33,0,0,0,100.96
2026-09-23_12-15-00,2026-09-23_12-15-02_1332x990.jpg,2026-09-23,1332x990,s,0.8783,template,0,-788.0,32.0,38,34,4,2,39,1,0,1,300.62
2026-09-23_12-15-00,2026-09-23_12-15-02_1332x990.jpg,2026-09-23,1332x990,m,0.8783,template,0,-788.0,32.0,37,36,1,3,38,1,0,1,659.69
2026-09-23_12-15-00,2026-09-23_12-15-05_2028x1520.jpg,2026-09-23,2028x1520,n,0.8783,template,0,-788.0,32.0,33,30,3,7,33,0,0,0,88.44
2026-09-23_12-15-00,2026-09-23_12-15-05_2028x1520.jpg,2026-09-23,2028x1520,s,0.8783,template,0,-788.0,32.0,38,33,5,2,38,0,0,0,271.32
2026-09-23_12-15-00,2026-09-23_12-15-05_2028x1520.jpg,2026-09-23,2028x1520,m,0.8783,template,0,-788.0,32.0,37,35,2,3,40,3,0,1,645.5
2026-09-23_12-15-00,2026-09-23_12-15-07_4056x3040.jpg,2026-09-23,4056x3040,n,0.8783,template,0,-788.0,32.0,34,31,3,6,36,2,0,0,103.81
2026-09-23_12-15-00,2026-09-23_12-15-07_4056x3040.jpg,2026-09-23,4056x3040,s,0.8783,template,0,-788.0,32.0,37,33,4,3,38,1,0,0,311.42
2026-09-23_12-15-00,2026-09-23_12-15-07_4056x3040.jpg,2026-09-23,4056x3040,m,0.8783,template,0,-788.0,32.0,38,36,2,2,41,3,0,1,620.69
2026-09-23_12-45-00,2026-09-23_12-45-00_640x480.jpg,2026-09-23,640x480,n,0.8286,template,0,-784.0,32.0,34,31,3,6,34,0,0,0,103.66
2026-09-23_12-45-00,2026-09-23_12-45-00_640x480.jpg,2026-09-23,640x480,s,0.8286,template,0,-784.0,32.0,36,32,4,4,37,1,0,0,272.46
2026-09-23_12-45-00,2026-09-23_12-45-00_640x480.jpg,2026-09-23,640x480,m,0.8286,template,0,-784.0,32.0,37,34,3,3,40,3,0,1,649.17
2026-09-23_12-45-00,2026-09-23_12-45-02_1332x990.jpg,2026-09-23,1332x990,n,0.8286,template,0,-784.0,32.0,34,31,3,6,34,0,0,0,100.62
2026-09-23_12-45-00,2026-09-23_12-45-02_1332x990.jpg,2026-09-23,1332x990,s,0.8286,template,0,-784.0,32.0,35,33,2,5,36,1,0,0,288.52
2026-09-23_12-45-00,2026-09-23_12-45-02_1332x990.jpg,2026-09-23,1332x990,m,0.8286,template,0,-784.0,32.0,38,36,2,2,38,0,0,1,742.29
2026-09-23_12-45-00,2026-09-23_12-45-05_2028x1520.jpg,2026-09-23,2028x1520,n,0.8286,template,0,-784.0,32.0,34,31,3,6,34,0,0,0,118.2
2026-09-23_12-45-00,2026-09-23_12-45-05_2028x1520.jpg,2026-09-23,2028x1520,s,0.8286,template,0,-784.0,32.0,37,33,4,3,38,1,0,0,280.23
2026-09-23_12-45-00,2026-09-23_12-45-05_2028x1520.jpg,2026-09-23,2028x1520,m,0.8286,template,0,-784.0,32.0,38,35,3,2,39,1,0,1,702.43
2026-09-23_12-45-00,2026-09-23_12-45-07_4056x3040.jpg,2026-09-23,4056x3040,n,0.8286,template,0,-784.0,32.0,33,31,2,7,33,0,0,0,95.96
2026-09-23_12-45-00,2026-09-23_12-45-07_4056x3040.jpg,2026-09-23,4056x3040,s,0.8286,template,0,-784.0,32.0,35,33,2,5,36,1,0,0,290.01
2026-09-23_12-45-00,2026-09-23_12-45-07_4056x3040.jpg,2026-09-23,4056x3040,m,0.8286,template,0,-784.0,32.0,38,35,3,2,40,2,0,1,727.22
2026-09-23_13-00-00,2026-09-23_13-00-00_640x480.jpg,2026-09-23,640x480,n,0.8554,template,0,-788.0,32.0,34,30,4,6,35,1,0,0,112.15
2026-09-23_13-00-00,2026-09-23_13-00-00_640x480.jpg,2026-09-23,640x480,s,0.8554,template,0,-788.0,32.0,38,34,4,2,39,1,0,1,290.02
2026-09-23_13-00-00,2026-09-23_13-00-00_640x480.jpg,2026-09-23,640x480,m,0.8554,template,0,-788.0,32.0,37,34,3,3,40,3,0,1,622.19
2026-09-23_13-00-00,2026-09-23_13-00-03_1332x990.jpg,2026-09-23,1332x990,n,0.8554,template,0,-788.0,32.0,35,31,4,5,35,0,0,0,92.68
2026-09-23_13-00-00,2026-09-23_13-00-03_1332x990.jpg,2026-09-23,1332x990,s,0.8554,template,0,-788.0,32.0,36,33,3,4,37,0,1,0,271.9
2026-09-23_13-00-00,2026-09-23_13-00-03_1332x990.jpg,2026-09-23,1332x990,m,0.8554,template,0,-788.0,32.0,38,36,2,2,39,1,0,1,668.43
2026-09-23_13-00-00,2026-09-23_13-00-05_2028x1520.jpg,2026-09-23,2028x1520,n,0.8554,template,0,-788.0,32.0,34,31,3,6,35,1,0,0,111.12
2026-09-23_13-00-00,2026-09-23_13-00-05_2028x1520.jpg,2026-09-23,2028x1520,s,0.8554,template,0,-788.0,32.0,37,34,3,3,37,0,0,1,311.41
2026-09-23_13-00-00,2026-09-23_13-00-05_2028x1520.jpg,2026-09-23,2028x1520,m,0.8554,template,0,-788.0,32.0,38,35,3,2,39,1,0,1,666.18
2026-09-23_13-00-00,2026-09-23_13-00-08_4056x3040.jpg,2026-09-23,4056x3040,n,0.8554,template,0,-788.0,32.0,34,31,3,6,34,0,0,0,100.72
2026-09-23_13-00-00,2026-09-23_13-00-08_4056x3040.jpg,2026-09-23,4056x3040,s,0.8554,template,0,-788.0,32.0,37,34,3,3,38,1,0,1,304.24
2026-09-23_13-00-00,2026-09-23_13-00-08_4056x3040.jpg,2026-09-23,4056x3040,m,0.8554,template,0,-788.0,32.0,38,35,3,2,39,1,0,1,693.28
2026-09-23_13-15-00,2026-09-23_13-15-00_640x480.jpg,2026-09-23,640x480,n,0.8304,template,0,-788.0,28.0,35,31,4,5,35,0,0,0,107.13
2026-09-23_13-15-00,2026-09-23_13-15-00_640x480.jpg,2026-09-23,640x480,s,0.8304,template,0,-788.0,28.0,35,32,3,5,35,0,0,0,270.45
2026-09-23_13-15-00,2026-09-23_13-15-00_640x480.jpg,2026-09-23,640x480,m,0.8304,template,0,-788.0,28.0,36,35,1,4,38,2,0,1,710.1
2026-09-23_13-15-00,2026-09-23_13-15-03_1332x990.jpg,2026-09-23,1332x990,n,0.8304,template,0,-788.0,28.0,33,32,1,7,33,0,0,0,96.86
2026-09-23_13-15-00,2026-09-23_13-15-03_1332x990.jpg,2026-09-23,1332x990,s,0.8304,template,0,-788.0,28.0,36,34,2,4,36,0,0,1,274.27
2026-09-23_13-15-00,2026-09-23_13-15-03_1332x990.jpg,2026-09-23,1332x990,m,0.8304,template,0,-788.0,28.0,37,34,3,3,37,0,0,1,637.09
2026-09-23_13-15-00,2026-09-23_13-15-06_2028x1520.jpg,2026-09-23,2028x1520,n,0.8304,template,0,-788.0,28.0,33,31,2,7,34,1,0,0,102.42
2026-09-23_13-15-00,2026-09-23_13-15-06_2028x1520.jpg,2026-09-23,2028x1520,s,0.8304,template,0,-788.0,28.0,37,34,3,3,38,1,0,1,283.58
2026-09-23_13-15-00,2026-09-23_13-15-06_2028x1520.jpg,2026-09-23,2028x1520,m,0.8304,template,0,-788.0,28.0,36,35,1,4,37,1,0,1,622.51
2026-09-23_13-15-00,2026-09-23_13-15-08_4056x3040.jpg,2026-09-23,4056x3040,n,0.8304,template,0,-788.0,28.0,34,31,3,6,34,0,0,0,110.49
2026-09-23_13-15-00,2026-09-23_13-15-08_4056x3040.jpg,2026-09-23,4056x3040,s,0.8304,template,0,-788.0,28.0,37,33,4,3,37,0,0,0,285.38
2026-09-23_13-15-00,2026-09-23_13-15-08_4056x3040.jpg,2026-09-23,4056x3040,m,0.8304,template,0,-788.0,28.0,37,36,1,3,37,0,0,1,669.6
2026-09-23_13-30-00,2026-09-23_13-30-00_640x480.jpg,2026-09-23,640x480,n,0.8229,template,0,-788.0,32.0,33,30,3,7,34,1,0,0,99.74
2026-09-23_13-30-00,2026-09-23_13-30-00_640x480.jpg,2026-09-23,640x480,s,0.8229,template,0,-788.0,32.0,37,33,4,3,38,1,0,0,267.14
2026-09-23_13-30-00,2026-09-23_13-30-00_640x480.jpg,2026-09-23,640x480,m,0.8229,template,0,-788.0,32.0,38,35,3,2,40,2,0,1,656.93
2026-09-23_13-30-00,2026-09-23_13-30-02_1332x990.jpg,2026-09-23,1332x990,n,0.8229,template,0,-788.0,32.0,34,31,3,6,34,0,0,0,101.56
2026-09-23_13-30-00,2026-09-23_13-30-02_1332x990.jpg,2026-09-23,1332x990,s,0.8229,template,0,-788.0,32.0,36,33,3,4,37,1,0,0,279.9
2026-09-23_13-30-00,2026-09-23_13-30-02_1332x990.jpg,2026-09-23,1332x990,m,0.8229,template,0,-788.0,32.0,37,34,3,3,37,0,0,1,682.14
2026-09-23_13-30-00,2026-09-23_13-30-05_2028x1520.jpg,2026-09-23,2028x1520,n,0.8229,template,0,-788.0,32.0,35,31,4,5,35,0,0,0,106.28
2026-09-23_13-30-00,2026-09-23_13-30-05_2028x1520.jpg,2026-09-23,2028x1520,s,0.8229,template,0,-788.0,32.0,39,34,5,1,40,1,0,1,275.88
2026-09-23_13-30-00,2026-09-23_13-30-05_2028x1520.jpg,2026-09-23,2028x1520,m,0.8229,template,0,-788.0,32.0,37,33,4,3,41,4,0,0,675.83
2026-09-23_13-30-00,2026-09-23_13-30-08_4056x3040.jpg,2026-09-23,4056x3040,n,0.8229,template,0,-788.0,32.0,33,31,2,7,33,0,0,0,115.31
2026-09-23_13-30-00,2026-09-23_13-30-08_4056x3040.jpg,2026-09-23,4056x3040,s,0.8229,template,0,-788.0,32.0,37,33,4,3,38,1,0,0,299.32
2026-09-23_13-30-00,2026-09-23_13-30-08_4056x3040.jpg,2026-09-23,4056x3040,m,0.8229,template,0,-788.0,32.0,36,34,2,4,38,2,0,1,660.65
2026-09-23_13-45-00,2026-09-23_13-45-00_640x480.jpg,2026-09-23,640x480,n,0.7637,template,0,-788.0,28.0,33,30,3,7,34,1,0,0,100.55
2026-09-23_13-45-00,2026-09-23_13-45-00_640x480.jpg,2026-09-23,640x480,s,0.7637,template,0,-788.0,28.0,38,33,5,2,39,1,0,0,273.63
2026-09-23_13-45-00,2026-09-23_13-45-00_640x480.jpg,2026-09-23,640x480,m,0.7637,template,0,-788.0,28.0,37,34,3,3,40,3,0,1,678.42
2026-09-23_13-45-00,2026-09-23_13-45-03_1332x990.jpg,2026-09-23,1332x990,n,0.7637,template,0,-788.0,28.0,33,31,2,7,34,1,0,0,97.92
2026-09-23_13-45-00,2026-09-23_13-45-03_1332x990.jpg,2026-09-23,1332x990,s,0.7637,template,0,-788.0,28.0,36,33,3,4,36,0,0,0,279.38
2026-09-23_13-45-00,2026-09-23_13-45-03_1332x990.jpg,2026-09-23,1332x990,m,0.7637,template,0,-788.0,28.0,38,35,3,2,41,3,0,1,665.56
2026-09-23_13-45-00,2026-09-23_13-45-05_2028x1520.jpg,2026-09-23,2028x1520,n,0.7637,template,0,-788.0,28.0,35,32,3,5,36,1,0,0,104.26
2026-09-23_13-45-00,2026-09-23_13-45-05_2028x1520.jpg,2026-09-23,2028x1520,s,0.7637,template,0,-788.0,28.0,37,33,4,3,38,1,0,0,287.87
2026-09-23_13-45-00,2026-09-23_13-45-05_2028x1520.jpg,2026-09-23,2028x1520,m,0.7637,template,0,-788.0,28.0,37,36,1,3,38,1,0,1,679.57
2026-09-23_13-45-00,2026-09-23_13-45-08_4056x3040.jpg,2026-09-23,4056x3040,n,0.7637,template,0,-788.0,28.0,35,33,2,5,35,0,0,0,96.27
2026-09-23_13-45-00,2026-09-23_13-45-08_4056x3040.jpg,2026-09-23,4056x3040,s,0.7637,template,0,-788.0,28.0,36,33,3,4,36,0,0,0,288.65
2026-09-23_13-45-00,2026-09-23_13-45-08_4056x3040.jpg,2026-09-23,4056x3040,m,0.7637,template,0,-788.0,28.0,37,36,1,3,39,2,0,1,684.08
2026-09-23_14-00-00,2026-09-23_14-00-00_640x480.jpg,2026-09-23,640x480,n,0.7496,features,66,-787.33,30.22,33,30,3,7,34,1,0,0,135.73
2026-09-23_14-00-00,2026-09-23_14-00-00_640x480.jpg,2026-09-23,640x480,s,0.7496,features,66,-787.33,30.22,37,32,5,3,37,0,0,0,331.94
2026-09-23_14-00-00,2026-09-23_14-00-00_640x480.jpg,2026-09-23,640x480,m,0.7496,features,66,-787.33,30.22,38,33,5,2,39,1,0,0,752.68
2026-09-23_14-00-00,2026-09-23_14-00-02_1332x990.jpg,2026-09-23,1332x990,n,0.7496,features,66,-787.33,30.22,31,30,1,9,31,0,0,0,137.3
2026-09-23_14-00-00,2026-09-23_14-00-02_1332x990.jpg,2026-09-23,1332x990,s,0.7496,features,66,-787.33,30.22,36,33,3,4,37,0,1,0,347.38
2026-09-23_14-00-00,2026-09-23_14-00-02_1332x990.jpg,2026-09-23,1332x990,m,0.7496,features,66,-787.33,30.22,38,35,3,2,39,1,0,1,731.19
2026-09-23_14-00-00,2026-09-23_14-00-05_2028x1520.jpg,2026-09-23,2028x1520,n,0.7496,features,66,-787.33,30.22,32,31,1,8,33,1,0,0,115.7
2026-09-23_14-00-00,2026-09-23_14-00-05_2028x1520.jpg,2026-09-23,2028x1520,s,0.7496,features,66,-787.33,30.22,35,34,1,5,35,0,0,1,327.49
2026-09-23_14-00-00,2026-09-23_14-00-05_2028x1520.jpg,2026-09-23,2028x1520,m,0.7496,features,66,-787.33,30.22,37,35,2,3,37,0,0,1,750.91
2026-09-23_14-00-00,2026-09-23_14-00-07_4056x3040.jpg,2026-09-23,4056x3040,n,0.7496,features,66,-787.33,30.22,36,33,3,4,37,1,0,0,128.71
2026-09-23_14-00-00,2026-09-23_14-00-07_4056x3040.jpg,2026-09-23,4056x3040,s,0.7496,features,66,-787.33,30.22,35,34,1,5,35,0,0,1,310.19
2026-09-23_14-00-00,2026-09-23_14-00-07_4056x3040.jpg,2026-09-23,4056x3040,m,0.7496,features,66,-787.33,30.22,38,36,2,2,39,1,0,1,720.96
2026-09-23_14-15-00,2026-09-23_14-15-00_640x480.jpg,2026-09-23,640x480,n,0.7588,template,0,-788.0,28.0,33,30,3,7,34,1,0,0,108.79
2026-09-23_14-15-00,2026-09-23_14-15-00_640x480.jpg,2026-09-23,640x480,s,0.7588,template,0,-788.0,28.0,37,32,5,3,37,0,0,0,300.33
2026-09-23_14-15-00,2026-09-23_14-15-00_640x480.jpg,2026-09-23,640x480,m,0.7588,template,0,-788.0,28.0,37,35,2,3,38,1,0,1,687.88
2026-09-23_14-15-00,2026-09-23_14-15-03_1332x990.jpg,2026-09-23,1332x990,n,0.7588,template,0,-788.0,28.0,34,31,3,6,34,0,0,0,103.6
2026-09-23_14-15-00,2026-09-23_14-15-03_1332x990.jpg,2026-09-23,1332x990,s,0.7588,template,0,-788.0,28.0,36,33,3,4,37,1,0,0,294.57
2026-09-23_14-15-00,2026-09-23_14-15-03_1332x990.jpg,2026-09-23,1332x990,m,0.7588,template,0,-788.0,28.0,38,36,2,2,40,2,0,1,690.31
2026-09-23_14-15-00,2026-09-23_14-15-05_2028x1520.jpg,2026-09-23,2028x1520,n,0.7588,template,0,-788.0,28.0,33,31,2,7,34,1,0,0,110.42
2026-09-23_14-15-00,2026-09-23_14-15-05_2028x1520.jpg,2026-09-23,2028x1520,s,0.7588,template,0,-788.0,28.0,37,34,3,3,37,0,0,1,287.61
2026-09-23_14-15-00,2026-09-23_14-15-05_2028x1520.jpg,2026-09-23,2028x1520,m,0.7588,template,0,-788.0,28.0,37,36,1,3,38,1,0,1,682.0
2026-09-23_14-15-00,2026-09-23_14-15-08_4056x3040.jpg,2026-09-23,4056x3040,n,0.7588,template,0,-788.0,28.0,34,31,3,6,36,2,0,0,102.36
2026-09-23_14-15-00,2026-09-23_14-15-08_4056x3040.jpg,2026-09-23,4056x3040,s,0.7588,template,0,-788.0,28.0,35,33,2,5,35,0,0,0,280.74
2026-09-23_14-15-00,2026-09-23_14-15-08_4056x3040.jpg,2026-09-23,4056x3040,m,0.7588,template,0,-788.0,28.0,36,35,1,4,38,2,0,1,704.05
2026-09-23_14-30-00,2026-09-23_14-30-00_640x480.jpg,2026-09-23,640x480,n,0.7925,template,0,-788.0,28.0,33,31,2,7,34,1,0,0,111.73
2026-09-23_14-30-00,2026-09-23_14-30-00_640x480.jpg,2026-09-23,640x480,s,0.7925,template,0,-788.0,28.0,38,33,5,2,39,1,0,0,299.99
2026-09-23_14-30-00,2026-09-23_14-30-00_640x480.jpg,2026-09-23,640x480,m,0.7925,template,0,-788.0,28.0,37,34,3,3,38,1,0,1,699.39
2026-09-23_14-30-00,2026-09-23_14-30-03_1332x990.jpg,2026-09-23,1332x990,n,0.7925,template,0,-788.0,28.0,34,31,3,6,34,0,0,0,109.84
2026-09-23_14-30-00,2026-09-23_14-30-03_1332x990.jpg,2026-09-23,1332x990,s,0.7925,template,0,-788.0,28.0,38,33,5,2,39,1,0,0,311.77
2026-09-23_14-30-00,2026-09-23_14-30-03_1332x990.jpg,2026-09-23,1332x990,m,0.7925,template,0,-788.0,28.0,38,36,2,2,39,1,0,1,715.53
2026-09-23_14-30-00,2026-09-23_14-30-06_2028x1520.jpg,2026-09-23,2028x1520,n,0.7925,template,0,-788.0,28.0,34,31,3,6,34,0,0,0,108.22
2026-09-23_14-30-00,2026-09-23_14-30-06_2028x1520.jpg,2026-09-23,2028x1520,s,0.7925,template,0,-788.0,28.0,36,33,3,4,36,0,0,0,292.43
2026-09-23_14-30-00,2026-09-23_14-30-06_2028x1520.jpg,2026-09-23,2028x1520,m,0.7925,template,0,-788.0,28.0,36,35,1,4,36,0,0,1,724.43
2026-09-23_14-30-00,2026-09-23_14-30-08_4056x3040.jpg,2026-09-23,4056x3040,n,0.7925,template,0,-788.0,28.0,33,31,2,7,34,1,0,0,111.51
2026-09-23_14-30-00,2026-09-23_14-30-08_4056x3040.jpg,2026-09-23,4056x3040,s,0.7925,template,0,-788.0,28.0,37,34,3,3,38,1,0,1,303.71
2026-09-23_14-30-00,2026-09-23_14-30-08_4056x3040.jpg,2026-09-23,4056x3040,m,0.7925,template,0,-788.0,28.0,37,36,1,3,37,0,0,1,685.13
2026-09-23_14-45-00,2026-09-23_14-45-00_640x480.jpg,2026-09-23,640x480,n,0.8593,template,0,-788.0,28.0,33,30,3,7,34,1,0,0,106.26
2026-09-23_14-45-00,2026-09-23_14-45-00_640x480.jpg,2026-09-23,640x480,s,0.8593,template,0,-788.0,28.0,36,32,4,4,36,0,0,0,315.48
2026-09-23_14-45-00,2026-09-23_14-45-00_640x480.jpg,2026-09-23,640x480,m,0.8593,template,0,-788.0,28.0,37,36,1,3,40,3,0,1,730.37
2026-09-23_14-45-00,2026-09-23_14-45-02_1332x990.jpg,2026-09-23,1332x990,n,0.8593,template,0,-788.0,28.0,35,31,4,5,36,1,0,0,110.91
2026-09-23_14-45-00,2026-09-23_14-45-02_1332x990.jpg,2026-09-23,1332x990,s,0.8593,template,0,-788.0,28.0,37,34,3,3,38,1,0,1,284.75
2026-09-23_14-45-00,2026-09-23_14-45-02_1332x990.jpg,2026-09-23,1332x990,m,0.8593,template,0,-788.0,28.0,36,34,2,4,38,2,0,1,719.91
2026-09-23_14-45-00,2026-09-23_14-45-05_2028x1520.jpg,2026-09-23,2028x1520,n,0.8593,template,0,-788.0,28.0,34,32,2,6,34,0,0,0,103.57
2026-09-23_14-45-00,2026-09-23_14-45-05_2028x1520.jpg,2026-09-23,2028x1520,s,0.8593,template,0,-788.0,28.0,37,33,4,3,38,1,0,0,288.59
2026-09-23_14-45-00,2026-09-23_14-45-05_2028x1520.jpg,2026-09-23,2028x1520,m,0.8593,template,0,-788.0,28.0,35,34,1,5,37,2,0,1,707.85
2026-09-23_14-45-00,2026-09-23_14-45-08_4056x3040.jpg,2026-09-23,4056x3040,n,0.8593,template,0,-788.0,28.0,34,30,4,6,36,2,0,0,94.76
2026-09-23_14-45-00,2026-09-23_14-45-08_4056x3040.jpg,2026-09-23,4056x3040,s,0.8593,template,0,-788.0,28.0,36,32,4,4,36,0,0,0,280.29
2026-09-23_14-45-00,2026-09-23_14-45-08_4056x3040.jpg,2026-09-23,4056x3040,m,0.8593,template,0,-788.0,28.0,37,34,3,3,39,2,0,1,642.85
2026-09-23_15-00-00,2026-09-23_15-00-00_640x480.jpg,2026-09-23,640x480,n,0.8629,template,0,-788.0,28.0,32,31,1,8,32,0,0,0,99.04
2026-09-23_15-00-00,2026-09-23_15-00-00_640x480.jpg,2026-09-23,640x480,s,0.8629,template,0,-788.0,28.0,36,32,4,4,36,0,0,0,269.36
2026-09-23_15-00-00,2026-09-23_15-00-00_640x480.jpg,2026-09-23,640x480,m,0.8629,template,0,-788.0,28.0,38,33,5,2,41,3,0,0,628.86
2026-09-23_15-00-00,2026-09-23_15-00-03_1332x990.jpg,2026-09-23,1332x990,n,0.8629,template,0,-788.0,28.0,35,31,4,5,35,0,0,0,99.43
2026-09-23_15-00-00,2026-09-23_15-00-03_1332x990.jpg,2026-09-23,1332x990,s,0.8629,template,0,-788.0,28.0,38,32,6,2,40,2,0,0,269.98
2026-09-23_15-00-00,2026-09-23_15-00-03_1332x990.jpg,2026-09-23,1332x990,m,0.8629,template,0,-788.0,28.0,37,35,2,3,38,1,0,1,629.41
2026-09-23_15-00-00,2026-09-23_15-00-05_2028x1520.jpg,2026-09-23,2028x1520,n,0.8629,template,0,-788.0,28.0,35,32,3,5,35,0,0,0,100.26
2026-09-23_15-00-00,2026-09-23_15-00-05_2028x1520.jpg,2026-09-23,2028x1520,s,0.8629,template,0,-788.0,28.0,37,34,3,3,38,1,0,1,268.81
2026-09-23_15-00-00,2026-09-23_15-00-05_2028x1520.jpg,2026-09-23,2028x1520,m,0.8629,template,0,-788.0,28.0,37,35,2,3,37,0,0,1,690.05
2026-09-23_15-00-00,2026-09-23_15-00-08_4056x3040.jpg,2026-09-23,4056x3040,n,0.8629,template,0,-788.0,28.0,34,32,2,6,35,1,0,0,105.15
2026-09-23_15-00-00,2026-09-23_15-00-08_4056x3040.jpg,2026-09-23,4056x3040,s,0.8629,template,0,-788.0,28.0,37,32,5,3,37,0,0,0,270.95
2026-09-23_15-00-00,2026-09-23_15-00-08_4056x3040.jpg,2026-09-23,4056x3040,m,0.8629,template,0,-788.0,28.0,37,36,1,3,38,1,0,1,676.62
2026-09-23_15-15-00,2026-09-23_15-15-00_640x480.jpg,2026-09-23,640x480,n,0.8913,template,0,-788.0,28.0,33,30,3,7,33,0,0,0,88.89
2026-09-23_15-15-00,2026-09-23_15-15-00_640x480.jpg,2026-09-23,640x480,s,0.8913,template,0,-788.0,28.0,38,32,6,2,40,2,0,0,267.56
2026-09-23_15-15-00,2026-09-23_15-15-00_640x480.jpg,2026-09-23,640x480,m,0.8913,template,0,-788.0,28.0,38,34,4,2,39,1,0,1,668.03
2026-09-23_15-15-00,2026-09-23_15-15-02_1332x990.jpg,2026-09-23,1332x990,n,0.8913,template,0,-788.0,28.0,33,31,2,7,33,0,0,0,101.61
2026-09-23_15-15-00,2026-09-23_15-15-02_1332x990.jpg,2026-09-23,1332x990,s,0.8913,template,0,-788.0,28.0,39,33,6,1,40,1,0,0,273.3
2026-09-23_15-15-00,2026-09-23_15-15-02_1332x990.jpg,2026-09-23,1332x990,m,0.8913,template,0,-788.0,28.0,38,36,2,2,39,1,0,1,590.38
2026-09-23_15-15-00,2026-09-23_15-15-05_2028x1520.jpg,2026-09-23,2028x1520,n,0.8913,template,0,-788.0,28.0,34,31,3,6,35,1,0,0,96.22
2026-09-23_15-15-00,2026-09-23_15-15-05_2028x1520.jpg,2026-09-23,2028x1520,s,0.8913,template,0,-788.0,28.0,36,33,3,4,36,0,0,0,234.95
2026-09-23_15-15-00,2026-09-23_15-15-05_2028x1520.jpg,2026-09-23,2028x1520,m,0.8913,template,0,-788.0,28.0,38,35,3,2,40,2,0,1,645.21
2026-09-23_15-15-00,2026-09-23_15-15-07_4056x3040.jpg,2026-09-23,4056x3040,n,0.8913,template,0,-788.0,28.0,35,30,5,5,36,1,0,0,82.56
2026-09-23_15-15-00,2026-09-23_15-15-07_4056x3040.jpg,2026-09-23,4056x3040,s,0.8913,template,0,-788.0,28.0,38,34,4,2,39,1,0,1,261.94
2026-09-23_15-15-00,2026-09-23_15-15-07_4056x3040.jpg,2026-09-23,4056x3040,m,0.8913,template,0,-788.0,28.0,36,34,2,4,36,0,0,1,629.38
2026-09-23_15-30-00,2026-09-23_15-30-00_640x480.jpg,2026-09-23,640x480,n,0.8512,template,0,-788.0,28.0,33,31,2,7,33,0,0,0,83.71
2026-09-23_15-30-00,2026-09-23_15-30-00_640x480.jpg,2026-09-23,640x480,s,0.8512,template,0,-788.0,28.0,37,32,5,3,39,2,0,0,238.92
2026-09-23_15-30-00,2026-09-23_15-30-00_640x480.jpg,2026-09-23,640x480,m,0.8512,template,0,-788.0,28.0,37,33,4,3,39,2,0,0,660.98
2026-09-23_15-30-00,2026-09-23_15-30-03_1332x990.jpg,2026-09-23,1332x990,n,0.8512,template,0,-788.0,28.0,35,31,4,5,35,0,0,0,80.67
2026-09-23_15-30-00,2026-09-23_15-30-03_1332x990.jpg,2026-09-23,1332x990,s,0.8512,template,0,-788.0,28.0,38,32,6,2,39,1,0,0,254.95
2026-09-23_15-30-00,2026-09-23_15-30-03_1332x990.jpg,2026-09-23,1332x990,m,0.8512,template,0,-788.0,28.0,37,34,3,3,40,3,0,1,620.99
2026-09-23_15-30-00,2026-09-23_15-30-05_2028x1520.jpg,2026-09-23,2028x1520,n,0.8512,template,0,-788.0,28.0,33,32,1,7,33,0,0,0,92.63
2026-09-23_15-30-00,2026-09-23_15-30-05_2028x1520.jpg,2026-09-23,2028x1520,s,0.8512,template,0,-788.0,28.0,37,33,4,3,37,0,0,0,238.65
2026-09-23_15-30-00,2026-09-23_15-30-05_2028x1520.jpg,2026-09-23,2028x1520,m,0.8512,template,0,-788.0,28.0,37,34,3,3,37,0,0,1,585.94
2026-09-23_15-30-00,2026-09-23_15-30-08_4056x3040.jpg,2026-09-23,4056x3040,n,0.8512,template,0,-788.0,28.0,34,30,4,6,35,1,0,0,113.18
2026-09-23_15-30-00,2026-09-23_15-30-08_4056x3040.jpg,2026-09-23,4056x3040,s,0.8512,template,0,-788.0,28.0,38,33,5,2,39,1,0,0,255.05
2026-09-23_15-30-00,2026-09-23_15-30-08_4056x3040.jpg,2026-09-23,4056x3040,m,0.8512,template,0,-788.0,28.0,36,34,2,4,38,2,0,1,621.89
2026-09-23_15-45-00,2026-09-23_15-45-00_640x480.jpg,2026-09-23,640x480,n,0.837,template,0,-788.0,28.0,32,30,2,8,32,0,0,0,97.1
2026-09-23_15-45-00,2026-09-23_15-45-00_640x480.jpg,2026-09-23,640x480,s,0.837,template,0,-788.0,28.0,37,32,5,3,37,0,0,0,275.31
2026-09-23_15-45-00,2026-09-23_15-45-00_640x480.jpg,2026-09-23,640x480,m,0.837,template,0,-788.0,28.0,40,33,7,0,42,2,0,0,653.87
2026-09-23_15-45-00,2026-09-23_15-45-02_1332x990.jpg,2026-09-23,1332x990,n,0.837,template,0,-788.0,28.0,35,31,4,5,35,0,0,0,102.93
2026-09-23_15-45-00,2026-09-23_15-45-02_1332x990.jpg,2026-09-23,1332x990,s,0.837,template,0,-788.0,28.0,39,34,5,1,39,0,0,1,257.46
2026-09-23_15-45-00,2026-09-23_15-45-02_1332x990.jpg,2026-09-23,1332x990,m,0.837,template,0,-788.0,28.0,39,34,5,1,40,1,0,1,601.44
2026-09-23_15-45-00,2026-09-23_15-45-05_2028x1520.jpg,2026-09-23,2028x1520,n,0.837,template,0,-788.0,28.0,34,30,4,6,34,0,0,0,101.87
2026-09-23_15-45-00,2026-09-23_15-45-05_2028x1520.jpg,2026-09-23,2028x1520,s,0.837,template,0,-788.0,28.0,39,33,6,1,39,0,0,0,256.02
2026-09-23_15-45-00,2026-09-23_15-45-05_2028x1520.jpg,2026-09-23,2028x1520,m,0.837,template,0,-788.0,28.0,40,34,6,0,42,2,0,1,647.53
2026-09-23_15-45-00,2026-09-23_15-45-07_4056x3040.jpg,2026-09-23,4056x3040,n,0.837,template,0,-788.0,28.0,32,30,2,8,33,1,0,0,90.59
2026-09-23_15-45-00,2026-09-23_15-45-07_4056x3040.jpg,2026-09-23,4056x3040,s,0.837,template,0,-788.0,28.0,38,34,4,2,39,1,0,1,264.49
2026-09-23_15-45-00,2026-09-23_15-45-07_4056x3040.jpg,2026-09-23,4056x3040,m,0.837,template,0,-788.0,28.0,39,34,5,1,41,2,0,1,637.91
2026-09-23_16-15-00,2026-09-23_16-15-00_640x480.jpg,2026-09-23,640x480,n,0.9252,template,0,-788.0,28.0,33,31,2,7,33,0,0,0,99.59
2026-09-23_16-15-00,2026-09-23_16-15-00_640x480.jpg,2026-09-23,640x480,s,0.9252,template,0,-788.0,28.0,39,32,7,1,40,1,0,0,229.43
2026-09-23_16-15-00,2026-09-23_16-15-00_640x480.jpg,2026-09-23,640x480,m,0.9252,template,0,-788.0,28.0,36,34,2,4,36,0,0,1,650.57
2026-09-23_16-15-00,2026-09-23_16-15-03_1332x990.jpg,2026-09-23,1332x990,n,0.9252,template,0,-788.0,28.0,35,31,4,5,36,1,0,0,81.95
2026-09-23_16-15-00,2026-09-23_16-15-03_1332x990.jpg,2026-09-23,1332x990,s,0.9252,template,0,-788.0,28.0,38,33,5,2,38,0,0,0,240.97
2026-09-23_16-15-00,2026-09-23_16-15-03_1332x990.jpg,2026-09-23,1332x990,m,0.9252,template,0,-788.0,28.0,37,34,3,3,38,1,0,1,585.1
2026-09-23_16-15-00,2026-09-23_16-15-06_2028x1520.jpg,2026-09-23,2028x1520,n,0.9252,template,0,-788.0,28.0,35,32,3,5,35,0,0,0,96.0
2026-09-23_16-15-00,2026-09-23_16-15-06_2028x1520.jpg,2026-09-23,2028x1520,s,0.9252,template,0,-788.0,28.0,38,33,5,2,38,0,0,0,235.77
2026-09-23_16-15-00,2026-09-23_16-15-06_2028x1520.jpg,2026-09-23,2028x1520,m,0.9252,template,0,-788.0,28.0,37,34,3,3,41,4,0,1,664.49
2026-09-23_16-15-00,2026-09-23_16-15-08_4056x3040.jpg,2026-09-23,4056x3040,n,0.9252,template,0,-788.0,28.0,33,30,3,7,34,1,0,0,94.38
2026-09-23_16-15-00,2026-09-23_16-15-08_4056x3040.jpg,2026-09-23,4056x3040,s,0.9252,template,0,-788.0,28.0,39,32,7,1,39,0,0,0,267.07
2026-09-23_16-15-00,2026-09-23_16-15-08_4056x3040.jpg,2026-09-23,4056x3040,m,0.9252,template,0,-788.0,28.0,35,32,3,5,36,1,0,0,643.63
2026-09-23_16-30-00,2026-09-23_16-30-00_640x480.jpg,2026-09-23,640x480,n,0.8932,template,0,-788.0,28.0,33,30,3,7,33,0,0,0,91.02
2026-09-23_16-30-00,2026-09-23_16-30-00_640x480.jpg,2026-09-23,640x480,s,0.8932,template,0,-788.0,28.0,38,32,6,2,39,1,0,0,265.93
2026-09-23_16-30-00,2026-09-23_16-30-00_640x480.jpg,2026-09-23,640x480,m,0.8932,template,0,-788.0,28.0,38,34,4,2,39,1,0,1,616.0
2026-09-23_16-30-00,2026-09-23_16-30-03_1332x990.jpg,2026-09-23,1332x990,n,0.8932,template,0,-788.0,28.0,35,31,4,5,35,0,0,0,80.81
2026-09-23_16-30-00,2026-09-23_16-30-03_1332x990.jpg,2026-09-23,1332x990,s,0.8932,template,0,-788.0,28.0,35,32,3,5,35,0,0,0,257.96
2026-09-23_16-30-00,2026-09-23_16-30-03_1332x990.jpg,2026-09-23,1332x990,m,0.8932,template,0,-788.0,28.0,38,33,5,2,40,2,0,0,622.38
2026-09-23_16-30-00,2026-09-23_16-30-05_2028x1520.jpg,2026-09-23,2028x1520,n,0.8932,template,0,-788.0,28.0,33,30,3,7,33,0,0,0,89.46
2026-09-23_16-30-00,2026-09-23_16-30-05_2028x1520.jpg,2026-09-23,2028x1520,s,0.8932,template,0,-788.0,28.0,37,33,4,3,38,1,0,0,254.45
2026-09-23_16-30-00,2026-09-23_16-30-05_2028x1520.jpg,2026-09-23,2028x1520,m,0.8932,template,0,-788.0,28.0,38,33,5,2,40,2,0,0,626.6
2026-09-23_16-30-00,2026-09-23_16-30-08_4056x3040.jpg,2026-09-23,4056x3040,n,0.8932,template,0,-788.0,28.0,34,32,2,6,34,0,0,0,85.43
2026-09-23_16-30-00,2026-09-23_16-30-08_4056x3040.jpg,2026-09-23,4056x3040,s,0.8932,template,0,-788.0,28.0,38,34,4,2,38,0,0,1,249.4
2026-09-23_16-30-00,2026-09-23_16-30-08_4056x3040.jpg,2026-09-23,4056x3040,m,0.8932,template,0,-788.0,28.0,38,33,5,2,41,3,0,0,633.6
2026-09-23_16-45-00,2026-09-23_16-45-00_640x480.jpg,2026-09-23,640x480,n,0.8683,template,0,-788.0,28.0,34,31,3,6,34,0,0,0,97.66
2026-09-23_16-45-00,2026-09-23_16-45-00_640x480.jpg,2026-09-23,640x480,s,0.8683,template,0,-788.0,28.0,38,32,6,2,39,1,0,0,247.95
2026-09-23_16-45-00,2026-09-23_16-45-00_640x480.jpg,2026-09-23,640x480,m,0.8683,template,0,-788.0,28.0,38,34,4,2,40,2,0,1,619.31
2026-09-23_16-45-00,2026-09-23_16-45-03_1332x990.jpg,2026-09-23,1332x990,n,0.8683,template,0,-788.0,28.0,35,32,3,5,35,0,0,0,97.26
2026-09-23_16-45-00,2026-09-23_16-45-03_1332x990.jpg,2026-09-23,1332x990,s,0.8683,template,0,-788.0,28.0,38,32,6,2,38,0,0,0,229.3
2026-09-23_16-45-00,2026-09-23_16-45-03_1332x990.jpg,2026-09-23,1332x990,m,0.8683,template,0,-788.0,28.0,37,32,5,3,39,2,0,0,600.81
2026-09-23_16-45-00,2026-09-23_16-45-06_2028x1520.jpg,2026-09-23,2028x1520,n,0.8683,template,0,-788.0,28.0,34,31,3,6,34,0,0,0,90.46
2026-09-23_16-45-00,2026-09-23_16-45-06_2028x1520.jpg,2026-09-23,2028x1520,s,0.8683,template,0,-788.0,28.0,38,33,5,2,39,1,0,0,237.39
2026-09-23_16-45-00,2026-09-23_16-45-06_2028x1520.jpg,2026-09-23,2028x1520,m,0.8683,template,0,-788.0,28.0,37,33,4,3,39,2,0,0,596.91
2026-09-23_16-45-00,2026-09-23_16-45-08_4056x3040.jpg,2026-09-23,4056x3040,n,0.8683,template,0,-788.0,28.0,33,31,2,7,33,0,0,0,88.24
2026-09-23_16-45-00,2026-09-23_16-45-08_4056x3040.jpg,2026-09-23,4056x3040,s,0.8683,template,0,-788.0,28.0,37,33,4,3,38,1,0,0,233.04
2026-09-23_16-45-00,2026-09-23_16-45-08_4056x3040.jpg,2026-09-23,4056x3040,m,0.8683,template,0,-788.0,28.0,35,33,2,5,37,2,0,0,597.04
2026-09-23_17-00-00,2026-09-23_17-00-00_640x480.jpg,2026-09-23,640x480,n,0.8832,template,0,-788.0,28.0,34,31,3,6,34,0,0,0,89.88
2026-09-23_17-00-00,2026-09-23_17-00-00_640x480.jpg,2026-09-23,640x480,s,0.8832,template,0,-788.0,28.0,36,32,4,4,36,0,0,0,232.43
2026-09-23_17-00-00,2026-09-23_17-00-00_640x480.jpg,2026-09-23,640x480,m,0.8832,template,0,-788.0,28.0,37,35,2,3,39,2,0,1,591.32
2026-09-23_17-00-00,2026-09-23_17-00-02_1332x990.jpg,2026-09-23,1332x990,n,0.8832,template,0,-788.0,28.0,33,31,2,7,33,0,0,0,117.78
2026-09-23_17-00-00,2026-09-23_17-00-02_1332x990.jpg,2026-09-23,1332x990,s,0.8832,template,0,-788.0,28.0,37,32,5,3,38,1,0,0,248.17
2026-09-23_17-00-00,2026-09-23_17-00-02_1332x990.jpg,2026-09-23,1332x990,m,0.8832,template,0,-788.0,28.0,38,33,5,2,41,3,0,0,635.16
2026-09-23_17-00-00,2026-09-23_17-00-05_2028x1520.jpg,2026-09-23,2028x1520,n,0.8832,template,0,-788.0,28.0,35,32,3,5,35,0,0,0,100.93
2026-09-23_17-00-00,2026-09-23_17-00-05_2028x1520.jpg,2026-09-23,2028x1520,s,0.8832,template,0,-788.0,28.0,39,34,5,1,40,0,1,1,246.86
2026-09-23_17-00-00,2026-09-23_17-00-05_2028x1520.jpg,2026-09-23,2028x1520,m,0.8832,template,0,-788.0,28.0,37,34,3,3,39,2,0,1,649.59
2026-09-23_17-00-00,2026-09-23_17-00-08_4056x3040.jpg,2026-09-23,4056x3040,n,0.8832,template,0,-788.0,28.0,32,30,2,8,32,0,0,0,91.53
2026-09-23_17-00-00,2026-09-23_17-00-08_4056x3040.jpg,2026-09-23,4056x3040,s,0.8832,template,0,-788.0,28.0,36,32,4,4,36,0,0,0,248.14
2026-09-23_17-00-00,2026-09-23_17-00-08_4056x3040.jpg,2026-09-23,4056x3040,m,0.8832,template,0,-788.0,28.0,37,35,2,3,39,2,0,1,627.2
2026-09-23_17-15-00,2026-09-23_17-15-00_640x480.jpg,2026-09-23,640x480,n,0.8678,template,0,-788.0,28.0,34,31,3,6,34,0,0,0,89.32
2026-09-23_17-15-00,2026-09-23_17-15-00_640x480.jpg,2026-09-23,640x480,s,0.8678,template,0,-788.0,28.0,36,31,5,4,36,0,0,0,256.39
2026-09-23_17-15-00,2026-09-23_17-15-00_640x480.jpg,2026-09-23,640x480,m,0.8678,template,0,-788.0,28.0,37,32,5,3,38,1,0,0,616.54
2026-09-23_17-15-00,2026-09-23_17-15-03_1332x990.jpg,2026-09-23,1332x990,n,0.8678,template,0,-788.0,28.0,33,31,2,7,33,0,0,0,97.48
2026-09-23_17-15-00,2026-09-23_17-15-03_1332x990.jpg,2026-09-23,1332x990,s,0.8678,template,0,-788.0,28.0,39,32,7,1,40,1,0,0,234.87
2026-09-23_17-15-00,2026-09-23_17-15-03_1332x990.jpg,2026-09-23,1332x990,m,0.8678,template,0,-788.0,28.0,39,33,6,1,42,3,0,0,604.06
2026-09-23_17-15-00,2026-09-23_17-15-05_2028x1520.jpg,2026-09-23,2028x1520,n,0.8678,template,0,-788.0,28.0,34,32,2,6,34,0,0,0,83.7
2026-09-23_17-15-00,2026-09-23_17-15-05_2028x1520.jpg,2026-09-23,2028x1520,s,0.8678,template,0,-788.0,28.0,38,33,5,2,38,0,0,0,234.39
2026-09-23_17-15-00,2026-09-23_17-15-05_2028x1520.jpg,2026-09-23,2028x1520,m,0.8678,template,0,-788.0,28.0,37,33,4,3,39,2,0,0,622.59
2026-09-23_17-15-00,2026-09-23_17-15-08_4056x3040.jpg,2026-09-23,4056x3040,n,0.8678,template,0,-788.0,28.0,34,31,3,6,34,0,0,0,90.7
2026-09-23_17-15-00,2026-09-23_17-15-08_4056x3040.jpg,2026-09-23,4056x3040,s,0.8678,template,0,-788.0,28.0,37,32,5,3,37,0,0,0,238.42
2026-09-23_17-15-00,2026-09-23_17-15-08_4056x3040.jpg,2026-09-23,4056x3040,m,0.8678,template,0,-788.0,28.0,37,33,4,3,40,3,0,0,601.06
2026-09-23_17-30-00,2026-09-23_17-30-00_640x480.jpg,2026-09-23,640x480,n,0.9068,template,0,-788.0,28.0,33,31,2,7,33,0,0,0,94.03
2026-09-23_17-30-00,2026-09-23_17-30-00_640x480.jpg,2026-09-23,640x480,s,0.9068,template,0,-788.0,28.0,37,32,5,3,38,1,0,0,254.62
2026-09-23_17-30-00,2026-09-23_17-30-00_640x480.jpg,2026-09-23,640x480,m,0.9068,template,0,-788.0,28.0,37,34,3,3,40,3,0,1,651.79
2026-09-23_17-30-00,2026-09-23_17-30-02_1332x990.jpg,2026-09-23,1332x990,n,0.9068,template,0,-788.0,28.0,32,30,2,8,32,0,0,0,89.83
2026-09-23_17-30-00,2026-09-23_17-30-02_1332x990.jpg,2026-09-23,1332x990,s,0.9068,template,0,-788.0,28.0,37,32,5,3,37,0,0,0,253.81
2026-09-23_17-30-00,2026-09-23_17-30-02_1332x990.jpg,2026-09-23,1332x990,m,0.9068,template,0,-788.0,28.0,36,33,3,4,36,0,0,0,649.09
2026-09-23_17-30-00,2026-09-23_17-30-05_2028x1520.jpg,2026-09-23,2028x1520,n,0.9068,template,0,-788.0,28.0,33,30,3,7,33,0,0,0,77.76
2026-09-23_17-30-00,2026-09-23_17-30-05_2028x1520.jpg,2026-09-23,2028x1520,s,0.9068,template,0,-788.0,28.0,37,32,5,3,37,0,0,0,258.85
2026-09-23_17-30-00,2026-09-23_17-30-05_2028x1520.jpg,2026-09-23,2028x1520,m,0.9068,template,0,-788.0,28.0,37,33,4,3,38,1,0,0,642.65
2026-09-23_17-30-00,2026-09-23_17-30-08_4056x3040.jpg,2026-09-23,4056x3040,n,0.9068,template,0,-788.0,28.0,34,30,4,6,35,1,0,0,106.75
2026-09-23_17-30-00,2026-09-23_17-30-08_4056x3040.jpg,2026-09-23,4056x3040,s,0.9068,template,0,-788.0,28.0,36,32,4,4,36,0,0,0,266.45
2026-09-23_17-30-00,2026-09-23_17-30-08_4056x3040.jpg,2026-09-23,4056x3040,m,0.9068,template,0,-788.0,28.0,36,33,3,4,39,3,0,0,668.28
2026-09-23_17-45-00,2026-09-23_17-45-00_640x480.jpg,2026-09-23,640x480,n,0.8999,template,0,-788.0,28.0,33,30,3,7,34,1,0,0,84.98
2026-09-23_17-45-00,2026-09-23_17-45-00_640x480.jpg,2026-09-23,640x480,s,0.8999,template,0,-788.0,28.0,37,31,6,3,39,2,0,0,275.27
2026-09-23_17-45-00,2026-09-23_17-45-00_640x480.jpg,2026-09-23,640x480,m,0.8999,template,0,-788.0,28.0,36,32,4,4,36,0,0,0,656.55
2026-09-23_17-45-00,2026-09-23_17-45-03_1332x990.jpg,2026-09-23,1332x990,n,0.8999,template,0,-788.0,28.0,34,31,3,6,35,1,0,0,116.72
2026-09-23_17-45-00,2026-09-23_17-45-03_1332x990.jpg,2026-09-23,1332x990,s,0.8999,template,0,-788.0,28.0,37,32,5,3,37,0,0,0,252.06
2026-09-23_17-45-00,2026-09-23_17-45-03_1332x990.jpg,2026-09-23,1332x990,m,0.8999,template,0,-788.0,28.0,38,33,5,2,38,0,0,0,680.81
2026-09-23_17-45-00,2026-09-23_17-45-05_2028x1520.jpg,2026-09-23,2028x1520,n,0.8999,template,0,-788.0,28.0,32,30,2,8,33,1,0,0,104.2
2026-09-23_17-45-00,2026-09-23_17-45-05_2028x1520.jpg,2026-09-23,2028x1520,s,0.8999,template,0,-788.0,28.0,37,34,3,3,37,0,0,1,274.01
2026-09-23_17-45-00,2026-09-23_17-45-05_2028x1520.jpg,2026-09-23,2028x1520,m,0.8999,template,0,-788.0,28.0,37,34,3,3,38,1,0,1,652.26
2026-09-23_17-45-00,2026-09-23_17-45-08_4056x3040.jpg,2026-09-23,4056x3040,n,0.8999,template,0,-788.0,28.0,34,32,2,6,35,1,0,0,85.47
2026-09-23_17-45-00,2026-09-23_17-45-08_4056x3040.jpg,2026-09-23,4056x3040,s,0.8999,template,0,-788.0,28.0,37,33,4,3,37,0,0,0,255.97
2026-09-23_17-45-00,2026-09-23_17-45-08_4056x3040.jpg,2026-09-23,4056x3040,m,0.8999,template,0,-788.0,28.0,39,33,6,1,40,1,0,0,659.16
2026-09-23_18-00-00,2026-09-23_18-00-00_640x480.jpg,2026-09-23,640x480,n,0.9101,template,0,-788.0,28.0,34,31,3,6,35,1,0,0,105.81
2026-09-23_18-00-00,2026-09-23_18-00-00_640x480.jpg,2026-09-23,640x480,s,0.9101,template,0,-788.0,28.0,37,33,4,3,38,1,0,0,265.28
2026-09-23_18-00-00,2026-09-23_18-00-00_640x480.jpg,2026-09-23,640x480,m,0.9101,template,0,-788.0,28.0,40,33,7,0,42,2,0,0,684.88
2026-09-23_18-00-00,2026-09-23_18-00-02_1332x990.jpg,2026-09-23,1332x990,n,0.9101,template,0,-788.0,28.0,33,31,2,7,33,0,0,0,86.7
2026-09-23_18-00-00,2026-09-23_18-00-02_1332x990.jpg,2026-09-23,1332x990,s,0.9101,template,0,-788.0,28.0,39,33,6,1,40,1,0,0,275.21
2026-09-23_18-00-00,2026-09-23_18-00-02_1332x990.jpg,2026-09-23,1332x990,m,0.9101,template,0,-788.0,28.0,39,33,6,1,41,2,0,0,706.81
2026-09-23_18-00-00,2026-09-23_18-00-05_2028x1520.jpg,2026-09-23,2028x1520,n,0.9101,template,0,-788.0,28.0,32,30,2,8,32,0,0,0,102.06
2026-09-23_18-00-00,2026-09-23_18-00-05_2028x1520.jpg,2026-09-23,2028x1520,s,0.9101,template,0,-788.0,28.0,37,32,5,3,38,1,0,0,277.39
2026-09-23_18-00-00,2026-09-23_18-00-05_2028x1520.jpg,2026-09-23,2028x1520,m,0.9101,template,0,-788.0,28.0,38,33,5,2,41,3,0,0,710.9
2026-09-23_18-00-00,2026-09-23_18-00-08_4056x3040.jpg,2026-09-23,4056x3040,n,0.9101,template,0,-788.0,28.0,34,32,2,6,35,1,0,0,95.35
2026-09-23_18-00-00,2026-09-23_18-00-08_4056x3040.jpg,2026-09-23,4056x3040,s,0.9101,template,0,-788.0,28.0,38,33,5,2,39,1,0,0,285.81
2026-09-23_18-00-00,2026-09-23_18-00-08_4056x3040.jpg,2026-09-23,4056x3040,m,0.9101,template,0,-788.0,28.0,38,33,5,2,40,2,0,0,676.06
2026-09-23_18-15-00,2026-09-23_18-15-00_640x480.jpg,2026-09-23,640x480,n,0.9106,template,0,-788.0,28.0,35,31,4,5,36,1,0,0,95.42
2026-09-23_18-15-00,2026-09-23_18-15-00_640x480.jpg,2026-09-23,640x480,s,0.9106,template,0,-788.0,28.0,38,32,6,2,38,0,0,0,297.58
2026-09-23_18-15-00,2026-09-23_18-15-00_640x480.jpg,2026-09-23,640x480,m,0.9106,template,0,-788.0,28.0,39,35,4,1,42,3,0,1,704.53
2026-09-23_18-15-00,2026-09-23_18-15-03_1332x990.jpg,2026-09-23,1332x990,n,0.9106,template,0,-788.0,28.0,33,30,3,7,33,0,0,0,92.33
2026-09-23_18-15-00,2026-09-23_18-15-03_1332x990.jpg,2026-09-23,1332x990,s,0.9106,template,0,-788.0,28.0,38,34,4,2,39,1,0,1,267.09
2026-09-23_18-15-00,2026-09-23_18-15-03_1332x990.jpg,2026-09-23,1332x990,m,0.9106,template,0,-788.0,28.0,38,34,4,2,39,1,0,1,623.85
2026-09-23_18-15-00,2026-09-23_18-15-05_2028x1520.jpg,2026-09-23,2028x1520,n,0.9106,template,0,-788.0,28.0,34,31,3,6,34,0,0,0,100.8
2026-09-23_18-15-00,2026-09-23_18-15-05_2028x1520.jpg,2026-09-23,2028x1520,s,0.9106,template,0,-788.0,28.0,38,33,5,2,38,0,0,0,275.02
2026-09-23_18-15-00,2026-09-23_18-15-05_2028x1520.jpg,2026-09-23,2028x1520,m,0.9106,template,0,-788.0,28.0,38,34,4,2,39,1,0,1,641.31
2026-09-23_18-15-00,2026-09-23_18-15-08_4056x3040.jpg,2026-09-23,4056x3040,n,0.9106,template,0,-788.0,28.0,32,30,2,8,32,0,0,0,85.39
2026-09-23_18-15-00,2026-09-23_18-15-08_4056x3040.jpg,2026-09-23,4056x3040,s,0.9106,template,0,-788.0,28.0,39,34,5,1,39,0,0,1,284.12
2026-09-23_18-15-00,2026-09-23_18-15-08_4056x3040.jpg,2026-09-23,4056x3040,m,0.9106,template,0,-788.0,28.0,38,34,4,2,39,1,0,1,683.11
2026-09-23_18-30-00,2026-09-23_18-30-00_640x480.jpg,2026-09-23,640x480,n,0.8905,template,0,-788.0,28.0,33,30,3,7,34,1,0,0,112.03
2026-09-23_18-30-00,2026-09-23_18-30-00_640x480.jpg,2026-09-23,640x480,s,0.8905,template,0,-788.0,28.0,37,33,4,3,38,1,0,0,292.14
2026-09-23_18-30-00,2026-09-23_18-30-00_640x480.jpg,2026-09-23,640x480,m,0.8905,template,0,-788.0,28.0,36,32,4,4,37,1,0,0,672.09
2026-09-23_18-30-00,2026-09-23_18-30-02_1332x990.jpg,2026-09-23,1332x990,n,0.8905,template,0,-788.0,28.0,34,30,4,6,34,0,0,0,107.57
2026-09-23_18-30-00,2026-09-23_18-30-02_1332x990.jpg,2026-09-23,1332x990,s,0.8905,template,0,-788.0,28.0,38,33,5,2,38,0,0,0,285.07
2026-09-23_18-30-00,2026-09-23_18-30-02_1332x990.jpg,2026-09-23,1332x990,m,0.8905,template,0,-788.0,28.0,38,34,4,2,39,1,0,1,697.45
2026-09-23_18-30-00,2026-09-23_18-30-05_2028x1520.jpg,2026-09-23,2028x1520,n,0.8905,template,0,-788.0,28.0,32,30,2,8,32,0,0,0,100.96
2026-09-23_18-30-00,2026-09-23_18-30-05_2028x1520.jpg,2026-09-23,2028x1520,s,0.8905,template,0,-788.0,28.0,39,35,4,1,39,0,0,1,276.01
2026-09-23_18-30-00,2026-09-23_18-30-05_2028x1520.jpg,2026-09-23,2028x1520,m,0.8905,template,0,-788.0,28.0,38,34,4,2,38,0,0,1,702.1
2026-09-23_18-30-00,2026-09-23_18-30-07_4056x3040.jpg,2026-09-23,4056x3040,n,0.8905,template,0,-788.0,28.0,33,30,3,7,34,1,0,0,113.52
2026-09-23_18-30-00,2026-09-23_18-30-07_4056x3040.jpg,2026-09-23,4056x3040,s,0.8905,template,0,-788.0,28.0,37,33,4,3,38,1,0,0,290.51
2026-09-23_18-30-00,2026-09-23_18-30-07_4056x3040.jpg,2026-09-23,4056x3040,m,0.8905,template,0,-788.0,28.0,37,34,3,3,37,0,0,1,674.46
2026-09-23_18-45-00,2026-09-23_18-45-00_640x480.jpg,2026-09-23,640x480,n,0.87,template,0,-792.0,36.0,31,30,1,9,31,0,0,0,92.59
2026-09-23_18-45-00,2026-09-23_18-45-00_640x480.jpg,2026-09-23,640x480,s,0.87,template,0,-792.0,36.0,35,30,5,5,37,2,0,0,269.44
2026-09-23_18-45-00,2026-09-23_18-45-00_640x480.jpg,2026-09-23,640x480,m,0.87,template,0,-792.0,36.0,36,33,3,4,36,0,0,0,676.34
2026-09-23_18-45-00,2026-09-23_18-45-03_1332x990.jpg,2026-09-23,1332x990,n,0.87,template,0,-792.0,36.0,33,30,3,7,33,0,0,0,96.58
2026-09-23_18-45-00,2026-09-23_18-45-03_1332x990.jpg,2026-09-23,1332x990,s,0.87,template,0,-792.0,36.0,36,33,3,4,36,0,0,0,274.54
2026-09-23_18-45-00,2026-09-23_18-45-03_1332x990.jpg,2026-09-23,1332x990,m,0.87,template,0,-792.0,36.0,37,32,5,3,38,1,0,0,678.76
2026-09-23_18-45-00,2026-09-23_18-45-05_2028x1520.jpg,2026-09-23,2028x1520,n,0.87,template,0,-792.0,36.0,31,30,1,9,32,1,0,0,103.27
2026-09-23_18-45-00,2026-09-23_18-45-05_2028x1520.jpg,2026-09-23,2028x1520,s,0.87,template,0,-792.0,36.0,38,33,5,2,38,0,0,0,276.63
2026-09-23_18-45-00,2026-09-23_18-45-05_2028x1520.jpg,2026-09-23,2028x1520,m,0.87,template,0,-792.0,36.0,37,33,4,3,37,0,0,0,678.47
2026-09-23_18-45-00,2026-09-23_18-45-08_4056x3040.jpg,2026-09-23,4056x3040,n,0.87,template,0,-792.0,36.0,31,30,1,9,32,1,0,0,93.49
2026-09-23_18-45-00,2026-09-23_18-45-08_4056x3040.jpg,2026-09-23,4056x3040,s,0.87,template,0,-792.0,36.0,34,31,3,6,35,1,0,0,290.36
2026-09-23_18-45-00,2026-09-23_18-45-08_4056x3040.jpg,2026-09-23,4056x3040,m,0.87,template,0,-792.0,36.0,36,32,4,4,38,2,0,0,676.97
2026-09-24_08-00-00,2026-09-24_08-00-00_640x480.jpg,2026-09-24,640x480,n,0.9395,template,0,-4.0,0.0,34,31,3,6,34,0,0,0,94.58
2026-09-24_08-00-00,2026-09-24_08-00-00_640x480.jpg,2026-09-24,640x480,s,0.9395,template,0,-4.0,0.0,38,34,4,2,40,1,1,1,278.33
2026-09-24_08-00-00,2026-09-24_08-00-00_640x480.jpg,2026-09-24,640x480,m,0.9395,template,0,-4.0,0.0,38,32,6,2,40,2,0,0,685.1
2026-09-24_08-00-00,2026-09-24_08-00-03_1332x990.jpg,2026-09-24,1332x990,n,0.9395,template,0,-4.0,0.0,33,30,3,7,33,0,0,0,100.01
2026-09-24_08-00-00,2026-09-24_08-00-03_1332x990.jpg,2026-09-24,1332x990,s,0.9395,template,0,-4.0,0.0,39,35,4,1,40,1,0,1,273.99
2026-09-24_08-00-00,2026-09-24_08-00-03_1332x990.jpg,2026-09-24,1332x990,m,0.9395,template,0,-4.0,0.0,38,33,5,2,41,3,0,0,685.48
2026-09-24_08-00-00,2026-09-24_08-00-05_2028x1520.jpg,2026-09-24,2028x1520,n,0.9395,template,0,-4.0,0.0,31,30,1,9,31,0,0,0,101.81
2026-09-24_08-00-00,2026-09-24_08-00-05_2028x1520.jpg,2026-09-24,2028x1520,s,0.9395,template,0,-4.0,0.0,38,34,4,2,38,0,0,1,273.9
2026-09-24_08-00-00,2026-09-24_08-00-05_2028x1520.jpg,2026-09-24,2028x1520,m,0.9395,template,0,-4.0,0.0,38,33,5,2,40,2,0,0,698.42
2026-09-24_08-00-00,2026-09-24_08-00-08_4056x3040.jpg,2026-09-24,4056x3040,n,0.9395,template,0,-4.0,0.0,34,32,2,6,35,1,0,0,93.68
2026-09-24_08-00-00,2026-09-24_08-00-08_4056x3040.jpg,2026-09-24,4056x3040,s,0.9395,template,0,-4.0,0.0,37,34,3,3,37,0,0,1,279.74
2026-09-24_08-00-00,2026-09-24_08-00-08_4056x3040.jpg,2026-09-24,4056x3040,m,0.9395,template,0,-4.0,0.0,38,32,6,2,40,2,0,0,683.67
2026-09-24_08-15-00,2026-09-24_08-15-00_640x480.jpg,2026-09-24,640x480,n,0.9723,template,0,0.0,0.0,35,31,4,5,35,0,0,0,93.75
2026-09-24_08-15-00,2026-09-24_08-15-00_640x480.jpg,2026-09-24,640x480,s,0.9723,template,0,0.0,0.0,39,34,5,1,41,2,0,1,267.08
2026-09-24_08-15-00,2026-09-24_08-15-00_640x480.jpg,2026-09-24,640x480,m,0.9723,template,0,0.0,0.0,37,33,4,3,40,3,0,0,711.54
2026-09-24_08-15-00,2026-09-24_08-15-02_1332x990.jpg,2026-09-24,1332x990,n,0.9723,template,0,0.0,0.0,34,32,2,6,34,0,0,0,87.64
2026-09-24_08-15-00,2026-09-24_08-15-02_1332x990.jpg,2026-09-24,1332x990,s,0.9723,template,0,0.0,0.0,39,35,4,1,39,0,0,1,281.92
2026-09-24_08-15-00,2026-09-24_08-15-02_1332x990.jpg,2026-09-24,1332x990,m,0.9723,template,0,0.0,0.0,36,33,3,4,39,3,0,0,707.96
2026-09-24_08-15-00,2026-09-24_08-15-05_2028x1520.jpg,2026-09-24,2028x1520,n,0.9723,template,0,0.0,0.0,34,31,3,6,34,0,0,0,114.39
2026-09-24_08-15-00,2026-09-24_08-15-05_2028x1520.jpg,2026-09-24,2028x1520,s,0.9723,template,0,0.0,0.0,39,35,4,1,39,0,0,1,299.23
2026-09-24_08-15-00,2026-09-24_08-15-05_2028x1520.jpg,2026-09-24,2028x1520,m,0.9723,template,0,0.0,0.0,38,34,4,2,43,5,0,1,704.88
2026-09-24_08-15-00,2026-09-24_08-15-07_4056x3040.jpg,2026-09-24,4056x3040,n,0.9723,template,0,0.0,0.0,35,32,3,5,35,0,0,0,104.65
2026-09-24_08-15-00,2026-09-24_08-15-07_4056x3040.jpg,2026-09-24,4056x3040,s,0.9723,template,0,0.0,0.0,39,35,4,1,39,0,0,1,290.77
2026-09-24_08-15-00,2026-09-24_08-15-07_4056x3040.jpg,2026-09-24,4056x3040,m,0.9723,template,0,0.0,0.0,37,34,3,3,39,2,0,1,694.55
2026-09-24_08-30-00,2026-09-24_08-30-00_640x480.jpg,2026-09-24,640x480,n,0.9714,template,0,0.0,0.0,34,32,2,6,34,0,0,0,101.25
2026-09-24_08-30-00,2026-09-24_08-30-00_640x480.jpg,2026-09-24,640x480,s,0.9714,template,0,0.0,0.0,39,34,5,1,40,1,0,1,292.89
2026-09-24_08-30-00,2026-09-24_08-30-00_640x480.jpg,2026-09-24,640x480,m,0.9714,template,0,0.0,0.0,36,32,4,4,37,1,0,0,690.89
2026-09-24_08-30-00,2026-09-24_08-30-03_1332x990.jpg,2026-09-24,1332x990,n,0.9714,template,0,0.0,0.0,34,32,2,6,34,0,0,0,102.34
2026-09-24_08-30-00,2026-09-24_08-30-03_1332x990.jpg,2026-09-24,1332x990,s,0.9714,template,0,0.0,0.0,39,35,4,1,39,0,0,1,288.44
2026-09-24_08-30-00,2026-09-24_08-30-03_1332x990.jpg,2026-09-24,1332x990,m,0.9714,template,0,0.0,0.0,37,33,4,3,39,2,0,0,704.04
2026-09-24_08-30-00,2026-09-24_08-30-05_2028x1520.jpg,2026-09-24,2028x1520,n,0.9714,template,0,0.0,0.0,34,32,2,6,34,0,0,0,107.41
2026-09-24_08-30-00,2026-09-24_08-30-05_2028x1520.jpg,2026-09-24,2028x1520,s,0.9714,template,0,0.0,0.0,39,35,4,1,39,0,0,1,265.87
2026-09-24_08-30-00,2026-09-24_08-30-05_2028x1520.jpg,2026-09-24,2028x1520,m,0.9714,template,0,0.0,0.0,37,34,3,3,39,2,0,1,703.76
2026-09-24_08-30-00,2026-09-24_08-30-08_4056x3040.jpg,2026-09-24,4056x3040,n,0.9714,template,0,0.0,0.0,35,31,4,5,35,0,0,0,108.91
2026-09-24_08-30-00,2026-09-24_08-30-08_4056x3040.jpg,2026-09-24,4056x3040,s,0.9714,template,0,0.0,0.0,39,35,4,1,39,0,0,1,287.67
2026-09-24_08-30-00,2026-09-24_08-30-08_4056x3040.jpg,2026-09-24,4056x3040,m,0.9714,template,0,0.0,0.0,38,33,5,2,40,2,0,0,671.56
2026-09-24_08-45-00,2026-09-24_08-45-00_640x480.jpg,2026-09-24,640x480,n,0.9735,template,0,0.0,0.0,34,32,2,6,34,0,0,0,91.11
2026-09-24_08-45-00,2026-09-24_08-45-00_640x480.jpg,2026-09-24,640x480,s,0.9735,template,0,0.0,0.0,36,33,3,4,37,1,0,0,299.54
2026-09-24_08-45-00,2026-09-24_08-45-00_640x480.jpg,2026-09-24,640x480,m,0.9735,template,0,0.0,0.0,37,33,4,3,40,3,0,0,695.28
2026-09-24_08-45-00,2026-09-24_08-45-02_1332x990.jpg,2026-09-24,1332x990,n,0.9735,template,0,0.0,0.0,34,32,2,6,34,0,0,0,110.34
2026-09-24_08-45-00,2026-09-24_08-45-02_1332x990.jpg,2026-09-24,1332x990,s,0.9735,template,0,0.0,0.0,39,34,5,1,40,0,1,1,284.43
2026-09-24_08-45-00,2026-09-24_08-45-02_1332x990.jpg,2026-09-24,1332x990,m,0.9735,template,0,0.0,0.0,36,33,3,4,39,3,0,0,655.47
2026-09-24_08-45-00,2026-09-24_08-45-05_2028x1520.jpg,2026-09-24,2028x1520,n,0.9735,template,0,0.0,0.0,35,32,3,5,35,0,0,0,99.43
2026-09-24_08-45-00,2026-09-24_08-45-05_2028x1520.jpg,2026-09-24,2028x1520,s,0.9735,template,0,0.0,0.0,37,35,2,3,37,0,0,1,270.39
2026-09-24_08-45-00,2026-09-24_08-45-05_2028x1520.jpg,2026-09-24,2028x1520,m,0.9735,template,0,0.0,0.0,39,33,6,1,42,3,0,0,681.99
2026-09-24_08-45-00,2026-09-24_08-45-07_4056x3040.jpg,2026-09-24,4056x3040,n,0.9735,template,0,0.0,0.0,35,32,3,5,35,0,0,0,105.31
2026-09-24_08-45-00,2026-09-24_08-45-07_4056x3040.jpg,2026-09-24,4056x3040,s,0.9735,template,0,0.0,0.0,38,35,3,2,38,0,0,1,285.59
2026-09-24_08-45-00,2026-09-24_08-45-07_4056x3040.jpg,2026-09-24,4056x3040,m,0.9735,template,0,0.0,0.0,37,33,4,3,41,4,0,0,678.43
2026-09-24_09-00-00,2026-09-24_09-00-00_640x480.jpg,2026-09-24,640x480,n,0.9722,template,0,0.0,0.0,34,32,2,6,34,0,0,0,95.9
2026-09-24_09-00-00,2026-09-24_09-00-00_640x480.jpg,2026-09-24,640x480,s,0.9722,template,0,0.0,0.0,37,33,4,3,38,1,0,0,289.26
2026-09-24_09-00-00,2026-09-24_09-00-00_640x480.jpg,2026-09-24,640x480,m,0.9722,template,0,0.0,0.0,37,33,4,3,41,4,0,0,699.33
2026-09-24_09-00-00,2026-09-24_09-00-03_1332x990.jpg,2026-09-24,1332x990,n,0.9722,template,0,0.0,0.0,34,32,2,6,34,0,0,0,105.44
2026-09-24_09-00-00,2026-09-24_09-00-03_1332x990.jpg,2026-09-24,1332x990,s,0.9722,template,0,0.0,0.0,38,35,3,2,39,1,0,1,270.23
2026-09-24_09-00-00,2026-09-24_09-00-03_1332x990.jpg,2026-09-24,1332x990,m,0.9722,template,0,0.0,0.0,37,33,4,3,39,2,0,0,646.2
2026-09-24_09-00-00,2026-09-24_09-00-05_2028x1520.jpg,2026-09-24,2028x1520,n,0.9722,template,0,0.0,0.0,34,31,3,6,34,0,0,0,84.2
2026-09-24_09-00-00,2026-09-24_09-00-05_2028x1520.jpg,2026-09-24,2028x1520,s,0.9722,template,0,0.0,0.0,39,35,4,1,39,0,0,1,293.35
2026-09-24_09-00-00,2026-09-24_09-00-05_2028x1520.jpg,2026-09-24,2028x1520,m,0.9722,template,0,0.0,0.0,37,33,4,3,39,2,0,0,696.19
2026-09-24_09-00-00,2026-09-24_09-00-08_4056x3040.jpg,2026-09-24,4056x3040,n,0.9722,template,0,0.0,0.0,34,32,2,6,35,1,0,0,90.16
2026-09-24_09-00-00,2026-09-24_09-00-08_4056x3040.jpg,2026-09-24,4056x3040,s,0.9722,template,0,0.0,0.0,38,35,3,2,38,0,0,1,284.86
2026-09-24_09-00-00,2026-09-24_09-00-08_4056x3040.jpg,2026-09-24,4056x3040,m,0.9722,template,0,0.0,0.0,38,34,4,2,40,2,0,1,668.17
2026-09-24_09-15-00,2026-09-24_09-15-00_640x480.jpg,2026-09-24,640x480,n,0.971,template,0,0.0,0.0,32,31,1,8,32,0,0,0,81.02
2026-09-24_09-15-00,2026-09-24_09-15-00_640x480.jpg,2026-09-24,640x480,s,0.971,template,0,0.0,0.0,39,34,5,1,39,0,0,1,281.0
2026-09-24_09-15-00,2026-09-24_09-15-00_640x480.jpg,2026-09-24,640x480,m,0.971,template,0,0.0,0.0,35,33,2,5,37,2,0,0,707.98
2026-09-24_09-15-00,2026-09-24_09-15-02_1332x990.jpg,2026-09-24,1332x990,n,0.971,template,0,0.0,0.0,34,32,2,6,35,1,0,0,111.39
2026-09-24_09-15-00,2026-09-24_09-15-02_1332x990.jpg,2026-09-24,1332x990,s,0.971,template,0,0.0,0.0,38,35,3,2,38,0,0,1,229.48
2026-09-24_09-15-00,2026-09-24_09-15-02_1332x990.jpg,2026-09-24,1332x990,m,0.971,template,0,0.0,0.0,38,33,5,2,41,3,0,0,676.36
2026-09-24_09-15-00,2026-09-24_09-15-05_2028x1520.jpg,2026-09-24,2028x1520,n,0.971,template,0,0.0,0.0,34,32,2,6,34,0,0,0,80.37
2026-09-24_09-15-00,2026-09-24_09-15-05_2028x1520.jpg,2026-09-24,2028x1520,s,0.971,template,0,0.0,0.0,38,35,3,2,38,0,0,1,269.04
2026-09-24_09-15-00,2026-09-24_09-15-05_2028x1520.jpg,2026-09-24,2028x1520,m,0.971,template,0,0.0,0.0,38,34,4,2,41,3,0,1,690.85
2026-09-24_09-15-00,2026-09-24_09-15-07_4056x3040.jpg,2026-09-24,4056x3040,n,0.971,template,0,0.0,0.0,34,32,2,6,34,0,0,0,89.29
2026-09-24_09-15-00,2026-09-24_09-15-07_4056x3040.jpg,2026-09-24,4056x3040,s,0.971,template,0,0.0,0.0,38,35,3,2,38,0,0,1,263.88
2026-09-24_09-15-00,2026-09-24_09-15-07_4056x3040.jpg,2026-09-24,4056x3040,m,0.971,template,0,0.0,0.0,39,33,6,1,41,2,0,0,661.94
2026-09-24_09-30-00,2026-09-24_09-30-00_640x480.jpg,2026-09-24,640x480,n,0.9738,template,0,0.0,0.0,34,32,2,6,34,0,0,0,105.68
2026-09-24_09-30-00,2026-09-24_09-30-00_640x480.jpg,2026-09-24,640x480,s,0.9738,template,0,0.0,0.0,39,34,5,1,39,0,0,1,282.62
2026-09-24_09-30-00,2026-09-24_09-30-00_640x480.jpg,2026-09-24,640x480,m,0.9738,template,0,0.0,0.0,39,34,5,1,45,6,0,1,681.1
2026-09-24_09-30-00,2026-09-24_09-30-03_1332x990.jpg,2026-09-24,1332x990,n,0.9738,template,0,0.0,0.0,34,32,2,6,34,0,0,0,74.26
2026-09-24_09-30-00,2026-09-24_09-30-03_1332x990.jpg,2026-09-24,1332x990,s,0.9738,template,0,0.0,0.0,38,35,3,2,39,0,1,1,258.16
2026-09-24_09-30-00,2026-09-24_09-30-03_1332x990.jpg,2026-09-24,1332x990,m,0.9738,template,0,0.0,0.0,38,35,3,2,41,3,0,1,668.97
2026-09-24_09-30-00,2026-09-24_09-30-05_2028x1520.jpg,2026-09-24,2028x1520,n,0.9738,template,0,0.0,0.0,34,32,2,6,34,0,0,0,116.41
2026-09-24_09-30-00,2026-09-24_09-30-05_2028x1520.jpg,2026-09-24,2028x1520,s,0.9738,template,0,0.0,0.0,39,35,4,1,39,0,0,1,286.48
2026-09-24_09-30-00,2026-09-24_09-30-05_2028x1520.jpg,2026-09-24,2028x1520,m,0.9738,template,0,0.0,0.0,37,33,4,3,39,2,0,0,696.98
2026-09-24_09-30-00,2026-09-24_09-30-08_4056x3040.jpg,2026-09-24,4056x3040,n,0.9738,template,0,0.0,0.0,34,32,2,6,34,0,0,0,106.6
2026-09-24_09-30-00,2026-09-24_09-30-08_4056x3040.jpg,2026-09-24,4056x3040,s,0.9738,template,0,0.0,0.0,38,35,3,2,38,0,0,1,265.29
2026-09-24_09-30-00,2026-09-24_09-30-08_4056x3040.jpg,2026-09-24,4056x3040,m,0.9738,template,0,0.0,0.0,37,33,4,3,38,1,0,0,727.72
2026-09-24_09-45-00,2026-09-24_09-45-00_640x480.jpg,2026-09-24,640x480,n,0.9771,template,0,0.0,0.0,34,32,2,6,34,0,0,0,83.28
2026-09-24_09-45-00,2026-09-24_09-45-00_640x480.jpg,2026-09-24,640x480,s,0.9771,template,0,0.0,0.0,39,34,5,1,39,0,0,1,286.86
2026-09-24_09-45-00,2026-09-24_09-45-00_640x480.jpg,2026-09-24,640x480,m,0.9771,template,0,0.0,0.0,37,34,3,3,39,2,0,1,677.85
2026-09-24_09-45-00,2026-09-24_09-45-02_1332x990.jpg,2026-09-24,1332x990,n,0.9771,template,0,0.0,0.0,34,32,2,6,34,0,0,0,106.86
2026-09-24_09-45-00,2026-09-24_09-45-02_1332x990.jpg,2026-09-24,1332x990,s,0.9771,template,0,0.0,0.0,38,35,3,2,38,0,0,1,291.32
2026-09-24_09-45-00,2026-09-24_09-45-02_1332x990.jpg,2026-09-24,1332x990,m,0.9771,template,0,0.0,0.0,37,33,4,3,38,1,0,0,691.71
2026-09-24_09-45-00,2026-09-24_09-45-05_2028x1520.jpg,2026-09-24,2028x1520,n,0.9771,template,0,0.0,0.0,35,33,2,5,35,0,0,0,93.58
2026-09-24_09-45-00,2026-09-24_09-45-05_2028x1520.jpg,2026-09-24,2028x1520,s,0.9771,template,0,0.0,0.0,36,34,2,4,36,0,0,1,286.12
2026-09-24_09-45-00,2026-09-24_09-45-05_2028x1520.jpg,2026-09-24,2028x1520,m,0.9771,template,0,0.0,0.0,39,34,5,1,41,2,0,1,658.88
2026-09-24_09-45-00,2026-09-24_09-45-07_4056x3040.jpg,2026-09-24,4056x3040,n,0.9771,template,0,0.0,0.0,34,32,2,6,34,0,0,0,106.04
2026-09-24_09-45-00,2026-09-24_09-45-07_4056x3040.jpg,2026-09-24,4056x3040,s,0.9771,template,0,0.0,0.0,38,35,3,2,39,1,0,1,282.67
2026-09-24_09-45-00,2026-09-24_09-45-07_4056x3040.jpg,2026-09-24,4056x3040,m,0.9771,template,0,0.0,0.0,37,33,4,3,40,3,0,0,642.09
2026-09-24_10-00-00,2026-09-24_10-00-00_640x480.jpg,2026-09-24,640x480,n,0.9806,template,0,0.0,0.0,34,32,2,6,34,0,0,0,99.02
2026-09-24_10-00-00,2026-09-24_10-00-00_640x480.jpg,2026-09-24,640x480,s,0.9806,template,0,0.0,0.0,37,33,4,3,37,0,0,0,283.51
2026-09-24_10-00-00,2026-09-24_10-00-00_640x480.jpg,2026-09-24,640x480,m,0.9806,template,0,0.0,0.0,38,33,5,2,39,1,0,0,673.59
2026-09-24_10-00-00,2026-09-24_10-00-03_1332x990.jpg,2026-09-24,1332x990,n,0.9806,template,0,0.0,0.0,32,30,2,8,32,0,0,0,115.27
2026-09-24_10-00-00,2026-09-24_10-00-03_1332x990.jpg,2026-09-24,1332x990,s,0.9806,template,0,0.0,0.0,39,35,4,1,40,0,1,1,254.48
2026-09-24_10-00-00,2026-09-24_10-00-03_1332x990.jpg,2026-09-24,1332x990,m,0.9806,template,0,0.0,0.0,38,33,5,2,39,1,0,0,654.14
2026-09-24_10-00-00,2026-09-24_10-00-05_2028x1520.jpg,2026-09-24,2028x1520,n,0.9806,template,0,0.0,0.0,34,32,2,6,35,1,0,0,106.99
2026-09-24_10-00-00,2026-09-24_10-00-05_2028x1520.jpg,2026-09-24,2028x1520,s,0.9806,template,0,0.0,0.0,38,35,3,2,39,0,1,1,244.23
2026-09-24_10-00-00,2026-09-24_10-00-05_2028x1520.jpg,2026-09-24,2028x1520,m,0.9806,template,0,0.0,0.0,38,34,4,2,41,3,0,1,614.85
2026-09-24_10-00-00,2026-09-24_10-00-08_4056x3040.jpg,2026-09-24,4056x3040,n,0.9806,template,0,0.0,0.0,34,32,2,6,35,1,0,0,99.42
2026-09-24_10-00-00,2026-09-24_10-00-08_4056x3040.jpg,2026-09-24,4056x3040,s,0.9806,template,0,0.0,0.0,38,35,3,2,38,0,0,1,264.81
2026-09-24_10-00-00,2026-09-24_10-00-08_4056x3040.jpg,2026-09-24,4056x3040,m,0.9806,template,0,0.0,0.0,38,33,5,2,41,3,0,0,678.0
2026-09-24_10-15-00,2026-09-24_10-15-00_640x480.jpg,2026-09-24,640x480,n,0.9805,template,0,0.0,0.0,33,31,2,7,33,0,0,0,89.27
2026-09-24_10-15-00,2026-09-24_10-15-00_640x480.jpg,2026-09-24,640x480,s,0.9805,template,0,0.0,0.0,39,33,6,1,39,0,0,0,282.21
2026-09-24_10-15-00,2026-09-24_10-15-00_640x480.jpg,2026-09-24,640x480,m,0.9805,template,0,0.0,0.0,38,33,5,2,39,1,0,0,671.01
2026-09-24_10-15-00,2026-09-24_10-15-02_1332x990.jpg,2026-09-24,1332x990,n,0.9805,template,0,0.0,0.0,34,32,2,6,34,0,0,0,100.39
2026-09-24_10-15-00,2026-09-24_10-15-02_1332x990.jpg,2026-09-24,1332x990,s,0.9805,template,0,0.0,0.0,38,34,4,2,39,1,0,1,233.38
2026-09-24_10-15-00,2026-09-24_10-15-02_1332x990.jpg,2026-09-24,1332x990,m,0.9805,template,0,0.0,0.0,36,33,3,4,36,0,0,0,675.53
2026-09-24_10-15-00,2026-09-24_10-15-05_2028x1520.jpg,2026-09-24,2028x1520,n,0.9805,template,0,0.0,0.0,34,32,2,6,34,0,0,0,103.94
2026-09-24_10-15-00,2026-09-24_10-15-05_2028x1520.jpg,2026-09-24,2028x1520,s,0.9805,template,0,0.0,0.0,38,34,4,2,38,0,0,1,281.36
2026-09-24_10-15-00,2026-09-24_10-15-05_2028x1520.jpg,2026-09-24,2028x1520,m,0.9805,template,0,0.0,0.0,38,33,5,2,40,2,0,0,660.2
2026-09-24_10-15-00,2026-09-24_10-15-08_4056x3040.jpg,2026-09-24,4056x3040,n,0.9805,template,0,0.0,0.0,34,32,2,6,34,0,0,0,108.97
2026-09-24_10-15-00,2026-09-24_10-15-08_4056x3040.jpg,2026-09-24,4056x3040,s,0.9805,template,0,0.0,0.0,39,35,4,1,39,0,0,1,235.42
2026-09-24_10-15-00,2026-09-24_10-15-08_4056x3040.jpg,2026-09-24,4056x3040,m,0.9805,template,0,0.0,0.0,37,33,4,3,39,2,0,0,655.23
2026-09-24_10-30-00,2026-09-24_10-30-00_640x480.jpg,2026-09-24,640x480,n,1.0,template,0,0.0,0.0,35,31,4,5,35,0,0,0,79.97
2026-09-24_10-30-00,2026-09-24_10-30-00_640x480.jpg,2026-09-24,640x480,s,1.0,template,0,0.0,0.0,36,31,5,4,37,1,0,0,299.64
2026-09-24_10-30-00,2026-09-24_10-30-00_640x480.jpg,2026-09-24,640x480,m,1.0,template,0,0.0,0.0,39,33,6,1,42,3,0,0,661.92
2026-09-24_10-30-00,2026-09-24_10-30-03_1332x990.jpg,2026-09-24,1332x990,n,1.0,template,0,0.0,0.0,34,31,3,6,34,0,0,0,98.99
2026-09-24_10-30-00,2026-09-24_10-30-03_1332x990.jpg,2026-09-24,1332x990,s,1.0,template,0,0.0,0.0,38,33,5,2,39,1,0,0,247.77
2026-09-24_10-30-00,2026-09-24_10-30-03_1332x990.jpg,2026-09-24,1332x990,m,1.0,template,0,0.0,0.0,36,33,3,4,38,2,0,0,609.16
2026-09-24_10-30-00,2026-09-24_10-30-05_2028x1520.jpg,2026-09-24,2028x1520,n,1.0,template,0,0.0,0.0,35,32,3,5,35,0,0,0,95.4
2026-09-24_10-30-00,2026-09-24_10-30-05_2028x1520.jpg,2026-09-24,2028x1520,s,1.0,template,0,0.0,0.0,37,33,4,3,37,0,0,0,234.8
2026-09-24_10-30-00,2026-09-24_10-30-05_2028x1520.jpg,2026-09-24,2028x1520,m,1.0,template,0,0.0,0.0,37,34,3,3,39,2,0,1,630.59
2026-09-24_10-30-00,2026-09-24_10-30-08_4056x3040.jpg,2026-09-24,4056x3040,n,1.0,template,0,0.0,0.0,33,31,2,7,33,0,0,0,78.0
2026-09-24_10-30-00,2026-09-24_10-30-08_4056x3040.jpg,2026-09-24,4056x3040,s,1.0,template,0,0.0,0.0,39,35,4,1,40,1,0,1,234.27
2026-09-24_10-30-00,2026-09-24_10-30-08_4056x3040.jpg,2026-09-24,4056x3040,m,1.0,template,0,0.0,0.0,37,33,4,3,39,2,0,0,610.7
2026-09-24_10-45-00,2026-09-24_10-45-00_640x480.jpg,2026-09-24,640x480,n,0.9794,template,0,0.0,0.0,35,31,4,5,35,0,0,0,99.29
2026-09-24_10-45-00,2026-09-24_10-45-00_640x480.jpg,2026-09-24,640x480,s,0.9794,template,0,0.0,0.0,36,33,3,4,36,0,0,0,273.71
2026-09-24_10-45-00,2026-09-24_10-45-00_640x480.jpg,2026-09-24,640x480,m,0.9794,template,0,0.0,0.0,38,34,4,2,39,1,0,1,677.25
2026-09-24_10-45-00,2026-09-24_10-45-02_1332x990.jpg,2026-09-24,1332x990,n,0.9794,template,0,0.0,0.0,34,32,2,6,36,2,0,0,98.95
2026-09-24_10-45-00,2026-09-24_10-45-02_1332x990.jpg,2026-09-24,1332x990,s,0.9794,template,0,0.0,0.0,38,32,6,2,38,0,0,0,241.3
2026-09-24_10-45-00,2026-09-24_10-45-02_1332x990.jpg,2026-09-24,1332x990,m,0.9794,template,0,0.0,0.0,37,34,3,3,38,1,0,1,650.45
2026-09-24_10-45-00,2026-09-24_10-45-05_2028x1520.jpg,2026-09-24,2028x1520,n,0.9794,template,0,0.0,0.0,33,31,2,7,33,0,0,0,84.77
2026-09-24_10-45-00,2026-09-24_10-45-05_2028x1520.jpg,2026-09-24,2028x1520,s,0.9794,template,0,0.0,0.0,37,33,4,3,37,0,0,0,268.62
2026-09-24_10-45-00,2026-09-24_10-45-05_2028x1520.jpg,2026-09-24,2028x1520,m,0.9794,template,0,0.0,0.0,37,34,3,3,39,2,0,1,691.18
2026-09-24_10-45-00,2026-09-24_10-45-07_4056x3040.jpg,2026-09-24,4056x3040,n,0.9794,template,0,0.0,0.0,32,30,2,8,32,0,0,0,106.24
2026-09-24_10-45-00,2026-09-24_10-45-07_4056x3040.jpg,2026-09-24,4056x3040,s,0.9794,template,0,0.0,0.0,39,35,4,1,40,1,0,1,279.09
2026-09-24_10-45-00,2026-09-24_10-45-07_4056x3040.jpg,2026-09-24,4056x3040,m,0.9794,template,0,0.0,0.0,36,34,2,4,36,0,0,1,670.12
2026-09-24_11-00-00,2026-09-24_11-00-00_640x480.jpg,2026-09-24,640x480,n,0.9822,template,0,0.0,0.0,35,31,4,5,35,0,0,0,98.21
2026-09-24_11-00-00,2026-09-24_11-00-00_640x480.jpg,2026-09-24,640x480,s,0.9822,template,0,0.0,0.0,38,33,5,2,40,1,1,0,302.61
2026-09-24_11-00-00,2026-09-24_11-00-00_640x480.jpg,2026-09-24,640x480,m,0.9822,template,0,0.0,0.0,39,34,5,1,39,0,0,1,674.92
2026-09-24_11-00-00,2026-09-24_11-00-03_1332x990.jpg,2026-09-24,1332x990,n,0.9822,template,0,0.0,0.0,34,31,3,6,34,0,0,0,80.51
2026-09-24_11-00-00,2026-09-24_11-00-03_1332x990.jpg,2026-09-24,1332x990,s,0.9822,template,0,0.0,0.0,38,34,4,2,40,1,1,1,257.48
2026-09-24_11-00-00,2026-09-24_11-00-03_1332x990.jpg,2026-09-24,1332x990,m,0.9822,template,0,0.0,0.0,37,34,3,3,38,1,0,1,706.09
2026-09-24_11-00-00,2026-09-24_11-00-05_2028x1520.jpg,2026-09-24,2028x1520,n,0.9822,template,0,0.0,0.0,32,30,2,8,32,0,0,0,96.04
2026-09-24_11-00-00,2026-09-24_11-00-05_2028x1520.jpg,2026-09-24,2028x1520,s,0.9822,template,0,0.0,0.0,39,35,4,1,39,0,0,1,282.31
2026-09-24_11-00-00,2026-09-24_11-00-05_2028x1520.jpg,2026-09-24,2028x1520,m,0.9822,template,0,0.0,0.0,38,33,5,2,39,1,0,0,684.67
2026-09-24_11-00-00,2026-09-24_11-00-08_4056x3040.jpg,2026-09-24,4056x3040,n,0.9822,template,0,0.0,0.0,32,30,2,8,32,0,0,0,108.13
2026-09-24_11-00-00,2026-09-24_11-00-08_4056x3040.jpg,2026-09-24,4056x3040,s,0.9822,template,0,0.0,0.0,37,34,3,3,37,0,0,1,263.01
2026-09-24_11-00-00,2026-09-24_11-00-08_4056x3040.jpg,2026-09-24,4056x3040,m,0.9822,template,0,0.0,0.0,36,33,3,4,36,0,0,0,678.75
2026-09-24_11-15-00,2026-09-24_11-15-00_640x480.jpg,2026-09-24,640x480,n,0.9707,template,0,0.0,0.0,33,30,3,7,33,0,0,0,106.47
2026-09-24_11-15-00,2026-09-24_11-15-00_640x480.jpg,2026-09-24,640x480,s,0.9707,template,0,0.0,0.0,40,33,7,0,42,2,0,0,263.84
2026-09-24_11-15-00,2026-09-24_11-15-00_640x480.jpg,2026-09-24,640x480,m,0.9707,template,0,0.0,0.0,38,34,4,2,43,5,0,1,635.2
2026-09-24_11-15-00,2026-09-24_11-15-03_1332x990.jpg,2026-09-24,1332x990,n,0.9707,template,0,0.0,0.0,34,30,4,6,34,0,0,0,98.7
2026-09-24_11-15-00,2026-09-24_11-15-03_1332x990.jpg,2026-09-24,1332x990,s,0.9707,template,0,0.0,0.0,37,34,3,3,38,0,1,1,293.5
2026-09-24_11-15-00,2026-09-24_11-15-03_1332x990.jpg,2026-09-24,1332x990,m,0.9707,template,0,0.0,0.0,37,34,3,3,39,2,0,1,704.22
2026-09-24_11-15-00,2026-09-24_11-15-06_2028x1520.jpg,2026-09-24,2028x1520,n,0.9707,template,0,0.0,0.0,34,31,3,6,34,0,0,0,96.49
2026-09-24_11-15-00,2026-09-24_11-15-06_2028x1520.jpg,2026-09-24,2028x1520,s,0.9707,template,0,0.0,0.0,39,35,4,1,40,1,0,1,254.86
2026-09-24_11-15-00,2026-09-24_11-15-06_2028x1520.jpg,2026-09-24,2028x1520,m,0.9707,template,0,0.0,0.0,38,34,4,2,42,4,0,1,647.76
2026-09-24_11-15-00,2026-09-24_11-15-08_4056x3040.jpg,2026-09-24,4056x3040,n,0.9707,template,0,0.0,0.0,33,31,2,7,33,0,0,0,111.69
2026-09-24_11-15-00,2026-09-24_11-15-08_4056x3040.jpg,2026-09-24,4056x3040,s,0.9707,template,0,0.0,0.0,38,34,4,2,38,0,0,1,267.85
2026-09-24_11-15-00,2026-09-24_11-15-08_4056x3040.jpg,2026-09-24,4056x3040,m,0.9707,template,0,0.0,0.0,38,35,3,2,40,2,0,1,679.95
2026-09-24_11-30-00,2026-09-24_11-30-00_640x480.jpg,2026-09-24,640x480,n,0.9787,template,0,0.0,0.0,33,31,2,7,33,0,0,0,98.73
2026-09-24_11-30-00,2026-09-24_11-30-00_640x480.jpg,2026-09-24,640x480,s,0.9787,template,0,0.0,0.0,39,34,5,1,39,0,0,1,287.26
2026-09-24_11-30-00,2026-09-24_11-30-00_640x480.jpg,2026-09-24,640x480,m,0.9787,template,0,0.0,0.0,38,34,4,2,41,3,0,1,711.96
2026-09-24_11-30-00,2026-09-24_11-30-02_1332x990.jpg,2026-09-24,1332x990,n,0.9787,template,0,0.0,0.0,32,30,2,8,32,0,0,0,101.96
2026-09-24_11-30-00,2026-09-24_11-30-02_1332x990.jpg,2026-09-24,1332x990,s,0.9787,template,0,0.0,0.0,37,34,3,3,37,0,0,1,280.74
2026-09-24_11-30-00,2026-09-24_11-30-02_1332x990.jpg,2026-09-24,1332x990,m,0.9787,template,0,0.0,0.0,37,34,3,3,40,3,0,1,668.61
2026-09-24_11-30-00,2026-09-24_11-30-05_2028x1520.jpg,2026-09-24,2028x1520,n,0.9787,template,0,0.0,0.0,33,30,3,7,34,1,0,0,107.26
2026-09-24_11-30-00,2026-09-24_11-30-05_2028x1520.jpg,2026-09-24,2028x1520,s,0.9787,template,0,0.0,0.0,38,34,4,2,39,1,0,1,300.91
2026-09-24_11-30-00,2026-09-24_11-30-05_2028x1520.jpg,2026-09-24,2028x1520,m,0.9787,template,0,0.0,0.0,37,35,2,3,42,5,0,1,696.58
2026-09-24_11-30-00,2026-09-24_11-30-08_4056x3040.jpg,2026-09-24,4056x3040,n,0.9787,template,0,0.0,0.0,32,30,2,8,32,0,0,0,111.85
2026-09-24_11-30-00,2026-09-24_11-30-08_4056x3040.jpg,2026-09-24,4056x3040,s,0.9787,template,0,0.0,0.0,39,34,5,1,39,0,0,1,305.42
2026-09-24_11-30-00,2026-09-24_11-30-08_4056x3040.jpg,2026-09-24,4056x3040,m,0.9787,template,0,0.0,0.0,36,33,3,4,39,3,0,0,722.34
2026-09-24_11-45-00,2026-09-24_11-45-00_640x480.jpg,2026-09-24,640x480,n,0.9772,template,0,0.0,0.0,34,31,3,6,34,0,0,0,97.81
2026-09-24_11-45-00,2026-09-24_11-45-00_640x480.jpg,2026-09-24,640x480,s,0.9772,template,0,0.0,0.0,39,34,5,1,40,1,0,1,302.82
2026-09-24_11-45-00,2026-09-24_11-45-00_640x480.jpg,2026-09-24,640x480,m,0.9772,template,0,0.0,0.0,37,35,2,3,39,2,0,1,692.43
2026-09-24_11-45-00,2026-09-24_11-45-03_1332x990.jpg,2026-09-24,1332x990,n,0.9772,template,0,0.0,0.0,32,30,2,8,32,0,0,0,108.04
2026-09-24_11-45-00,2026-09-24_11-45-03_1332x990.jpg,2026-09-24,1332x990,s,0.9772,template,0,0.0,0.0,38,33,5,2,39,1,0,0,293.03
2026-09-24_11-45-00,2026-09-24_11-45-03_1332x990.jpg,2026-09-24,1332x990,m,0.9772,template,0,0.0,0.0,37,33,4,3,38,1,0,0,705.99
2026-09-24_11-45-00,2026-09-24_11-45-05_2028x1520.jpg,2026-09-24,2028x1520,n,0.9772,template,0,0.0,0.0,32,30,2,8,32,0,0,0,113.63
2026-09-24_11-45-00,2026-09-24_11-45-05_2028x1520.jpg,2026-09-24,2028x1520,s,0.9772,template,0,0.0,0.0,40,35,5,0,40,0,0,1,283.52
2026-09-24_11-45-00,2026-09-24_11-45-05_2028x1520.jpg,2026-09-24,2028x1520,m,0.9772,template,0,0.0,0.0,37,34,3,3,38,1,0,1,685.98
2026-09-24_11-45-00,2026-09-24_11-45-08_4056x3040.jpg,2026-09-24,4056x3040,n,0.9772,template,0,0.0,0.0,34,31,3,6,34,0,0,0,117.42
2026-09-24_11-45-00,2026-09-24_11-45-08_4056x3040.jpg,2026-09-24,4056x3040,s,0.9772,template,0,0.0,0.0,38,34,4,2,39,1,0,1,297.35
2026-09-24_11-45-00,2026-09-24_11-45-08_4056x3040.jpg,2026-09-24,4056x3040,m,0.9772,template,0,0.0,0.0,37,33,4,3,39,2,0,0,682.27
2026-09-24_12-00-00,2026-09-24_12-00-00_640x480.jpg,2026-09-24,640x480,n,0.9712,template,0,0.0,0.0,35,30,5,5,35,0,0,0,106.43
2026-09-24_12-00-00,2026-09-24_12-00-00_640x480.jpg,2026-09-24,640x480,s,0.9712,template,0,0.0,0.0,37,34,3,3,37,0,0,1,295.52
2026-09-24_12-00-00,2026-09-24_12-00-00_640x480.jpg,2026-09-24,640x480,m,0.9712,template,0,0.0,0.0,38,35,3,2,39,1,0,1,716.4
2026-09-24_12-00-00,2026-09-24_12-00-02_1332x990.jpg,2026-09-24,1332x990,n,0.9712,template,0,0.0,0.0,34,32,2,6,34,0,0,0,109.78
2026-09-24_12-00-00,2026-09-24_12-00-02_1332x990.jpg,2026-09-24,1332x990,s,0.9712,template,0,0.0,0.0,37,34,3,3,37,0,0,1,309.83
2026-09-24_12-00-00,2026-09-24_12-00-02_1332x990.jpg,2026-09-24,1332x990,m,0.9712,template,0,0.0,0.0,37,34,3,3,39,2,0,1,715.07
2026-09-24_12-00-00,2026-09-24_12-00-05_2028x1520.jpg,2026-09-24,2028x1520,n,0.9712,template,0,0.0,0.0,35,30,5,5,35,0,0,0,118.0
2026-09-24_12-00-00,2026-09-24_12-00-05_2028x1520.jpg,2026-09-24,2028x1520,s,0.9712,template,0,0.0,0.0,38,34,4,2,38,0,0,1,300.18
2026-09-24_12-00-00,2026-09-24_12-00-05_2028x1520.jpg,2026-09-24,2028x1520,m,0.9712,template,0,0.0,0.0,38,35,3,2,42,4,0,1,677.56
2026-09-24_12-00-00,2026-09-24_12-00-07_4056x3040.jpg,2026-09-24,4056x3040,n,0.9712,template,0,0.0,0.0,34,31,3,6,34,0,0,0,122.68
2026-09-24_12-00-00,2026-09-24_12-00-07_4056x3040.jpg,2026-09-24,4056x3040,s,0.9712,template,0,0.0,0.0,38,34,4,2,38,0,0,1,312.11
2026-09-24_12-00-00,2026-09-24_12-00-07_4056x3040.jpg,2026-09-24,4056x3040,m,0.9712,template,0,0.0,0.0,37,34,3,3,40,3,0,1,699.55
2026-09-24_12-15-00,2026-09-24_12-15-00_640x480.jpg,2026-09-24,640x480,n,0.9597,template,0,0.0,0.0,33,31,2,7,33,0,0,0,118.07
2026-09-24_12-15-00,2026-09-24_12-15-00_640x480.jpg,2026-09-24,640x480,s,0.9597,template,0,0.0,0.0,37,33,4,3,38,1,0,0,288.35
2026-09-24_12-15-00,2026-09-24_12-15-00_640x480.jpg,2026-09-24,640x480,m,0.9597,template,0,0.0,0.0,38,36,2,2,38,0,0,1,703.49
2026-09-24_12-15-00,2026-09-24_12-15-03_1332x990.jpg,2026-09-24,1332x990,n,0.9597,template,0,0.0,0.0,33,30,3,7,33,0,0,0,95.21
2026-09-24_12-15-00,2026-09-24_12-15-03_1332x990.jpg,2026-09-24,1332x990,s,0.9597,template,0,0.0,0.0,38,33,5,2,39,1,0,0,306.28
2026-09-24_12-15-00,2026-09-24_12-15-03_1332x990.jpg,2026-09-24,1332x990,m,0.9597,template,0,0.0,0.0,37,35,2,3,39,2,0,1,696.33
2026-09-24_12-15-00,2026-09-24_12-15-05_2028x1520.jpg,2026-09-24,2028x1520,n,0.9597,template,0,0.0,0.0,36,30,6,4,36,0,0,0,116.46
2026-09-24_12-15-00,2026-09-24_12-15-05_2028x1520.jpg,2026-09-24,2028x1520,s,0.9597,template,0,0.0,0.0,36,34,2,4,37,1,0,1,294.58
2026-09-24_12-15-00,2026-09-24_12-15-05_2028x1520.jpg,2026-09-24,2028x1520,m,0.9597,template,0,0.0,0.0,37,35,2,3,40,3,0,1,701.95
2026-09-24_12-15-00,2026-09-24_12-15-08_4056x3040.jpg,2026-09-24,4056x3040,n,0.9597,template,0,0.0,0.0,35,31,4,5,35,0,0,0,112.14
2026-09-24_12-15-00,2026-09-24_12-15-08_4056x3040.jpg,2026-09-24,4056x3040,s,0.9597,template,0,0.0,0.0,39,34,5,1,39,0,0,1,297.02
2026-09-24_12-15-00,2026-09-24_12-15-08_4056x3040.jpg,2026-09-24,4056x3040,m,0.9597,template,0,0.0,0.0,37,34,3,3,39,2,0,1,701.28
2026-09-24_12-30-00,2026-09-24_12-30-00_640x480.jpg,2026-09-24,640x480,n,0.9731,template,0,0.0,0.0,33,30,3,7,33,0,0,0,108.95
2026-09-24_12-30-00,2026-09-24_12-30-00_640x480.jpg,2026-09-24,640x480,s,0.9731,template,0,0.0,0.0,39,34,5,1,39,0,0,1,293.64
2026-09-24_12-30-00,2026-09-24_12-30-00_640x480.jpg,2026-09-24,640x480,m,0.9731,template,0,0.0,0.0,36,35,1,4,38,2,0,1,711.44
2026-09-24_12-30-00,2026-09-24_12-30-03_1332x990.jpg,2026-09-24,1332x990,n,0.9731,template,0,0.0,0.0,34,30,4,6,34,0,0,0,116.18
2026-09-24_12-30-00,2026-09-24_12-30-03_1332x990.jpg,2026-09-24,1332x990,s,0.9731,template,0,0.0,0.0,39,34,5,1,40,1,0,1,286.71
2026-09-24_12-30-00,2026-09-24_12-30-03_1332x990.jpg,2026-09-24,1332x990,m,0.9731,template,0,0.0,0.0,39,34,5,1,40,1,0,1,698.34
2026-09-24_12-30-00,2026-09-24_12-30-06_2028x1520.jpg,2026-09-24,2028x1520,n,0.9731,template,0,0.0,0.0,35,31,4,5,36,1,0,0,111.98
2026-09-24_12-30-00,2026-09-24_12-30-06_2028x1520.jpg,2026-09-24,2028x1520,s,0.9731,template,0,0.0,0.0,38,34,4,2,40,2,0,1,276.89
2026-09-24_12-30-00,2026-09-24_12-30-06_2028x1520.jpg,2026-09-24,2028x1520,m,0.9731,template,0,0.0,0.0,38,34,4,2,41,3,0,1,671.8
2026-09-24_12-30-00,2026-09-24_12-30-08_4056x3040.jpg,2026-09-24,4056x3040,n,0.9731,template,0,0.0,0.0,34,30,4,6,34,0,0,0,94.2
2026-09-24_12-30-00,2026-09-24_12-30-08_4056x3040.jpg,2026-09-24,4056x3040,s,0.9731,template,0,0.0,0.0,38,33,5,2,39,1,0,0,273.11
2026-09-24_12-30-00,2026-09-24_12-30-08_4056x3040.jpg,2026-09-24,4056x3040,m,0.9731,template,0,0.0,0.0,37,33,4,3,40,3,0,0,669.88
2026-09-24_12-45-00,2026-09-24_12-45-00_640x480.jpg,2026-09-24,640x480,n,0.9651,template,0,0.0,0.0,33,31,2,7,33,0,0,0,119.5
2026-09-24_12-45-00,2026-09-24_12-45-00_640x480.jpg,2026-09-24,640x480,s,0.9651,template,0,0.0,0.0,37,32,5,3,39,2,0,0,265.0
2026-09-24_12-45-00,2026-09-24_12-45-00_640x480.jpg,2026-09-24,640x480,m,0.9651,template,0,0.0,0.0,39,34,5,1,42,3,0,1,682.24
2026-09-24_12-45-00,2026-09-24_12-45-02_1332x990.jpg,2026-09-24,1332x990,n,0.9651,template,0,0.0,0.0,33,30,3,7,33,0,0,0,109.53
2026-09-24_12-45-00,2026-09-24_12-45-02_1332x990.jpg,2026-09-24,1332x990,s,0.9651,template,0,0.0,0.0,39,34,5,1,39,0,0,1,295.39
2026-09-24_12-45-00,2026-09-24_12-45-02_1332x990.jpg,2026-09-24,1332x990,m,0.9651,template,0,0.0,0.0,39,33,6,1,40,1,0,0,675.33
2026-09-24_12-45-00,2026-09-24_12-45-05_2028x1520.jpg,2026-09-24,2028x1520,n,0.9651,template,0,0.0,0.0,33,30,3,7,34,1,0,0,112.81
2026-09-24_12-45-00,2026-09-24_12-45-05_2028x1520.jpg,2026-09-24,2028x1520,s,0.9651,template,0,0.0,0.0,38,35,3,2,38,0,0,1,282.08
2026-09-24_12-45-00,2026-09-24_12-45-05_2028x1520.jpg,2026-09-24,2028x1520,m,0.9651,template,0,0.0,0.0,37,34,3,3,40,3,0,1,685.9
2026-09-24_12-45-00,2026-09-24_12-45-08_4056x3040.jpg,2026-09-24,4056x3040,n,0.9651,template,0,0.0,0.0,34,31,3,6,35,1,0,0,110.78
2026-09-24_12-45-00,2026-09-24_12-45-08_4056x3040.jpg,2026-09-24,4056x3040,s,0.9651,template,0,0.0,0.0,39,35,4,1,40,1,0,1,286.09
2026-09-24_12-45-00,2026-09-24_12-45-08_4056x3040.jpg,2026-09-24,4056x3040,m,0.9651,template,0,0.0,0.0,37,33,4,3,41,4,0,0,694.08
2026-09-24_13-00-00,2026-09-24_13-00-00_640x480.jpg,2026-09-24,640x480,n,0.9529,template,0,0.0,0.0,33,30,3,7,33,0,0,0,107.4
2026-09-24_13-00-00,2026-09-24_13-00-00_640x480.jpg,2026-09-24,640x480,s,0.9529,template,0,0.0,0.0,37,33,4,3,37,0,0,0,273.73
2026-09-24_13-00-00,2026-09-24_13-00-00_640x480.jpg,2026-09-24,640x480,m,0.9529,template,0,0.0,0.0,37,34,3,3,38,1,0,1,672.57
2026-09-24_13-00-00,2026-09-24_13-00-03_1332x990.jpg,2026-09-24,1332x990,n,0.9529,template,0,0.0,0.0,34,30,4,6,34,0,0,0,96.88
2026-09-24_13-00-00,2026-09-24_13-00-03_1332x990.jpg,2026-09-24,1332x990,s,0.9529,template,0,0.0,0.0,38,34,4,2,38,0,0,1,272.52
2026-09-24_13-00-00,2026-09-24_13-00-03_1332x990.jpg,2026-09-24,1332x990,m,0.9529,template,0,0.0,0.0,37,34,3,3,39,2,0,1,647.85
2026-09-24_13-00-00,2026-09-24_13-00-05_2028x1520.jpg,2026-09-24,2028x1520,n,0.9529,template,0,0.0,0.0,33,30,3,7,33,0,0,0,82.83
2026-09-24_13-00-00,2026-09-24_13-00-05_2028x1520.jpg,2026-09-24,2028x1520,s,0.9529,template,0,0.0,0.0,36,33,3,4,36,0,0,0,302.45
2026-09-24_13-00-00,2026-09-24_13-00-05_2028x1520.jpg,2026-09-24,2028x1520,m,0.9529,template,0,0.0,0.0,38,34,4,2,41,3,0,1,652.27
2026-09-24_13-00-00,2026-09-24_13-00-08_4056x3040.jpg,2026-09-24,4056x3040,n,0.9529,template,0,0.0,0.0,34,30,4,6,35,1,0,0,106.33
2026-09-24_13-00-00,2026-09-24_13-00-08_4056x3040.jpg,2026-09-24,4056x3040,s,0.9529,template,0,0.0,0.0,37,33,4,3,39,2,0,0,298.91
2026-09-24_13-00-00,2026-09-24_13-00-08_4056x3040.jpg,2026-09-24,4056x3040,m,0.9529,template,0,0.0,0.0,37,34,3,3,40,3,0,1,686.69
2026-09-24_13-15-00,2026-09-24_13-15-00_640x480.jpg,2026-09-24,640x480,n,0.9384,template,0,0.0,0.0,33,31,2,7,33,0,0,0,108.34
2026-09-24_13-15-00,2026-09-24_13-15-00_640x480.jpg,2026-09-24,640x480,s,0.9384,template,0,0.0,0.0,37,33,4,3,37,0,0,0,274.64
2026-09-24_13-15-00,2026-09-24_13-15-00_640x480.jpg,2026-09-24,640x480,m,0.9384,template,0,0.0,0.0,38,35,3,2,40,2,0,1,665.87
2026-09-24_13-15-00,2026-09-24_13-15-02_1332x990.jpg,2026-09-24,1332x990,n,0.9384,template,0,0.0,0.0,34,31,3,6,34,0,0,0,103.25
2026-09-24_13-15-00,2026-09-24_13-15-02_1332x990.jpg,2026-09-24,1332x990,s,0.9384,template,0,0.0,0.0,39,34,5,1,40,1,0,1,273.82
2026-09-24_13-15-00,2026-09-24_13-15-02_1332x990.jpg,2026-09-24,1332x990,m,0.9384,template,0,0.0,0.0,38,34,4,2,41,3,0,1,656.77
2026-09-24_13-15-00,2026-09-24_13-15-05_2028x1520.jpg,2026-09-24,2028x1520,n,0.9384,template,0,0.0,0.0,33,30,3,7,33,0,0,0,97.41
2026-09-24_13-15-00,2026-09-24_13-15-05_2028x1520.jpg,2026-09-24,2028x1520,s,0.9384,template,0,0.0,0.0,38,34,4,2,38,0,0,1,264.84
2026-09-24_13-15-00,2026-09-24_13-15-05_2028x1520.jpg,2026-09-24,2028x1520,m,0.9384,template,0,0.0,0.0,38,34,4,2,43,5,0,1,682.2
2026-09-24_13-15-00,2026-09-24_13-15-07_4056x3040.jpg,2026-09-24,4056x3040,n,0.9384,template,0,0.0,0.0,33,30,3,7,33,0,0,0,81.59
2026-09-24_13-15-00,2026-09-24_13-15-07_4056x3040.jpg,2026-09-24,4056x3040,s,0.9384,template,0,0.0,0.0,38,34,4,2,39,1,0,1,270.98
2026-09-24_13-15-00,2026-09-24_13-15-07_4056x3040.jpg,2026-09-24,4056x3040,m,0.9384,template,0,0.0,0.0,37,34,3,3,41,4,0,1,672.18
2026-09-24_13-30-00,2026-09-24_13-30-00_640x480.jpg,2026-09-24,640x480,n,0.9016,template,0,0.0,0.0,34,30,4,6,34,0,0,0,91.81
2026-09-24_13-30-00,2026-09-24_13-30-00_640x480.jpg,2026-09-24,640x480,s,0.9016,template,0,0.0,0.0,36,34,2,4,36,0,0,1,282.25
2026-09-24_13-30-00,2026-09-24_13-30-00_640x480.jpg,2026-09-24,640x480,m,0.9016,template,0,0.0,0.0,38,35,3,2,40,2,0,1,636.09
2026-09-24_13-30-00,2026-09-24_13-30-03_1332x990.jpg,2026-09-24,1332x990,n,0.9016,template,0,0.0,0.0,33,30,3,7,34,1,0,0,103.01
2026-09-24_13-30-00,2026-09-24_13-30-03_1332x990.jpg,2026-09-24,1332x990,s,0.9016,template,0,0.0,0.0,38,33,5,2,38,0,0,0,259.01
2026-09-24_13-30-00,2026-09-24_13-30-03_1332x990.jpg,2026-09-24,1332x990,m,0.9016,template,0,0.0,0.0,37,34,3,3,39,2,0,1,639.06
2026-09-24_13-30-00,2026-09-24_13-30-05_2028x1520.jpg,2026-09-24,2028x1520,n,0.9016,template,0,0.0,0.0,32,30,2,8,32,0,0,0,96.78
2026-09-24_13-30-00,2026-09-24_13-30-05_2028x1520.jpg,2026-09-24,2028x1520,s,0.9016,template,0,0.0,0.0,36,34,2,4,36,0,0,1,277.7
2026-09-24_13-30-00,2026-09-24_13-30-05_2028x1520.jpg,2026-09-24,2028x1520,m,0.9016,template,0,0.0,0.0,36,34,2,4,38,2,0,1,638.39
2026-09-24_13-30-00,2026-09-24_13-30-08_4056x3040.jpg,2026-09-24,4056x3040,n,0.9016,template,0,0.0,0.0,35,32,3,5,36,1,0,0,92.4
2026-09-24_13-30-00,2026-09-24_13-30-08_4056x3040.jpg,2026-09-24,4056x3040,s,0.9016,template,0,0.0,0.0,37,34,3,3,38,1,0,1,282.97
2026-09-24_13-30-00,2026-09-24_13-30-08_4056x3040.jpg,2026-09-24,4056x3040,m,0.9016,template,0,0.0,0.0,38,33,5,2,41,3,0,0,655.76
2026-09-24_13-45-00,2026-09-24_13-45-00_640x480.jpg,2026-09-24,640x480,n,0.9079,template,0,0.0,0.0,34,30,4,6,34,0,0,0,76.05
2026-09-24_13-45-00,2026-09-24_13-45-00_640x480.jpg,2026-09-24,640x480,s,0.9079,template,0,0.0,0.0,39,33,6,1,39,0,0,0,276.69
2026-09-24_13-45-00,2026-09-24_13-45-00_640x480.jpg,2026-09-24,640x480,m,0.9079,template,0,0.0,0.0,38,35,3,2,40,2,0,1,669.99
2026-09-24_13-45-00,2026-09-24_13-45-03_1332x990.jpg,2026-09-24,1332x990,n,0.9079,template,0,0.0,0.0,33,30,3,7,33,0,0,0,90.03
2026-09-24_13-45-00,2026-09-24_13-45-03_1332x990.jpg,2026-09-24,1332x990,s,0.9079,template,0,0.0,0.0,38,34,4,2,39,1,0,1,266.47
2026-09-24_13-45-00,2026-09-24_13-45-03_1332x990.jpg,2026-09-24,1332x990,m,0.9079,template,0,0.0,0.0,37,34,3,3,39,2,0,1,641.2
2026-09-24_13-45-00,2026-09-24_13-45-06_2028x1520.jpg,2026-09-24,2028x1520,n,0.9079,template,0,0.0,0.0,33,30,3,7,33,0,0,0,90.39
2026-09-24_13-45-00,2026-09-24_13-45-06_2028x1520.jpg,2026-09-24,2028x1520,s,0.9079,template,0,0.0,0.0,36,34,2,4,37,1,0,1,274.87
2026-09-24_13-45-00,2026-09-24_13-45-06_2028x1520.jpg,2026-09-24,2028x1520,m,0.9079,template,0,0.0,0.0,35,34,1,5,38,3,0,1,650.0
2026-09-24_13-45-00,2026-09-24_13-45-08_4056x3040.jpg,2026-09-24,4056x3040,n,0.9079,template,0,0.0,0.0,33,30,3,7,34,1,0,0,90.69
2026-09-24_13-45-00,2026-09-24_13-45-08_4056x3040.jpg,2026-09-24,4056x3040,s,0.9079,template,0,0.0,0.0,37,34,3,3,39,2,0,1,261.85
2026-09-24_13-45-00,2026-09-24_13-45-08_4056x3040.jpg,2026-09-24,4056x3040,m,0.9079,template,0,0.0,0.0,37,34,3,3,41,4,0,1,657.94
2026-09-24_14-00-00,2026-09-24_14-00-00_640x480.jpg,2026-09-24,640x480,n,0.8967,template,0,0.0,0.0,34,30,4,6,34,0,0,0,88.33
2026-09-24_14-00-00,2026-09-24_14-00-00_640x480.jpg,2026-09-24,640x480,s,0.8967,template,0,0.0,0.0,36,33,3,4,37,1,0,0,267.57
2026-09-24_14-00-00,2026-09-24_14-00-00_640x480.jpg,2026-09-24,640x480,m,0.8967,template,0,0.0,0.0,39,34,5,1,41,2,0,1,679.61
2026-09-24_14-00-00,2026-09-24_14-00-02_1332x990.jpg,2026-09-24,1332x990,n,0.8967,template,0,0.0,0.0,34,30,4,6,34,0,0,0,98.97
2026-09-24_14-00-00,2026-09-24_14-00-02_1332x990.jpg,2026-09-24,1332x990,s,0.8967,template,0,0.0,0.0,39,34,5,1,40,1,0,1,225.41
2026-09-24_14-00-00,2026-09-24_14-00-02_1332x990.jpg,2026-09-24,1332x990,m,0.8967,template,0,0.0,0.0,36,34,2,4,39,3,0,1,668.62
2026-09-24_14-00-00,2026-09-24_14-00-05_2028x1520.jpg,2026-09-24,2028x1520,n,0.8967,template,0,0.0,0.0,34,30,4,6,34,0,0,0,93.96
2026-09-24_14-00-00,2026-09-24_14-00-05_2028x1520.jpg,2026-09-24,2028x1520,s,0.8967,template,0,0.0,0.0,39,35,4,1,39,0,0,1,256.56
2026-09-24_14-00-00,2026-09-24_14-00-05_2028x1520.jpg,2026-09-24,2028x1520,m,0.8967,template,0,0.0,0.0,36,34,2,4,39,3,0,1,646.04
2026-09-24_14-00-00,2026-09-24_14-00-08_4056x3040.jpg,2026-09-24,4056x3040,n,0.8967,template,0,0.0,0.0,33,30,3,7,33,0,0,0,82.79
2026-09-24_14-00-00,2026-09-24_14-00-08_4056x3040.jpg,2026-09-24,4056x3040,s,0.8967,template,0,0.0,0.0,37,33,4,3,38,1,0,0,261.06
2026-09-24_14-00-00,2026-09-24_14-00-08_4056x3040.jpg,2026-09-24,4056x3040,m,0.8967,template,0,0.0,0.0,36,34,2,4,39,3,0,1,686.54
2026-09-24_14-15-00,2026-09-24_14-15-00_640x480.jpg,2026-09-24,640x480,n,0.931,template,0,0.0,0.0,34,31,3,6,34,0,0,0,88.21
2026-09-24_14-15-00,2026-09-24_14-15-00_640x480.jpg,2026-09-24,640x480,s,0.931,template,0,0.0,0.0,38,32,6,2,38,0,0,0,287.69
2026-09-24_14-15-00,2026-09-24_14-15-00_640x480.jpg,2026-09-24,640x480,m,0.931,template,0,0.0,0.0,39,33,6,1,41,2,0,0,675.2
2026-09-24_14-15-00,2026-09-24_14-15-03_1332x990.jpg,2026-09-24,1332x990,n,0.931,template,0,0.0,0.0,34,30,4,6,34,0,0,0,89.87
2026-09-24_14-15-00,2026-09-24_14-15-03_1332x990.jpg,2026-09-24,1332x990,s,0.931,template,0,0.0,0.0,39,33,6,1,39,0,0,0,270.8
2026-09-24_14-15-00,2026-09-24_14-15-03_1332x990.jpg,2026-09-24,1332x990,m,0.931,template,0,0.0,0.0,37,33,4,3,41,4,0,0,645.54
2026-09-24_14-15-00,2026-09-24_14-15-05_2028x1520.jpg,2026-09-24,2028x1520,n,0.931,template,0,0.0,0.0,33,31,2,7,34,1,0,0,87.36
2026-09-24_14-15-00,2026-09-24_14-15-05_2028x1520.jpg,2026-09-24,2028x1520,s,0.931,template,0,0.0,0.0,38,34,4,2,38,0,0,1,283.67
2026-09-24_14-15-00,2026-09-24_14-15-05_2028x1520.jpg,2026-09-24,2028x1520,m,0.931,template,0,0.0,0.0,38,34,4,2,41,3,0,1,643.58
2026-09-24_14-15-00,2026-09-24_14-15-08_4056x3040.jpg,2026-09-24,4056x3040,n,0.931,template,0,0.0,0.0,31,30,1,9,31,0,0,0,91.36
2026-09-24_14-15-00,2026-09-24_14-15-08_4056x3040.jpg,2026-09-24,4056x3040,s,0.931,template,0,0.0,0.0,39,34,5,1,39,0,0,1,270.0
2026-09-24_14-15-00,2026-09-24_14-15-08_4056x3040.jpg,2026-09-24,4056x3040,m,0.931,template,0,0.0,0.0,39,34,5,1,42,3,0,1,641.41
2026-09-24_14-30-00,2026-09-24_14-30-00_640x480.jpg,2026-09-24,640x480,n,0.9357,template,0,0.0,0.0,35,31,4,5,35,0,0,0,90.1
2026-09-24_14-30-00,2026-09-24_14-30-00_640x480.jpg,2026-09-24,640x480,s,0.9357,template,0,0.0,0.0,37,33,4,3,37,0,0,0,284.46
2026-09-24_14-30-00,2026-09-24_14-30-00_640x480.jpg,2026-09-24,640x480,m,0.9357,template,0,0.0,0.0,39,34,5,1,41,2,0,1,675.68
2026-09-24_14-30-00,2026-09-24_14-30-02_1332x990.jpg,2026-09-24,1332x990,n,0.9357,template,0,0.0,0.0,33,30,3,7,33,0,0,0,85.33
2026-09-24_14-30-00,2026-09-24_14-30-02_1332x990.jpg,2026-09-24,1332x990,s,0.9357,template,0,0.0,0.0,38,34,4,2,39,1,0,1,263.62
2026-09-24_14-30-00,2026-09-24_14-30-02_1332x990.jpg,2026-09-24,1332x990,m,0.9357,template,0,0.0,0.0,37,34,3,3,38,1,0,1,643.35
2026-09-24_14-30-00,2026-09-24_14-30-05_2028x1520.jpg,2026-09-24,2028x1520,n,0.9357,template,0,0.0,0.0,33,30,3,7,34,1,0,0,81.02
2026-09-24_14-30-00,2026-09-24_14-30-05_2028x1520.jpg,2026-09-24,2028x1520,s,0.9357,template,0,0.0,0.0,39,34,5,1,40,1,0,1,300.91
2026-09-24_14-30-00,2026-09-24_14-30-05_2028x1520.jpg,2026-09-24,2028x1520,m,0.9357,template,0,0.0,0.0,38,34,4,2,40,2,0,1,647.69
2026-09-24_14-30-00,2026-09-24_14-30-07_4056x3040.jpg,2026-09-24,4056x3040,n,0.9357,template,0,0.0,0.0,33,30,3,7,33,0,0,0,86.3
2026-09-24_14-30-00,2026-09-24_14-30-07_4056x3040.jpg,2026-09-24,4056x3040,s,0.9357,template,0,0.0,0.0,39,34,5,1,40,1,0,1,288.83
2026-09-24_14-30-00,2026-09-24_14-30-07_4056x3040.jpg,2026-09-24,4056x3040,m,0.9357,template,0,0.0,0.0,37,33,4,3,40,3,0,0,631.97
2026-09-24_14-45-00,2026-09-24_14-45-00_640x480.jpg,2026-09-24,640x480,n,0.9488,template,0,0.0,0.0,33,31,2,7,33,0,0,0,84.28
2026-09-24_14-45-00,2026-09-24_14-45-00_640x480.jpg,2026-09-24,640x480,s,0.9488,template,0,0.0,0.0,38,33,5,2,39,1,0,0,266.09
2026-09-24_14-45-00,2026-09-24_14-45-00_640x480.jpg,2026-09-24,640x480,m,0.9488,template,0,0.0,0.0,39,36,3,1,40,1,0,1,691.13
2026-09-24_14-45-00,2026-09-24_14-45-03_1332x990.jpg,2026-09-24,1332x990,n,0.9488,template,0,0.0,0.0,34,30,4,6,35,1,0,0,93.67
2026-09-24_14-45-00,2026-09-24_14-45-03_1332x990.jpg,2026-09-24,1332x990,s,0.9488,template,0,0.0,0.0,39,34,5,1,41,2,0,1,272.12
2026-09-24_14-45-00,2026-09-24_14-45-03_1332x990.jpg,2026-09-24,1332x990,m,0.9488,template,0,0.0,0.0,38,35,3,2,42,4,0,1,686.86
2026-09-24_14-45-00,2026-09-24_14-45-05_2028x1520.jpg,2026-09-24,2028x1520,n,0.9488,template,0,0.0,0.0,32,30,2,8,32,0,0,0,99.91
2026-09-24_14-45-00,2026-09-24_14-45-05_2028x1520.jpg,2026-09-24,2028x1520,s,0.9488,template,0,0.0,0.0,37,34,3,3,37,0,0,1,288.77
2026-09-24_14-45-00,2026-09-24_14-45-05_2028x1520.jpg,2026-09-24,2028x1520,m,0.9488,template,0,0.0,0.0,36,34,2,4,38,2,0,1,708.24
2026-09-24_14-45-00,2026-09-24_14-45-08_4056x3040.jpg,2026-09-24,4056x3040,n,0.9488,template,0,0.0,0.0,35,30,5,5,36,1,0,0,89.52
2026-09-24_14-45-00,2026-09-24_14-45-08_4056x3040.jpg,2026-09-24,4056x3040,s,0.9488,template,0,0.0,0.0,39,34,5,1,39,0,0,1,297.13
2026-09-24_14-45-00,2026-09-24_14-45-08_4056x3040.jpg,2026-09-24,4056x3040,m,0.9488,template,0,0.0,0.0,38,35,3,2,40,2,0,1,693.97
2026-09-24_15-00-00,2026-09-24_15-00-00_640x480.jpg,2026-09-24,640x480,n,0.9502,template,0,0.0,0.0,34,31,3,6,34,0,0,0,79.65
2026-09-24_15-00-00,2026-09-24_15-00-00_640x480.jpg,2026-09-24,640x480,s,0.9502,template,0,0.0,0.0,37,33,4,3,37,0,0,0,284.45
2026-09-24_15-00-00,2026-09-24_15-00-00_640x480.jpg,2026-09-24,640x480,m,0.9502,template,0,0.0,0.0,37,34,3,3,38,1,0,1,683.33
2026-09-24_15-00-00,2026-09-24_15-00-03_1332x990.jpg,2026-09-24,1332x990,n,0.9502,template,0,0.0,0.0,34,30,4,6,34,0,0,0,104.89
2026-09-24_15-00-00,2026-09-24_15-00-03_1332x990.jpg,2026-09-24,1332x990,s,0.9502,template,0,0.0,0.0,39,34,5,1,40,1,0,1,292.91
2026-09-24_15-00-00,2026-09-24_15-00-03_1332x990.jpg,2026-09-24,1332x990,m,0.9502,template,0,0.0,0.0,38,34,4,2,40,2,0,1,670.6
2026-09-24_15-00-00,2026-09-24_15-00-06_2028x1520.jpg,2026-09-24,2028x1520,n,0.9502,template,0,0.0,0.0,34,30,4,6,34,0,0,0,101.94
2026-09-24_15-00-00,2026-09-24_15-00-06_2028x1520.jpg,2026-09-24,2028x1520,s,0.9502,template,0,0.0,0.0,39,34,5,1,40,1,0,1,299.46
2026-09-24_15-00-00,2026-09-24_15-00-06_2028x1520.jpg,2026-09-24,2028x1520,m,0.9502,template,0,0.0,0.0,38,34,4,2,40,2,0,1,696.47
2026-09-24_15-00-00,2026-09-24_15-00-08_4056x3040.jpg,2026-09-24,4056x3040,n,0.9502,template,0,0.0,0.0,32,30,2,8,32,0,0,0,103.87
2026-09-24_15-00-00,2026-09-24_15-00-08_4056x3040.jpg,2026-09-24,4056x3040,s,0.9502,template,0,0.0,0.0,39,34,5,1,40,1,0,1,307.48
2026-09-24_15-00-00,2026-09-24_15-00-08_4056x3040.jpg,2026-09-24,4056x3040,m,0.9502,template,0,0.0,0.0,38,34,4,2,41,3,0,1,699.4
2026-09-24_15-15-00,2026-09-24_15-15-00_640x480.jpg,2026-09-24,640x480,n,0.9152,template,0,0.0,0.0,33,30,3,7,33,0,0,0,100.79
2026-09-24_15-15-00,2026-09-24_15-15-00_640x480.jpg,2026-09-24,640x480,s,0.9152,template,0,0.0,0.0,36,33,3,4,36,0,0,0,284.79
2026-09-24_15-15-00,2026-09-24_15-15-00_640x480.jpg,2026-09-24,640x480,m,0.9152,template,0,0.0,0.0,38,34,4,2,42,4,0,1,717.76
2026-09-24_15-15-00,2026-09-24_15-15-02_1332x990.jpg,2026-09-24,1332x990,n,0.9152,template,0,0.0,0.0,34,30,4,6,34,0,0,0,93.65
2026-09-24_15-15-00,2026-09-24_15-15-02_1332x990.jpg,2026-09-24,1332x990,s,0.9152,template,0,0.0,0.0,35,33,2,5,35,0,0,0,280.97
2026-09-24_15-15-00,2026-09-24_15-15-02_1332x990.jpg,2026-09-24,1332x990,m,0.9152,template,0,0.0,0.0,37,34,3,3,38,1,0,1,650.91
2026-09-24_15-15-00,2026-09-24_15-15-05_2028x1520.jpg,2026-09-24,2028x1520,n,0.9152,template,0,0.0,0.0,34,31,3,6,34,0,0,0,86.09
2026-09-24_15-15-00,2026-09-24_15-15-05_2028x1520.jpg,2026-09-24,2028x1520,s,0.9152,template,0,0.0,0.0,39,35,4,1,39,0,0,1,278.88
2026-09-24_15-15-00,2026-09-24_15-15-05_2028x1520.jpg,2026-09-24,2028x1520,m,0.9152,template,0,0.0,0.0,38,35,3,2,42,4,0,1,708.29
2026-09-24_15-15-00,2026-09-24_15-15-08_4056x3040.jpg,2026-09-24,4056x3040,n,0.9152,template,0,0.0,0.0,33,30,3,7,33,0,0,0,103.06
2026-09-24_15-15-00,2026-09-24_15-15-08_4056x3040.jpg,2026-09-24,4056x3040,s,0.9152,template,0,0.0,0.0,37,34,3,3,37,0,0,1,285.02
2026-09-24_15-15-00,2026-09-24_15-15-08_4056x3040.jpg,2026-09-24,4056x3040,m,0.9152,template,0,0.0,0.0,37,34,3,3,39,2,0,1,667.53
2026-09-24_15-30-00,2026-09-24_15-30-00_640x480.jpg,2026-09-24,640x480,n,0.8763,template,0,0.0,0.0,33,31,2,7,33,0,0,0,101.11
2026-09-24_15-30-00,2026-09-24_15-30-00_640x480.jpg,2026-09-24,640x480,s,0.8763,template,0,0.0,0.0,35,32,3,5,35,0,0,0,287.99
2026-09-24_15-30-00,2026-09-24_15-30-00_640x480.jpg,2026-09-24,640x480,m,0.8763,template,0,0.0,0.0,37,34,3,3,39,2,0,1,680.86
2026-09-24_15-30-00,2026-09-24_15-30-03_1332x990.jpg,2026-09-24,1332x990,n,0.8763,template,0,0.0,0.0,34,31,3,6,34,0,0,0,96.42
2026-09-24_15-30-00,2026-09-24_15-30-03_1332x990.jpg,2026-09-24,1332x990,s,0.8763,template,0,0.0,0.0,35,32,3,5,35,0,0,0,308.16
2026-09-24_15-30-00,2026-09-24_15-30-03_1332x990.jpg,2026-09-24,1332x990,m,0.8763,template,0,0.0,0.0,37,33,4,3,39,2,0,0,678.05
2026-09-24_15-30-00,2026-09-24_15-30-05_2028x1520.jpg,2026-09-24,2028x1520,n,0.8763,template,0,0.0,0.0,34,31,3,6,34,0,0,0,103.03
2026-09-24_15-30-00,2026-09-24_15-30-05_2028x1520.jpg,2026-09-24,2028x1520,s,0.8763,template,0,0.0,0.0,37,33,4,3,37,0,0,0,302.54
2026-09-24_15-30-00,2026-09-24_15-30-05_2028x1520.jpg,2026-09-24,2028x1520,m,0.8763,template,0,0.0,0.0,37,34,3,3,40,3,0,1,673.25
2026-09-24_15-30-00,2026-09-24_15-30-08_4056x3040.jpg,2026-09-24,4056x3040,n,0.8763,template,0,0.0,0.0,34,31,3,6,35,1,0,0,109.15
2026-09-24_15-30-00,2026-09-24_15-30-08_4056x3040.jpg,2026-09-24,4056x3040,s,0.8763,template,0,0.0,0.0,39,34,5,1,39,0,0,1,301.59
2026-09-24_15-30-00,2026-09-24_15-30-08_4056x3040.jpg,2026-09-24,4056x3040,m,0.8763,template,0,0.0,0.0,37,34,3,3,39,2,0,1,698.49
2026-09-24_15-45-00,2026-09-24_15-45-00_640x480.jpg,2026-09-24,640x480,n,0.8183,template,0,0.0,0.0,33,31,2,7,33,0,0,0,107.66
2026-09-24_15-45-00,2026-09-24_15-45-00_640x480.jpg,2026-09-24,640x480,s,0.8183,template,0,0.0,0.0,36,33,3,4,36,0,0,0,285.6
2026-09-24_15-45-00,2026-09-24_15-45-00_640x480.jpg,2026-09-24,640x480,m,0.8183,template,0,0.0,0.0,37,34,3,3,37,0,0,1,684.96
2026-09-24_15-45-00,2026-09-24_15-45-02_1332x990.jpg,2026-09-24,1332x990,n,0.8183,template,0,0.0,0.0,33,31,2,7,33,0,0,0,82.51
2026-09-24_15-45-00,2026-09-24_15-45-02_1332x990.jpg,2026-09-24,1332x990,s,0.8183,template,0,0.0,0.0,38,34,4,2,38,0,0,1,303.23
2026-09-24_15-45-00,2026-09-24_15-45-02_1332x990.jpg,2026-09-24,1332x990,m,0.8183,template,0,0.0,0.0,38,34,4,2,40,2,0,1,733.41
2026-09-24_15-45-00,2026-09-24_15-45-05_2028x1520.jpg,2026-09-24,2028x1520,n,0.8183,template,0,0.0,0.0,34,31,3,6,34,0,0,0,106.16
2026-09-24_15-45-00,2026-09-24_15-45-05_2028x1520.jpg,2026-09-24,2028x1520,s,0.8183,template,0,0.0,0.0,38,33,5,2,38,0,0,0,301.93
2026-09-24_15-45-00,2026-09-24_15-45-05_2028x1520.jpg,2026-09-24,2028x1520,m,0.8183,template,0,0.0,0.0,38,35,3,2,42,4,0,1,658.97
2026-09-24_15-45-00,2026-09-24_15-45-07_4056x3040.jpg,2026-09-24,4056x3040,n,0.8183,template,0,0.0,0.0,33,31,2,7,33,0,0,0,94.21
2026-09-24_15-45-00,2026-09-24_15-45-07_4056x3040.jpg,2026-09-24,4056x3040,s,0.8183,template,0,0.0,0.0,39,34,5,1,40,1,0,1,290.8
2026-09-24_15-45-00,2026-09-24_15-45-07_4056x3040.jpg,2026-09-24,4056x3040,m,0.8183,template,0,0.0,0.0,38,32,6,2,41,3,0,0,704.57
2026-09-24_16-00-00,2026-09-24_16-00-00_640x480.jpg,2026-09-24,640x480,n,0.8895,template,0,0.0,0.0,33,30,3,7,33,0,0,0,106.38
2026-09-24_16-00-00,2026-09-24_16-00-00_640x480.jpg,2026-09-24,640x480,s,0.8895,template,0,0.0,0.0,37,32,5,3,39,2,0,0,316.18
2026-09-24_16-00-00,2026-09-24_16-00-00_640x480.jpg,2026-09-24,640x480,m,0.8895,template,0,0.0,0.0,37,32,5,3,41,4,0,0,714.87
2026-09-24_16-00-00,2026-09-24_16-00-03_1332x990.jpg,2026-09-24,1332x990,n,0.8895,template,0,0.0,0.0,34,31,3,6,34,0,0,0,99.19
2026-09-24_16-00-00,2026-09-24_16-00-03_1332x990.jpg,2026-09-24,1332x990,s,0.8895,template,0,0.0,0.0,35,33,2,5,35,0,0,0,292.64
2026-09-24_16-00-00,2026-09-24_16-00-03_1332x990.jpg,2026-09-24,1332x990,m,0.8895,template,0,0.0,0.0,38,35,3,2,40,2,0,1,726.38
2026-09-24_16-00-00,2026-09-24_16-00-05_2028x1520.jpg,2026-09-24,2028x1520,n,0.8895,template,0,0.0,0.0,33,31,2,7,33,0,0,0,94.22
2026-09-24_16-00-00,2026-09-24_16-00-05_2028x1520.jpg,2026-09-24,2028x1520,s,0.8895,template,0,0.0,0.0,37,35,2,3,37,0,0,1,306.74
2026-09-24_16-00-00,2026-09-24_16-00-05_2028x1520.jpg,2026-09-24,2028x1520,m,0.8895,template,0,0.0,0.0,37,35,2,3,41,4,0,1,698.32
2026-09-24_16-00-00,2026-09-24_16-00-08_4056x3040.jpg,2026-09-24,4056x3040,n,0.8895,template,0,0.0,0.0,32,31,1,8,32,0,0,0,100.67
2026-09-24_16-00-00,2026-09-24_16-00-08_4056x3040.jpg,2026-09-24,4056x3040,s,0.8895,template,0,0.0,0.0,35,33,2,5,35,0,0,0,301.53
2026-09-24_16-00-00,2026-09-24_16-00-08_4056x3040.jpg,2026-09-24,4056x3040,m,0.8895,template,0,0.0,0.0,38,34,4,2,40,2,0,1,649.14
2026-09-24_16-15-00,2026-09-24_16-15-00_640x480.jpg,2026-09-24,640x480,n,0.8747,template,0,0.0,0.0,33,30,3,7,34,0,1,0,101.8
2026-09-24_16-15-00,2026-09-24_16-15-00_640x480.jpg,2026-09-24,640x480,s,0.8747,template,0,0.0,0.0,36,33,3,4,37,1,0,0,241.43
2026-09-24_16-15-00,2026-09-24_16-15-00_640x480.jpg,2026-09-24,640x480,m,0.8747,template,0,0.0,0.0,38,32,6,2,39,1,0,0,652.98
2026-09-24_16-15-00,2026-09-24_16-15-02_1332x990.jpg,2026-09-24,1332x990,n,0.8747,template,0,0.0,0.0,32,30,2,8,32,0,0,0,105.72
2026-09-24_16-15-00,2026-09-24_16-15-02_1332x990.jpg,2026-09-24,1332x990,s,0.8747,template,0,0.0,0.0,37,33,4,3,37,0,0,0,311.84
2026-09-24_16-15-00,2026-09-24_16-15-02_1332x990.jpg,2026-09-24,1332x990,m,0.8747,template,0,0.0,0.0,37,34,3,3,39,2,0,1,669.6
2026-09-24_16-15-00,2026-09-24_16-15-05_2028x1520.jpg,2026-09-24,2028x1520,n,0.8747,template,0,0.0,0.0,35,31,4,5,35,0,0,0,106.91
2026-09-24_16-15-00,2026-09-24_16-15-05_2028x1520.jpg,2026-09-24,2028x1520,s,0.8747,template,0,0.0,0.0,38,33,5,2,39,1,0,0,287.87
2026-09-24_16-15-00,2026-09-24_16-15-05_2028x1520.jpg,2026-09-24,2028x1520,m,0.8747,template,0,0.0,0.0,37,33,4,3,39,2,0,0,623.67
2026-09-24_16-15-00,2026-09-24_16-15-07_4056x3040.jpg,2026-09-24,4056x3040,n,0.8747,template,0,0.0,0.0,34,31,3,6,34,0,0,0,83.7
2026-09-24_16-15-00,2026-09-24_16-15-07_4056x3040.jpg,2026-09-24,4056x3040,s,0.8747,template,0,0.0,0.0,38,33,5,2,38,0,0,0,295.67
2026-09-24_16-15-00,2026-09-24_16-15-07_4056x3040.jpg,2026-09-24,4056x3040,m,0.8747,template,0,0.0,0.0,38,34,4,2,42,4,0,1,646.64
2026-09-24_16-30-00,2026-09-24_16-30-00_640x480.jpg,2026-09-24,640x480,n,0.8897,template,0,0.0,0.0,33,30,3,7,33,0,0,0,100.23
2026-09-24_16-30-00,2026-09-24_16-30-00_640x480.jpg,2026-09-24,640x480,s,0.8897,template,0,0.0,0.0,35,31,4,5,37,2,0,0,276.22
2026-09-24_16-30-00,2026-09-24_16-30-00_640x480.jpg,2026-09-24,640x480,m,0.8897,template,0,0.0,0.0,38,33,5,2,38,0,0,0,696.91
2026-09-24_16-30-00,2026-09-24_16-30-03_1332x990.jpg,2026-09-24,1332x990,n,0.8897,template,0,0.0,0.0,33,31,2,7,33,0,0,0,97.92
2026-09-24_16-30-00,2026-09-24_16-30-03_1332x990.jpg,2026-09-24,1332x990,s,0.8897,template,0,0.0,0.0,38,34,4,2,39,1,0,1,291.07
2026-09-24_16-30-00,2026-09-24_16-30-03_1332x990.jpg,2026-09-24,1332x990,m,0.8897,template,0,0.0,0.0,36,32,4,4,39,3,0,0,685.62
2026-09-24_16-30-00,2026-09-24_16-30-05_2028x1520.jpg,2026-09-24,2028x1520,n,0.8897,template,0,0.0,0.0,32,30,2,8,32,0,0,0,91.11
2026-09-24_16-30-00,2026-09-24_16-30-05_2028x1520.jpg,2026-09-24,2028x1520,s,0.8897,template,0,0.0,0.0,37,32,5,3,38,1,0,0,293.44
2026-09-24_16-30-00,2026-09-24_16-30-05_2028x1520.jpg,2026-09-24,2028x1520,m,0.8897,template,0,0.0,0.0,37,34,3,3,39,2,0,1,686.04
2026-09-24_16-30-00,2026-09-24_16-30-08_4056x3040.jpg,2026-09-24,4056x3040,n,0.8897,template,0,0.0,0.0,31,30,1,9,31,0,0,0,86.9
2026-09-24_16-30-00,2026-09-24_16-30-08_4056x3040.jpg,2026-09-24,4056x3040,s,0.8897,template,0,0.0,0.0,38,33,5,2,41,3,0,0,266.97
2026-09-24_16-30-00,2026-09-24_16-30-08_4056x3040.jpg,2026-09-24,4056x3040,m,0.8897,template,0,0.0,0.0,37,32,5,3,40,3,0,0,701.34
2026-09-24_16-45-00,2026-09-24_16-45-00_640x480.jpg,2026-09-24,640x480,n,0.8792,template,0,0.0,0.0,33,31,2,7,33,0,0,0,83.12
2026-09-24_16-45-00,2026-09-24_16-45-00_640x480.jpg,2026-09-24,640x480,s,0.8792,template,0,0.0,0.0,37,33,4,3,38,0,1,0,269.97
2026-09-24_16-45-00,2026-09-24_16-45-00_640x480.jpg,2026-09-24,640x480,m,0.8792,template,0,0.0,0.0,38,33,5,2,40,2,0,0,686.64
2026-09-24_16-45-00,2026-09-24_16-45-03_1332x990.jpg,2026-09-24,1332x990,n,0.8792,template,0,0.0,0.0,34,30,4,6,34,0,0,0,90.89
2026-09-24_16-45-00,2026-09-24_16-45-03_1332x990.jpg,2026-09-24,1332x990,s,0.8792,template,0,0.0,0.0,38,33,5,2,39,1,0,0,296.98
2026-09-24_16-45-00,2026-09-24_16-45-03_1332x990.jpg,2026-09-24,1332x990,m,0.8792,template,0,0.0,0.0,36,32,4,4,37,1,0,0,653.11
2026-09-24_16-45-00,2026-09-24_16-45-06_2028x1520.jpg,2026-09-24,2028x1520,n,0.8792,template,0,0.0,0.0,32,30,2,8,32,0,0,0,88.17
2026-09-24_16-45-00,2026-09-24_16-45-06_2028x1520.jpg,2026-09-24,2028x1520,s,0.8792,template,0,0.0,0.0,36,32,4,4,36,0,0,0,264.88
2026-09-24_16-45-00,2026-09-24_16-45-06_2028x1520.jpg,2026-09-24,2028x1520,m,0.8792,template,0,0.0,0.0,37,33,4,3,39,2,0,0,680.64
2026-09-24_16-45-00,2026-09-24_16-45-08_4056x3040.jpg,2026-09-24,4056x3040,n,0.8792,template,0,0.0,0.0,32,30,2,8,33,1,0,0,104.05
2026-09-24_16-45-00,2026-09-24_16-45-08_4056x3040.jpg,2026-09-24,4056x3040,s,0.8792,template,0,0.0,0.0,37,33,4,3,38,1,0,0,245.38
2026-09-24_16-45-00,2026-09-24_16-45-08_4056x3040.jpg,2026-09-24,4056x3040,m,0.8792,template,0,0.0,0.0,36,33,3,4,37,1,0,0,653.01
2026-09-24_17-00-00,2026-09-24_17-00-00_640x480.jpg,2026-09-24,640x480,n,0.9088,template,0,0.0,0.0,32,30,2,8,33,1,0,0,98.29
2026-09-24_17-00-00,2026-09-24_17-00-00_640x480.jpg,2026-09-24,640x480,s,0.9088,template,0,0.0,0.0,36,31,5,4,36,0,0,0,299.05
2026-09-24_17-00-00,2026-09-24_17-00-00_640x480.jpg,2026-09-24,640x480,m,0.9088,template,0,0.0,0.0,38,33,5,2,39,1,0,0,682.31
2026-09-24_17-00-00,2026-09-24_17-00-03_1332x990.jpg,2026-09-24,1332x990,n,0.9088,template,0,0.0,0.0,33,30,3,7,34,1,0,0,95.45
2026-09-24_17-00-00,2026-09-24_17-00-03_1332x990.jpg,2026-09-24,1332x990,s,0.9088,template,0,0.0,0.0,39,34,5,1,39,0,0,1,289.82
2026-09-24_17-00-00,2026-09-24_17-00-03_1332x990.jpg,2026-09-24,1332x990,m,0.9088,template,0,0.0,0.0,38,33,5,2,38,0,0,0,641.0
2026-09-24_17-00-00,2026-09-24_17-00-05_2028x1520.jpg,2026-09-24,2028x1520,n,0.9088,template,0,0.0,0.0,32,30,2,8,32,0,0,0,80.78
2026-09-24_17-00-00,2026-09-24_17-00-05_2028x1520.jpg,2026-09-24,2028x1520,s,0.9088,template,0,0.0,0.0,37,34,3,3,37,0,0,1,274.15
2026-09-24_17-00-00,2026-09-24_17-00-05_2028x1520.jpg,2026-09-24,2028x1520,m,0.9088,template,0,0.0,0.0,38,33,5,2,39,1,0,0,661.56
2026-09-24_17-00-00,2026-09-24_17-00-08_4056x3040.jpg,2026-09-24,4056x3040,n,0.9088,template,0,0.0,0.0,32,30,2,8,33,1,0,0,106.48
2026-09-24_17-00-00,2026-09-24_17-00-08_4056x3040.jpg,2026-09-24,4056x3040,s,0.9088,template,0,0.0,0.0,39,34,5,1,40,1,0,1,272.41
2026-09-24_17-00-00,2026-09-24_17-00-08_4056x3040.jpg,2026-09-24,4056x3040,m,0.9088,template,0,0.0,0.0,36,33,3,4,38,2,0,0,703.96
2026-09-24_17-15-00,2026-09-24_17-15-00_640x480.jpg,2026-09-24,640x480,n,0.8996,template,0,0.0,0.0,34,31,3,6,34,0,0,0,105.85
2026-09-24_17-15-00,2026-09-24_17-15-00_640x480.jpg,2026-09-24,640x480,s,0.8996,template,0,0.0,0.0,38,34,4,2,39,0,1,1,271.32
2026-09-24_17-15-00,2026-09-24_17-15-00_640x480.jpg,2026-09-24,640x480,m,0.8996,template,0,0.0,0.0,36,33,3,4,38,2,0,0,681.53
2026-09-24_17-15-00,2026-09-24_17-15-03_1332x990.jpg,2026-09-24,1332x990,n,0.8996,template,0,0.0,0.0,33,30,3,7,33,0,0,0,100.48
2026-09-24_17-15-00,2026-09-24_17-15-03_1332x990.jpg,2026-09-24,1332x990,s,0.8996,template,0,0.0,0.0,38,33,5,2,40,1,1,0,253.85
2026-09-24_17-15-00,2026-09-24_17-15-03_1332x990.jpg,2026-09-24,1332x990,m,0.8996,template,0,0.0,0.0,38,32,6,2,41,3,0,0,645.07
2026-09-24_17-15-00,2026-09-24_17-15-06_2028x1520.jpg,2026-09-24,2028x1520,n,0.8996,template,0,0.0,0.0,32,30,2,8,32,0,0,0,101.75
2026-09-24_17-15-00,2026-09-24_17-15-06_2028x1520.jpg,2026-09-24,2028x1520,s,0.8996,template,0,0.0,0.0,37,33,4,3,38,1,0,0,274.41
2026-09-24_17-15-00,2026-09-24_17-15-06_2028x1520.jpg,2026-09-24,2028x1520,m,0.8996,template,0,0.0,0.0,36,33,3,4,39,3,0,0,667.86
2026-09-24_17-15-00,2026-09-24_17-15-08_4056x3040.jpg,2026-09-24,4056x3040,n,0.8996,template,0,0.0,0.0,33,31,2,7,33,0,0,0,92.12
2026-09-24_17-15-00,2026-09-24_17-15-08_4056x3040.jpg,2026-09-24,4056x3040,s,0.8996,template,0,0.0,0.0,38,33,5,2,38,0,0,0,275.56
2026-09-24_17-15-00,2026-09-24_17-15-08_4056x3040.jpg,2026-09-24,4056x3040,m,0.8996,template,0,0.0,0.0,40,33,7,0,42,2,0,0,669.83
2026-09-24_17-30-00,2026-09-24_17-30-00_640x480.jpg,2026-09-24,640x480,n,0.904,template,0,0.0,0.0,32,30,2,8,34,2,0,0,101.43
2026-09-24_17-30-00,2026-09-24_17-30-00_640x480.jpg,2026-09-24,640x480,s,0.904,template,0,0.0,0.0,35,32,3,5,35,0,0,0,258.69
2026-09-24_17-30-00,2026-09-24_17-30-00_640x480.jpg,2026-09-24,640x480,m,0.904,template,0,0.0,0.0,38,32,6,2,40,2,0,0,701.69
2026-09-24_17-30-00,2026-09-24_17-30-03_1332x990.jpg,2026-09-24,1332x990,n,0.904,template,0,0.0,0.0,34,31,3,6,34,0,0,0,85.25
2026-09-24_17-30-00,2026-09-24_17-30-03_1332x990.jpg,2026-09-24,1332x990,s,0.904,template,0,0.0,0.0,38,32,6,2,38,0,0,0,275.59
2026-09-24_17-30-00,2026-09-24_17-30-03_1332x990.jpg,2026-09-24,1332x990,m,0.904,template,0,0.0,0.0,37,34,3,3,39,2,0,1,665.51
2026-09-24_17-30-00,2026-09-24_17-30-05_2028x1520.jpg,2026-09-24,2028x1520,n,0.904,template,0,0.0,0.0,32,30,2,8,32,0,0,0,103.27
2026-09-24_17-30-00,2026-09-24_17-30-05_2028x1520.jpg,2026-09-24,2028x1520,s,0.904,template,0,0.0,0.0,37,33,4,3,37,0,0,0,294.31
2026-09-24_17-30-00,2026-09-24_17-30-05_2028x1520.jpg,2026-09-24,2028x1520,m,0.904,template,0,0.0,0.0,38,34,4,2,41,3,0,1,660.93
2026-09-24_17-30-00,2026-09-24_17-30-08_4056x3040.jpg,2026-09-24,4056x3040,n,0.904,template,0,0.0,0.0,32,30,2,8,32,0,0,0,96.78
2026-09-24_17-30-00,2026-09-24_17-30-08_4056x3040.jpg,2026-09-24,4056x3040,s,0.904,template,0,0.0,0.0,39,34,5,1,39,0,0,1,272.75
2026-09-24_17-30-00,2026-09-24_17-30-08_4056x3040.jpg,2026-09-24,4056x3040,m,0.904,template,0,0.0,0.0,38,33,5,2,40,2,0,0,665.66
2026-09-24_17-45-00,2026-09-24_17-45-00_640x480.jpg,2026-09-24,640x480,n,0.9227,template,0,0.0,0.0,35,31,4,5,36,1,0,0,94.05
2026-09-24_17-45-00,2026-09-24_17-45-00_640x480.jpg,2026-09-24,640x480,s,0.9227,template,0,0.0,0.0,38,33,5,2,40,2,0,0,284.09
2026-09-24_17-45-00,2026-09-24_17-45-00_640x480.jpg,2026-09-24,640x480,m,0.9227,template,0,0.0,0.0,39,33,6,1,40,1,0,0,667.7
2026-09-24_17-45-00,2026-09-24_17-45-03_1332x990.jpg,2026-09-24,1332x990,n,0.9227,template,0,0.0,0.0,33,31,2,7,33,0,0,0,82.04
2026-09-24_17-45-00,2026-09-24_17-45-03_1332x990.jpg,2026-09-24,1332x990,s,0.9227,template,0,0.0,0.0,37,31,6,3,37,0,0,0,278.28
2026-09-24_17-45-00,2026-09-24_17-45-03_1332x990.jpg,2026-09-24,1332x990,m,0.9227,template,0,0.0,0.0,39,35,4,1,41,2,0,1,633.77
2026-09-24_17-45-00,2026-09-24_17-45-06_2028x1520.jpg,2026-09-24,2028x1520,n,0.9227,template,0,0.0,0.0,33,30,3,7,33,0,0,0,84.65
2026-09-24_17-45-00,2026-09-24_17-45-06_2028x1520.jpg,2026-09-24,2028x1520,s,0.9227,template,0,0.0,0.0,38,34,4,2,38,0,0,1,263.69
2026-09-24_17-45-00,2026-09-24_17-45-06_2028x1520.jpg,2026-09-24,2028x1520,m,0.9227,template,0,0.0,0.0,37,34,3,3,39,2,0,1,678.31
2026-09-24_17-45-00,2026-09-24_17-45-08_4056x3040.jpg,2026-09-24,4056x3040,n,0.9227,template,0,0.0,0.0,33,31,2,7,33,0,0,0,118.21
2026-09-24_17-45-00,2026-09-24_17-45-08_4056x3040.jpg,2026-09-24,4056x3040,s,0.9227,template,0,0.0,0.0,38,34,4,2,38,0,0,1,279.53
2026-09-24_17-45-00,2026-09-24_17-45-08_4056x3040.jpg,2026-09-24,4056x3040,m,0.9227,template,0,0.0,0.0,39,34,5,1,41,2,0,1,710.47
2026-09-24_18-00-00,2026-09-24_18-00-00_640x480.jpg,2026-09-24,640x480,n,0.9367,template,0,0.0,0.0,34,30,4,6,35,1,0,0,91.92
2026-09-24_18-00-00,2026-09-24_18-00-00_640x480.jpg,2026-09-24,640x480,s,0.9367,template,0,0.0,0.0,37,31,6,3,38,1,0,0,282.78
2026-09-24_18-00-00,2026-09-24_18-00-00_640x480.jpg,2026-09-24,640x480,m,0.9367,template,0,0.0,0.0,38,34,4,2,41,3,0,1,674.35
2026-09-24_18-00-00,2026-09-24_18-00-02_1332x990.jpg,2026-09-24,1332x990,n,0.9367,template,0,0.0,0.0,33,30,3,7,33,0,0,0,90.73
2026-09-24_18-00-00,2026-09-24_18-00-02_1332x990.jpg,2026-09-24,1332x990,s,0.9367,template,0,0.0,0.0,38,34,4,2,38,0,0,1,278.79
2026-09-24_18-00-00,2026-09-24_18-00-02_1332x990.jpg,2026-09-24,1332x990,m,0.9367,template,0,0.0,0.0,37,33,4,3,40,3,0,0,643.98
2026-09-24_18-00-00,2026-09-24_18-00-05_2028x1520.jpg,2026-09-24,2028x1520,n,0.9367,template,0,0.0,0.0,32,30,2,8,32,0,0,0,98.51
2026-09-24_18-00-00,2026-09-24_18-00-05_2028x1520.jpg,2026-09-24,2028x1520,s,0.9367,template,0,0.0,0.0,35,32,3,5,35,0,0,0,256.9
2026-09-24_18-00-00,2026-09-24_18-00-05_2028x1520.jpg,2026-09-24,2028x1520,m,0.9367,template,0,0.0,0.0,38,33,5,2,38,0,0,0,656.85
2026-09-24_18-00-00,2026-09-24_18-00-08_4056x3040.jpg,2026-09-24,4056x3040,n,0.9367,template,0,0.0,0.0,32,30,2,8,33,1,0,0,85.68
2026-09-24_18-00-00,2026-09-24_18-00-08_4056x3040.jpg,2026-09-24,4056x3040,s,0.9367,template,0,0.0,0.0,39,33,6,1,39,0,0,0,281.35
2026-09-24_18-00-00,2026-09-24_18-00-08_4056x3040.jpg,2026-09-24,4056x3040,m,0.9367,template,0,0.0,0.0,38,33,5,2,39,1,0,0,652.28
2026-09-24_18-15-00,2026-09-24_18-15-00_640x480.jpg,2026-09-24,640x480,n,0.9446,template,0,0.0,0.0,34,30,4,6,34,0,0,0,92.79
2026-09-24_18-15-00,2026-09-24_18-15-00_640x480.jpg,2026-09-24,640x480,s,0.9446,template,0,0.0,0.0,39,33,6,1,41,2,0,0,285.75
2026-09-24_18-15-00,2026-09-24_18-15-00_640x480.jpg,2026-09-24,640x480,m,0.9446,template,0,0.0,0.0,38,34,4,2,39,1,0,1,664.85
2026-09-24_18-15-00,2026-09-24_18-15-03_1332x990.jpg,2026-09-24,1332x990,n,0.9446,template,0,0.0,0.0,34,31,3,6,34,0,0,0,103.1
2026-09-24_18-15-00,2026-09-24_18-15-03_1332x990.jpg,2026-09-24,1332x990,s,0.9446,template,0,0.0,0.0,39,34,5,1,40,0,1,1,271.52
2026-09-24_18-15-00,2026-09-24_18-15-03_1332x990.jpg,2026-09-24,1332x990,m,0.9446,template,0,0.0,0.0,38,33,5,2,38,0,0,0,669.57
2026-09-24_18-15-00,2026-09-24_18-15-06_2028x1520.jpg,2026-09-24,2028x1520,n,0.9446,template,0,0.0,0.0,32,30,2,8,32,0,0,0,96.55
2026-09-24_18-15-00,2026-09-24_18-15-06_2028x1520.jpg,2026-09-24,2028x1520,s,0.9446,template,0,0.0,0.0,38,34,4,2,38,0,0,1,279.25
2026-09-24_18-15-00,2026-09-24_18-15-06_2028x1520.jpg,2026-09-24,2028x1520,m,0.9446,template,0,0.0,0.0,38,34,4,2,40,2,0,1,650.82
2026-09-24_18-15-00,2026-09-24_18-15-08_4056x3040.jpg,2026-09-24,4056x3040,n,0.9446,template,0,0.0,0.0,32,30,2,8,32,0,0,0,122.61
2026-09-24_18-15-00,2026-09-24_18-15-08_4056x3040.jpg,2026-09-24,4056x3040,s,0.9446,template,0,0.0,0.0,38,35,3,2,38,0,0,1,294.18
2026-09-24_18-15-00,2026-09-24_18-15-08_4056x3040.jpg,2026-09-24,4056x3040,m,0.9446,template,0,0.0,0.0,37,33,4,3,40,3,0,0,663.91
2026-09-24_18-30-00,2026-09-24_18-30-00_640x480.jpg,2026-09-24,640x480,n,0.9482,template,0,0.0,0.0,32,30,2,8,33,1,0,0,100.15
2026-09-24_18-30-00,2026-09-24_18-30-00_640x480.jpg,2026-09-24,640x480,s,0.9482,template,0,0.0,0.0,37,32,5,3,37,0,0,0,305.32
2026-09-24_18-30-00,2026-09-24_18-30-00_640x480.jpg,2026-09-24,640x480,m,0.9482,template,0,0.0,0.0,37,34,3,3,37,0,0,1,689.51
2026-09-24_18-30-00,2026-09-24_18-30-03_1332x990.jpg,2026-09-24,1332x990,n,0.9482,template,0,0.0,0.0,35,30,5,5,35,0,0,0,83.35
2026-09-24_18-30-00,2026-09-24_18-30-03_1332x990.jpg,2026-09-24,1332x990,s,0.9482,template,0,0.0,0.0,39,34,5,1,40,1,0,1,281.05
2026-09-24_18-30-00,2026-09-24_18-30-03_1332x990.jpg,2026-09-24,1332x990,m,0.9482,template,0,0.0,0.0,39,33,6,1,40,1,0,0,668.46
2026-09-24_18-30-00,2026-09-24_18-30-05_2028x1520.jpg,2026-09-24,2028x1520,n,0.9482,template,0,0.0,0.0,33,30,3,7,33,0,0,0,105.58
2026-09-24_18-30-00,2026-09-24_18-30-05_2028x1520.jpg,2026-09-24,2028x1520,s,0.9482,template,0,0.0,0.0,37,35,2,3,38,1,0,1,287.35
2026-09-24_18-30-00,2026-09-24_18-30-05_2028x1520.jpg,2026-09-24,2028x1520,m,0.9482,template,0,0.0,0.0,38,34,4,2,42,4,0,1,655.53
2026-09-24_18-30-00,2026-09-24_18-30-08_4056x3040.jpg,2026-09-24,4056x3040,n,0.9482,template,0,0.0,0.0,32,30,2,8,32,0,0,0,103.49
2026-09-24_18-30-00,2026-09-24_18-30-08_4056x3040.jpg,2026-09-24,4056x3040,s,0.9482,template,0,0.0,0.0,38,35,3,2,38,0,0,1,302.32
2026-09-24_18-30-00,2026-09-24_18-30-08_4056x3040.jpg,2026-09-24,4056x3040,m,0.9482,template,0,0.0,0.0,37,33,4,3,39,2,0,0,681.0
2026-09-24_18-45-00,2026-09-24_18-45-00_640x480.jpg,2026-09-24,640x480,n,0.9408,template,0,0.0,0.0,34,30,4,6,34,0,0,0,106.75
2026-09-24_18-45-00,2026-09-24_18-45-00_640x480.jpg,2026-09-24,640x480,s,0.9408,template,0,0.0,0.0,36,32,4,4,37,0,1,0,293.96
2026-09-24_18-45-00,2026-09-24_18-45-00_640x480.jpg,2026-09-24,640x480,m,0.9408,template,0,0.0,0.0,37,32,5,3,38,1,0,0,684.43
2026-09-24_18-45-00,2026-09-24_18-45-03_1332x990.jpg,2026-09-24,1332x990,n,0.9408,template,0,0.0,0.0,33,30,3,7,34,1,0,0,102.36
2026-09-24_18-45-00,2026-09-24_18-45-03_1332x990.jpg,2026-09-24,1332x990,s,0.9408,template,0,0.0,0.0,39,34,5,1,39,0,0,1,291.62
2026-09-24_18-45-00,2026-09-24_18-45-03_1332x990.jpg,2026-09-24,1332x990,m,0.9408,template,0,0.0,0.0,37,32,5,3,38,1,0,0,660.51
2026-09-24_18-45-00,2026-09-24_18-45-06_2028x1520.jpg,2026-09-24,2028x1520,n,0.9408,template,0,0.0,0.0,34,31,3,6,34,0,0,0,106.24
2026-09-24_18-45-00,2026-09-24_18-45-06_2028x1520.jpg,2026-09-24,2028x1520,s,0.9408,template,0,0.0,0.0,38,34,4,2,39,1,0,1,279.02
2026-09-24_18-45-00,2026-09-24_18-45-06_2028x1520.jpg,2026-09-24,2028x1520,m,0.9408,template,0,0.0,0.0,37,33,4,3,40,3,0,0,641.56
2026-09-24_18-45-00,2026-09-24_18-45-08_4056x3040.jpg,2026-09-24,4056x3040,n,0.9408,template,0,0.0,0.0,34,30,4,6,34,0,0,0,106.35
2026-09-24_18-45-00,2026-09-24_18-45-08_4056x3040.jpg,2026-09-24,4056x3040,s,0.9408,template,0,0.0,0.0,38,33,5,2,38,0,0,0,288.43
2026-09-24_18-45-00,2026-09-24_18-45-08_4056x3040.jpg,2026-09-24,4056x3040,m,0.9408,template,0,0.0,0.0,37,33,4,3,39,2,0,0,691.88
2026-09-25_08-15-00,2026-09-25_08-15-00_640x480.jpg,2026-09-25,640x480,n,0.9449,template,0,-32.0,-12.0,34,31,3,6,34,0,0,0,105.09
2026-09-25_08-15-00,2026-09-25_08-15-00_640x480.jpg,2026-09-25,640x480,s,0.9449,template,0,-32.0,-12.0,38,33,5,2,40,1,1,0,293.42
2026-09-25_08-15-00,2026-09-25_08-15-00_640x480.jpg,2026-09-25,640x480,m,0.9449,template,0,-32.0,-12.0,39,32,7,1,41,2,0,0,680.1
2026-09-25_08-15-00,2026-09-25_08-15-03_1332x990.jpg,2026-09-25,1332x990,n,0.9449,template,0,-32.0,-12.0,35,33,2,5,35,0,0,0,102.23
2026-09-25_08-15-00,2026-09-25_08-15-03_1332x990.jpg,2026-09-25,1332x990,s,0.9449,template,0,-32.0,-12.0,39,35,4,1,42,1,2,1,308.42
2026-09-25_08-15-00,2026-09-25_08-15-03_1332x990.jpg,2026-09-25,1332x990,m,0.9449,template,0,-32.0,-12.0,37,35,2,3,38,1,0,1,668.65
2026-09-25_08-15-00,2026-09-25_08-15-05_2028x1520.jpg,2026-09-25,2028x1520,n,0.9449,template,0,-32.0,-12.0,35,32,3,5,35,0,0,0,98.01
2026-09-25_08-15-00,2026-09-25_08-15-05_2028x1520.jpg,2026-09-25,2028x1520,s,0.9449,template,0,-32.0,-12.0,39,34,5,1,40,1,0,1,294.92
2026-09-25_08-15-00,2026-09-25_08-15-05_2028x1520.jpg,2026-09-25,2028x1520,m,0.9449,template,0,-32.0,-12.0,38,34,4,2,38,0,0,1,698.99
2026-09-25_08-15-00,2026-09-25_08-15-08_4056x3040.jpg,2026-09-25,4056x3040,n,0.9449,template,0,-32.0,-12.0,35,33,2,5,35,0,0,0,103.58
2026-09-25_08-15-00,2026-09-25_08-15-08_4056x3040.jpg,2026-09-25,4056x3040,s,0.9449,template,0,-32.0,-12.0,39,35,4,1,40,0,1,1,296.06
2026-09-25_08-15-00,2026-09-25_08-15-08_4056x3040.jpg,2026-09-25,4056x3040,m,0.9449,template,0,-32.0,-12.0,36,33,3,4,36,0,0,0,694.49
2026-09-25_08-30-00,2026-09-25_08-30-00_640x480.jpg,2026-09-25,640x480,n,0.9469,template,0,-32.0,-12.0,33,31,2,7,33,0,0,0,108.99
2026-09-25_08-30-00,2026-09-25_08-30-00_640x480.jpg,2026-09-25,640x480,s,0.9469,template,0,-32.0,-12.0,38,33,5,2,41,2,1,0,294.36
2026-09-25_08-30-00,2026-09-25_08-30-00_640x480.jpg,2026-09-25,640x480,m,0.9469,template,0,-32.0,-12.0,37,33,4,3,37,0,0,0,691.59
2026-09-25_08-30-00,2026-09-25_08-30-03_1332x990.jpg,2026-09-25,1332x990,n,0.9469,template,0,-32.0,-12.0,35,33,2,5,35,0,0,0,101.56
2026-09-25_08-30-00,2026-09-25_08-30-03_1332x990.jpg,2026-09-25,1332x990,s,0.9469,template,0,-32.0,-12.0,37,33,4,3,41,1,3,0,303.99
2026-09-25_08-30-00,2026-09-25_08-30-03_1332x990.jpg,2026-09-25,1332x990,m,0.9469,template,0,-32.0,-12.0,36,33,3,4,37,1,0,0,699.3
2026-09-25_08-30-00,2026-09-25_08-30-06_2028x1520.jpg,2026-09-25,2028x1520,n,0.9469,template,0,-32.0,-12.0,35,33,2,5,35,0,0,0,95.08
2026-09-25_08-30-00,2026-09-25_08-30-06_2028x1520.jpg,2026-09-25,2028x1520,s,0.9469,template,0,-32.0,-12.0,38,32,6,2,41,2,1,0,276.01
2026-09-25_08-30-00,2026-09-25_08-30-06_2028x1520.jpg,2026-09-25,2028x1520,m,0.9469,template,0,-32.0,-12.0,38,34,4,2,38,0,0,1,667.85
2026-09-25_08-30-00,2026-09-25_08-30-08_4056x3040.jpg,2026-09-25,4056x3040,n,0.9469,template,0,-32.0,-12.0,35,33,2,5,35,0,0,0,98.28
2026-09-25_08-30-00,2026-09-25_08-30-08_4056x3040.jpg,2026-09-25,4056x3040,s,0.9469,template,0,-32.0,-12.0,37,34,3,3,38,1,0,1,292.63
2026-09-25_08-30-00,2026-09-25_08-30-08_4056x3040.jpg,2026-09-25,4056x3040,m,0.9469,template,0,-32.0,-12.0,37,35,2,3,38,1,0,1,686.03
2026-09-25_08-45-00,2026-09-25_08-45-00_640x480.jpg,2026-09-25,640x480,n,0.9478,template,0,-32.0,-12.0,33,31,2,7,33,0,0,0,109.05
2026-09-25_08-45-00,2026-09-25_08-45-00_640x480.jpg,2026-09-25,640x480,s,0.9478,template,0,-32.0,-12.0,37,33,4,3,40,1,2,0,286.09
2026-09-25_08-45-00,2026-09-25_08-45-00_640x480.jpg,2026-09-25,640x480,m,0.9478,template,0,-32.0,-12.0,38,33,5,2,39,1,0,0,692.69
2026-09-25_08-45-00,2026-09-25_08-45-03_1332x990.jpg,2026-09-25,1332x990,n,0.9478,template,0,-32.0,-12.0,35,33,2,5,35,0,0,0,96.01
2026-09-25_08-45-00,2026-09-25_08-45-03_1332x990.jpg,2026-09-25,1332x990,s,0.9478,template,0,-32.0,-12.0,39,35,4,1,40,0,1,1,291.66
2026-09-25_08-45-00,2026-09-25_08-45-03_1332x990.jpg,2026-09-25,1332x990,m,0.9478,template,0,-32.0,-12.0,36,34,2,4,37,1,0,1,716.11
2026-09-25_08-45-00,2026-09-25_08-45-05_2028x1520.jpg,2026-09-25,2028x1520,n,0.9478,template,0,-32.0,-12.0,35,32,3,5,35,0,0,0,97.53
2026-09-25_08-45-00,2026-09-25_08-45-05_2028x1520.jpg,2026-09-25,2028x1520,s,0.9478,template,0,-32.0,-12.0,38,35,3,2,40,1,1,1,277.33
2026-09-25_08-45-00,2026-09-25_08-45-05_2028x1520.jpg,2026-09-25,2028x1520,m,0.9478,template,0,-32.0,-12.0,38,34,4,2,39,1,0,1,709.5
2026-09-25_08-45-00,2026-09-25_08-45-08_4056x3040.jpg,2026-09-25,4056x3040,n,0.9478,template,0,-32.0,-12.0,35,33,2,5,35,0,0,0,102.0
2026-09-25_08-45-00,2026-09-25_08-45-08_4056x3040.jpg,2026-09-25,4056x3040,s,0.9478,template,0,-32.0,-12.0,38,34,4,2,38,0,0,1,259.61
2026-09-25_08-45-00,2026-09-25_08-45-08_4056x3040.jpg,2026-09-25,4056x3040,m,0.9478,template,0,-32.0,-12.0,38,34,4,2,40,2,0,1,675.8
2026-09-25_09-00-00,2026-09-25_09-00-00_640x480.jpg,2026-09-25,640x480,n,0.9485,template,0,-32.0,-12.0,34,31,3,6,35,1,0,0,106.0
2026-09-25_09-00-00,2026-09-25_09-00-00_640x480.jpg,2026-09-25,640x480,s,0.9485,template,0,-32.0,-12.0,37,33,4,3,41,1,3,0,302.91
2026-09-25_09-00-00,2026-09-25_09-00-00_640x480.jpg,2026-09-25,640x480,m,0.9485,template,0,-32.0,-12.0,39,35,4,1,40,1,0,1,661.5
2026-09-25_09-00-00,2026-09-25_09-00-02_1332x990.jpg,2026-09-25,1332x990,n,0.9485,template,0,-32.0,-12.0,34,32,2,6,35,1,0,0,82.73
2026-09-25_09-00-00,2026-09-25_09-00-02_1332x990.jpg,2026-09-25,1332x990,s,0.9485,template,0,-32.0,-12.0,39,35,4,1,43,1,3,1,277.94
2026-09-25_09-00-00,2026-09-25_09-00-02_1332x990.jpg,2026-09-25,1332x990,m,0.9485,template,0,-32.0,-12.0,39,34,5,1,40,1,0,1,664.06
2026-09-25_09-00-00,2026-09-25_09-00-05_2028x1520.jpg,2026-09-25,2028x1520,n,0.9485,template,0,-32.0,-12.0,34,32,2,6,34,0,0,0,95.21
2026-09-25_09-00-00,2026-09-25_09-00-05_2028x1520.jpg,2026-09-25,2028x1520,s,0.9485,template,0,-32.0,-12.0,38,34,4,2,40,1,1,1,280.66
2026-09-25_09-00-00,2026-09-25_09-00-05_2028x1520.jpg,2026-09-25,2028x1520,m,0.9485,template,0,-32.0,-12.0,38,34,4,2,38,0,0,1,714.73
2026-09-25_09-00-00,2026-09-25_09-00-07_4056x3040.jpg,2026-09-25,4056x3040,n,0.9485,template,0,-32.0,-12.0,34,32,2,6,34,0,0,0,105.42
2026-09-25_09-00-00,2026-09-25_09-00-07_4056x3040.jpg,2026-09-25,4056x3040,s,0.9485,template,0,-32.0,-12.0,38,33,5,2,40,1,1,0,276.12
2026-09-25_09-00-00,2026-09-25_09-00-07_4056x3040.jpg,2026-09-25,4056x3040,m,0.9485,template,0,-32.0,-12.0,38,33,5,2,40,2,0,0,707.43
2026-09-25_09-15-00,2026-09-25_09-15-00_640x480.jpg,2026-09-25,640x480,n,0.9449,template,0,-32.0,-12.0,35,32,3,5,35,0,0,0,99.97
2026-09-25_09-15-00,2026-09-25_09-15-00_640x480.jpg,2026-09-25,640x480,s,0.9449,template,0,-32.0,-12.0,38,33,5,2,41,0,3,0,291.68
2026-09-25_09-15-00,2026-09-25_09-15-00_640x480.jpg,2026-09-25,640x480,m,0.9449,template,0,-32.0,-12.0,37,33,4,3,37,0,0,0,692.9
2026-09-25_09-15-00,2026-09-25_09-15-03_1332x990.jpg,2026-09-25,1332x990,n,0.9449,template,0,-32.0,-12.0,35,33,2,5,36,1,0,0,91.51
2026-09-25_09-15-00,2026-09-25_09-15-03_1332x990.jpg,2026-09-25,1332x990,s,0.9449,template,0,-32.0,-12.0,38,33,5,2,40,0,2,0,302.04
2026-09-25_09-15-00,2026-09-25_09-15-03_1332x990.jpg,2026-09-25,1332x990,m,0.9449,template,0,-32.0,-12.0,39,34,5,1,39,0,0,1,632.59
2026-09-25_09-15-00,2026-09-25_09-15-05_2028x1520.jpg,2026-09-25,2028x1520,n,0.9449,template,0,-32.0,-12.0,35,33,2,5,35,0,0,0,94.58
2026-09-25_09-15-00,2026-09-25_09-15-05_2028x1520.jpg,2026-09-25,2028x1520,s,0.9449,template,0,-32.0,-12.0,37,33,4,3,39,1,1,0,302.86
2026-09-25_09-15-00,2026-09-25_09-15-05_2028x1520.jpg,2026-09-25,2028x1520,m,0.9449,template,0,-32.0,-12.0,37,34,3,3,38,1,0,1,677.27
2026-09-25_09-15-00,2026-09-25_09-15-08_4056x3040.jpg,2026-09-25,4056x3040,n,0.9449,template,0,-32.0,-12.0,35,33,2,5,35,0,0,0,103.48
2026-09-25_09-15-00,2026-09-25_09-15-08_4056x3040.jpg,2026-09-25,4056x3040,s,0.9449,template,0,-32.0,-12.0,38,33,5,2,38,0,0,0,302.07
2026-09-25_09-15-00,2026-09-25_09-15-08_4056x3040.jpg,2026-09-25,4056x3040,m,0.9449,template,0,-32.0,-12.0,36,34,2,4,37,1,0,1,658.09
2026-09-25_09-30-00,2026-09-25_09-30-00_640x480.jpg,2026-09-25,640x480,n,0.941,template,0,-32.0,-12.0,34,31,3,6,34,0,0,0,95.83
2026-09-25_09-30-00,2026-09-25_09-30-00_640x480.jpg,2026-09-25,640x480,s,0.941,template,0,-32.0,-12.0,37,33,4,3,40,0,3,0,288.44
2026-09-25_09-30-00,2026-09-25_09-30-00_640x480.jpg,2026-09-25,640x480,m,0.941,template,0,-32.0,-12.0,39,34,5,1,40,1,0,1,649.49
2026-09-25_09-30-00,2026-09-25_09-30-03_1332x990.jpg,2026-09-25,1332x990,n,0.941,template,0,-32.0,-12.0,34,32,2,6,34,0,0,0,98.23
2026-09-25_09-30-00,2026-09-25_09-30-03_1332x990.jpg,2026-09-25,1332x990,s,0.941,template,0,-32.0,-12.0,39,35,4,1,42,0,3,1,307.92
2026-09-25_09-30-00,2026-09-25_09-30-03_1332x990.jpg,2026-09-25,1332x990,m,0.941,template,0,-32.0,-12.0,38,34,4,2,38,0,0,1,665.88
2026-09-25_09-30-00,2026-09-25_09-30-06_2028x1520.jpg,2026-09-25,2028x1520,n,0.941,template,0,-32.0,-12.0,35,33,2,5,35,0,0,0,105.59
2026-09-25_09-30-00,2026-09-25_09-30-06_2028x1520.jpg,2026-09-25,2028x1520,s,0.941,template,0,-32.0,-12.0,38,35,3,2,39,0,1,1,283.51
2026-09-25_09-30-00,2026-09-25_09-30-06_2028x1520.jpg,2026-09-25,2028x1520,m,0.941,template,0,-32.0,-12.0,36,34,2,4,38,2,0,1,696.63
2026-09-25_09-30-00,2026-09-25_09-30-08_4056x3040.jpg,2026-09-25,4056x3040,n,0.941,template,0,-32.0,-12.0,35,33,2,5,35,0,0,0,102.05
2026-09-25_09-30-00,2026-09-25_09-30-08_4056x3040.jpg,2026-09-25,4056x3040,s,0.941,template,0,-32.0,-12.0,37,35,2,3,37,0,0,1,285.55
2026-09-25_09-30-00,2026-09-25_09-30-08_4056x3040.jpg,2026-09-25,4056x3040,m,0.941,template,0,-32.0,-12.0,38,34,4,2,40,2,0,1,687.6
2026-09-25_09-45-00,2026-09-25_09-45-00_640x480.jpg,2026-09-25,640x480,n,0.8702,template,0,-48.0,12.0,33,30,3,7,33,0,0,0,99.89
2026-09-25_09-45-00,2026-09-25_09-45-00_640x480.jpg,2026-09-25,640x480,s,0.8702,template,0,-48.0,12.0,39,33,6,1,40,0,1,0,278.14
2026-09-25_09-45-00,2026-09-25_09-45-00_640x480.jpg,2026-09-25,640x480,m,0.8702,template,0,-48.0,12.0,37,33,4,3,38,1,0,0,664.9
2026-09-25_09-45-00,2026-09-25_09-45-03_1332x990.jpg,2026-09-25,1332x990,n,0.8702,template,0,-48.0,12.0,33,31,2,7,33,0,0,0,87.32
2026-09-25_09-45-00,2026-09-25_09-45-03_1332x990.jpg,2026-09-25,1332x990,s,0.8702,template,0,-48.0,12.0,37,33,4,3,40,1,2,0,281.39
2026-09-25_09-45-00,2026-09-25_09-45-03_1332x990.jpg,2026-09-25,1332x990,m,0.8702,template,0,-48.0,12.0,38,32,6,2,39,1,0,0,668.36
2026-09-25_09-45-00,2026-09-25_09-45-05_2028x1520.jpg,2026-09-25,2028x1520,n,0.8702,template,0,-48.0,12.0,33,28,5,7,34,1,0,0,100.41
2026-09-25_09-45-00,2026-09-25_09-45-05_2028x1520.jpg,2026-09-25,2028x1520,s,0.8702,template,0,-48.0,12.0,33,25,8,7,35,1,1,0,280.48
2026-09-25_09-45-00,2026-09-25_09-45-05_2028x1520.jpg,2026-09-25,2028x1520,m,0.8702,template,0,-48.0,12.0,29,27,2,11,29,0,0,0,677.39
2026-09-25_09-45-00,2026-09-25_09-45-08_4056x3040.jpg,2026-09-25,4056x3040,n,0.8702,template,0,-48.0,12.0,34,32,2,6,35,1,0,0,93.08
2026-09-25_09-45-00,2026-09-25_09-45-08_4056x3040.jpg,2026-09-25,4056x3040,s,0.8702,template,0,-48.0,12.0,39,35,4,1,39,0,0,1,278.16
2026-09-25_09-45-00,2026-09-25_09-45-08_4056x3040.jpg,2026-09-25,4056x3040,m,0.8702,template,0,-48.0,12.0,36,33,3,4,37,1,0,0,699.87
2026-09-25_10-00-00,2026-09-25_10-00-00_640x480.jpg,2026-09-25,640x480,n,0.9366,template,0,-56.0,4.0,33,32,1,7,33,0,0,0,114.99
2026-09-25_10-00-00,2026-09-25_10-00-00_640x480.jpg,2026-09-25,640x480,s,0.9366,template,0,-56.0,4.0,38,33,5,2,40,0,2,0,287.44
2026-09-25_10-00-00,2026-09-25_10-00-00_640x480.jpg,2026-09-25,640x480,m,0.9366,template,0,-56.0,4.0,36,33,3,4,38,2,0,0,651.72
2026-09-25_10-00-00,2026-09-25_10-00-03_1332x990.jpg,2026-09-25,1332x990,n,0.9366,template,0,-56.0,4.0,34,32,2,6,34,0,0,0,94.76
2026-09-25_10-00-00,2026-09-25_10-00-03_1332x990.jpg,2026-09-25,1332x990,s,0.9366,template,0,-56.0,4.0,37,35,2,3,39,0,2,1,276.08
2026-09-25_10-00-00,2026-09-25_10-00-03_1332x990.jpg,2026-09-25,1332x990,m,0.9366,template,0,-56.0,4.0,39,33,6,1,41,2,0,0,628.47
2026-09-25_10-00-00,2026-09-25_10-00-06_2028x1520.jpg,2026-09-25,2028x1520,n,0.9366,template,0,-56.0,4.0,34,32,2,6,34,0,0,0,94.64
2026-09-25_10-00-00,2026-09-25_10-00-06_2028x1520.jpg,2026-09-25,2028x1520,s,0.9366,template,0,-56.0,4.0,38,35,3,2,41,0,3,1,293.91
2026-09-25_10-00-00,2026-09-25_10-00-06_2028x1520.jpg,2026-09-25,2028x1520,m,0.9366,template,0,-56.0,4.0,37,33,4,3,41,4,0,0,693.75
2026-09-25_10-00-00,2026-09-25_10-00-08_4056x3040.jpg,2026-09-25,4056x3040,n,0.9366,template,0,-56.0,4.0,34,32,2,6,34,0,0,0,96.53
2026-09-25_10-00-00,2026-09-25_10-00-08_4056x3040.jpg,2026-09-25,4056x3040,s,0.9366,template,0,-56.0,4.0,38,35,3,2,39,0,1,1,267.9
2026-09-25_10-00-00,2026-09-25_10-00-08_4056x3040.jpg,2026-09-25,4056x3040,m,0.9366,template,0,-56.0,4.0,38,33,5,2,41,3,0,0,664.7
2026-09-25_10-15-00,2026-09-25_10-15-00_640x480.jpg,2026-09-25,640x480,n,0.9253,template,0,-72.0,0.0,33,31,2,7,33,0,0,0,107.88
2026-09-25_10-15-00,2026-09-25_10-15-00_640x480.jpg,2026-09-25,640x480,s,0.9253,template,0,-72.0,0.0,36,31,5,4,37,0,1,0,289.25
2026-09-25_10-15-00,2026-09-25_10-15-00_640x480.jpg,2026-09-25,640x480,m,0.9253,template,0,-72.0,0.0,37,34,3,3,40,3,0,1,641.18
2026-09-25_10-15-00,2026-09-25_10-15-03_1332x990.jpg,2026-09-25,1332x990,n,0.9253,template,0,-72.0,0.0,33,32,1,7,33,0,0,0,95.61
2026-09-25_10-15-00,2026-09-25_10-15-03_1332x990.jpg,2026-09-25,1332x990,s,0.9253,template,0,-72.0,0.0,38,35,3,2,40,0,2,1,290.91
2026-09-25_10-15-00,2026-09-25_10-15-03_1332x990.jpg,2026-09-25,1332x990,m,0.9253,template,0,-72.0,0.0,37,33,4,3,39,2,0,0,702.51
2026-09-25_10-15-00,2026-09-25_10-15-05_2028x1520.jpg,2026-09-25,2028x1520,n,0.9253,template,0,-72.0,0.0,34,32,2,6,34,0,0,0,107.47
2026-09-25_10-15-00,2026-09-25_10-15-05_2028x1520.jpg,2026-09-25,2028x1520,s,0.9253,template,0,-72.0,0.0,37,34,3,3,40,0,3,1,288.14
2026-09-25_10-15-00,2026-09-25_10-15-05_2028x1520.jpg,2026-09-25,2028x1520,m,0.9253,template,0,-72.0,0.0,39,33,6,1,43,4,0,0,653.76
2026-09-25_10-15-00,2026-09-25_10-15-08_4056x3040.jpg,2026-09-25,4056x3040,n,0.9253,template,0,-72.0,0.0,33,31,2,7,34,1,0,0,106.61
2026-09-25_10-15-00,2026-09-25_10-15-08_4056x3040.jpg,2026-09-25,4056x3040,s,0.9253,template,0,-72.0,0.0,38,35,3,2,39,0,1,1,276.86
2026-09-25_10-15-00,2026-09-25_10-15-08_4056x3040.jpg,2026-09-25,4056x3040,m,0.9253,template,0,-72.0,0.0,37,33,4,3,39,2,0,0,660.2
2026-09-25_10-30-00,2026-09-25_10-30-00_640x480.jpg,2026-09-25,640x480,n,0.9279,template,0,-112.0,4.0,35,31,4,5,36,1,0,0,82.06
2026-09-25_10-30-00,2026-09-25_10-30-00_640x480.jpg,2026-09-25,640x480,s,0.9279,template,0,-112.0,4.0,36,32,4,4,38,1,1,0,304.81
2026-09-25_10-30-00,2026-09-25_10-30-00_640x480.jpg,2026-09-25,640x480,m,0.9279,template,0,-112.0,4.0,36,32,4,4,38,2,0,0,629.69
2026-09-25_10-30-00,2026-09-25_10-30-03_1332x990.jpg,2026-09-25,1332x990,n,0.9279,template,0,-112.0,4.0,34,31,3,6,34,0,0,0,100.62
2026-09-25_10-30-00,2026-09-25_10-30-03_1332x990.jpg,2026-09-25,1332x990,s,0.9279,template,0,-112.0,4.0,38,34,4,2,39,0,1,1,259.04
2026-09-25_10-30-00,2026-09-25_10-30-03_1332x990.jpg,2026-09-25,1332x990,m,0.9279,template,0,-112.0,4.0,36,34,2,4,39,3,0,1,683.82
2026-09-25_10-30-00,2026-09-25_10-30-06_2028x1520.jpg,2026-09-25,2028x1520,n,0.9279,template,0,-112.0,4.0,33,31,2,7,33,0,0,0,110.52
2026-09-25_10-30-00,2026-09-25_10-30-06_2028x1520.jpg,2026-09-25,2028x1520,s,0.9279,template,0,-112.0,4.0,36,33,3,4,37,0,1,0,281.35
2026-09-25_10-30-00,2026-09-25_10-30-06_2028x1520.jpg,2026-09-25,2028x1520,m,0.9279,template,0,-112.0,4.0,38,34,4,2,39,1,0,1,708.97
2026-09-25_10-30-00,2026-09-25_10-30-08_4056x3040.jpg,2026-09-25,4056x3040,n,0.9279,template,0,-112.0,4.0,33,31,2,7,34,1,0,0,110.24
2026-09-25_10-30-00,2026-09-25_10-30-08_4056x3040.jpg,2026-09-25,4056x3040,s,0.9279,template,0,-112.0,4.0,38,35,3,2,39,0,1,1,288.68
2026-09-25_10-30-00,2026-09-25_10-30-08_4056x3040.jpg,2026-09-25,4056x3040,m,0.9279,template,0,-112.0,4.0,38,32,6,2,38,0,0,0,680.93
2026-09-25_10-45-00,2026-09-25_10-45-00_640x480.jpg,2026-09-25,640x480,n,0.9448,template,0,-116.0,4.0,32,30,2,8,32,0,0,0,99.27
2026-09-25_10-45-00,2026-09-25_10-45-00_640x480.jpg,2026-09-25,640x480,s,0.9448,template,0,-116.0,4.0,37,33,4,3,37,0,0,0,298.88
2026-09-25_10-45-00,2026-09-25_10-45-00_640x480.jpg,2026-09-25,640x480,m,0.9448,template,0,-116.0,4.0,36,33,3,4,39,3,0,0,669.5
2026-09-25_10-45-00,2026-09-25_10-45-03_1332x990.jpg,2026-09-25,1332x990,n,0.9448,template,0,-116.0,4.0,33,31,2,7,33,0,0,0,111.04
2026-09-25_10-45-00,2026-09-25_10-45-03_1332x990.jpg,2026-09-25,1332x990,s,0.9448,template,0,-116.0,4.0,40,35,5,0,42,0,2,1,260.75
2026-09-25_10-45-00,2026-09-25_10-45-03_1332x990.jpg,2026-09-25,1332x990,m,0.9448,template,0,-116.0,4.0,37,33,4,3,37,0,0,0,673.28
2026-09-25_10-45-00,2026-09-25_10-45-05_2028x1520.jpg,2026-09-25,2028x1520,n,0.9448,template,0,-116.0,4.0,32,31,1,8,32,0,0,0,101.21
2026-09-25_10-45-00,2026-09-25_10-45-05_2028x1520.jpg,2026-09-25,2028x1520,s,0.9448,template,0,-116.0,4.0,36,33,3,4,39,1,2,0,271.19
2026-09-25_10-45-00,2026-09-25_10-45-05_2028x1520.jpg,2026-09-25,2028x1520,m,0.9448,template,0,-116.0,4.0,38,33,5,2,41,3,0,0,667.21
2026-09-25_10-45-00,2026-09-25_10-45-08_4056x3040.jpg,2026-09-25,4056x3040,n,0.9448,template,0,-116.0,4.0,33,31,2,7,33,0,0,0,111.07
2026-09-25_10-45-00,2026-09-25_10-45-08_4056x3040.jpg,2026-09-25,4056x3040,s,0.9448,template,0,-116.0,4.0,37,34,3,3,39,0,2,1,279.88
2026-09-25_10-45-00,2026-09-25_10-45-08_4056x3040.jpg,2026-09-25,4056x3040,m,0.9448,template,0,-116.0,4.0,37,33,4,3,38,1,0,0,654.45
2026-09-25_11-00-00,2026-09-25_11-00-00_640x480.jpg,2026-09-25,640x480,n,0.9515,template,0,-140.0,8.0,33,30,3,7,33,0,0,0,90.31
2026-09-25_11-00-00,2026-09-25_11-00-00_640x480.jpg,2026-09-25,640x480,s,0.9515,template,0,-140.0,8.0,38,33,5,2,41,1,2,0,279.7
2026-09-25_11-00-00,2026-09-25_11-00-00_640x480.jpg,2026-09-25,640x480,m,0.9515,template,0,-140.0,8.0,37,33,4,3,40,3,0,0,703.57
2026-09-25_11-00-00,2026-09-25_11-00-03_1332x990.jpg,2026-09-25,1332x990,n,0.9515,template,0,-140.0,8.0,32,31,1,8,32,0,0,0,102.28
2026-09-25_11-00-00,2026-09-25_11-00-03_1332x990.jpg,2026-09-25,1332x990,s,0.9515,template,0,-140.0,8.0,38,34,4,2,40,1,1,1,291.18
2026-09-25_11-00-00,2026-09-25_11-00-03_1332x990.jpg,2026-09-25,1332x990,m,0.9515,template,0,-140.0,8.0,38,33,5,2,40,2,0,0,711.1
2026-09-25_11-00-00,2026-09-25_11-00-06_2028x1520.jpg,2026-09-25,2028x1520,n,0.9515,template,0,-140.0,8.0,34,32,2,6,34,0,0,0,104.5
2026-09-25_11-00-00,2026-09-25_11-00-06_2028x1520.jpg,2026-09-25,2028x1520,s,0.9515,template,0,-140.0,8.0,39,35,4,1,40,0,1,1,287.83
2026-09-25_11-00-00,2026-09-25_11-00-06_2028x1520.jpg,2026-09-25,2028x1520,m,0.9515,template,0,-140.0,8.0,35,33,2,5,37,2,0,0,678.68
2026-09-25_11-00-00,2026-09-25_11-00-08_4056x3040.jpg,2026-09-25,4056x3040,n,0.9515,template,0,-140.0,8.0,33,31,2,7,33,0,0,0,102.84
2026-09-25_11-00-00,2026-09-25_11-00-08_4056x3040.jpg,2026-09-25,4056x3040,s,0.9515,template,0,-140.0,8.0,39,35,4,1,40,0,1,1,286.64
2026-09-25_11-00-00,2026-09-25_11-00-08_4056x3040.jpg,2026-09-25,4056x3040,m,0.9515,template,0,-140.0,8.0,37,33,4,3,39,2,0,0,679.96
2026-09-25_11-15-00,2026-09-25_11-15-00_640x480.jpg,2026-09-25,640x480,n,0.9459,template,0,-144.0,16.0,35,31,4,5,35,0,0,0,92.08
2026-09-25_11-15-00,2026-09-25_11-15-00_640x480.jpg,2026-09-25,640x480,s,0.9459,template,0,-144.0,16.0,40,35,5,0,42,1,1,1,301.63
2026-09-25_11-15-00,2026-09-25_11-15-00_640x480.jpg,2026-09-25,640x480,m,0.9459,template,0,-144.0,16.0,38,34,4,2,39,1,0,1,737.86
2026-09-25_11-15-00,2026-09-25_11-15-02_1332x990.jpg,2026-09-25,1332x990,n,0.9459,template,0,-144.0,16.0,34,32,2,6,34,0,0,0,108.65
2026-09-25_11-15-00,2026-09-25_11-15-02_1332x990.jpg,2026-09-25,1332x990,s,0.9459,template,0,-144.0,16.0,39,34,5,1,40,0,1,1,303.63
2026-09-25_11-15-00,2026-09-25_11-15-02_1332x990.jpg,2026-09-25,1332x990,m,0.9459,template,0,-144.0,16.0,39,35,4,1,40,1,0,1,667.16
2026-09-25_11-15-00,2026-09-25_11-15-05_2028x1520.jpg,2026-09-25,2028x1520,n,0.9459,template,0,-144.0,16.0,33,31,2,7,33,0,0,0,100.21
2026-09-25_11-15-00,2026-09-25_11-15-05_2028x1520.jpg,2026-09-25,2028x1520,s,0.9459,template,0,-144.0,16.0,38,34,4,2,40,1,1,1,281.46
2026-09-25_11-15-00,2026-09-25_11-15-05_2028x1520.jpg,2026-09-25,2028x1520,m,0.9459,template,0,-144.0,16.0,37,33,4,3,39,2,0,0,693.38
2026-09-25_11-15-00,2026-09-25_11-15-08_4056x3040.jpg,2026-09-25,4056x3040,n,0.9459,template,0,-144.0,16.0,35,33,2,5,35,0,0,0,111.36
2026-09-25_11-15-00,2026-09-25_11-15-08_4056x3040.jpg,2026-09-25,4056x3040,s,0.9459,template,0,-144.0,16.0,38,35,3,2,40,0,2,1,289.12
2026-09-25_11-15-00,2026-09-25_11-15-08_4056x3040.jpg,2026-09-25,4056x3040,m,0.9459,template,0,-144.0,16.0,37,34,3,3,39,2,0,1,682.78
2026-09-25_11-30-00,2026-09-25_11-30-00_640x480.jpg,2026-09-25,640x480,n,0.9463,template,0,-144.0,4.0,35,30,5,5,36,1,0,0,113.66
2026-09-25_11-30-00,2026-09-25_11-30-00_640x480.jpg,2026-09-25,640x480,s,0.9463,template,0,-144.0,4.0,40,34,6,0,42,0,2,1,295.43
2026-09-25_11-30-00,2026-09-25_11-30-00_640x480.jpg,2026-09-25,640x480,m,0.9463,template,0,-144.0,4.0,38,33,5,2,39,1,0,0,661.8
2026-09-25_11-30-00,2026-09-25_11-30-03_1332x990.jpg,2026-09-25,1332x990,n,0.9463,template,0,-144.0,4.0,33,31,2,7,33,0,0,0,101.44
2026-09-25_11-30-00,2026-09-25_11-30-03_1332x990.jpg,2026-09-25,1332x990,s,0.9463,template,0,-144.0,4.0,39,35,4,1,40,0,1,1,296.91
2026-09-25_11-30-00,2026-09-25_11-30-03_1332x990.jpg,2026-09-25,1332x990,m,0.9463,template,0,-144.0,4.0,38,33,5,2,40,2,0,0,682.48
2026-09-25_11-30-00,2026-09-25_11-30-05_2028x1520.jpg,2026-09-25,2028x1520,n,0.9463,template,0,-144.0,4.0,35,32,3,5,35,0,0,0,99.7
2026-09-25_11-30-00,2026-09-25_11-30-05_2028x1520.jpg,2026-09-25,2028x1520,s,0.9463,template,0,-144.0,4.0,39,35,4,1,40,0,1,1,293.06
2026-09-25_11-30-00,2026-09-25_11-30-05_2028x1520.jpg,2026-09-25,2028x1520,m,0.9463,template,0,-144.0,4.0,36,33,3,4,38,2,0,0,705.04
2026-09-25_11-30-00,2026-09-25_11-30-08_4056x3040.jpg,2026-09-25,4056x3040,n,0.9463,template,0,-144.0,4.0,33,30,3,7,33,0,0,0,90.59
2026-09-25_11-30-00,2026-09-25_11-30-08_4056x3040.jpg,2026-09-25,4056x3040,s,0.9463,template,0,-144.0,4.0,39,35,4,1,40,0,1,1,301.6
2026-09-25_11-30-00,2026-09-25_11-30-08_4056x3040.jpg,2026-09-25,4056x3040,m,0.9463,template,0,-144.0,4.0,38,33,5,2,39,1,0,0,703.37
2026-09-25_11-45-00,2026-09-25_11-45-00_640x480.jpg,2026-09-25,640x480,n,0.928,template,0,-144.0,12.0,33,30,3,7,33,0,0,0,105.99
2026-09-25_11-45-00,2026-09-25_11-45-00_640x480.jpg,2026-09-25,640x480,s,0.928,template,0,-144.0,12.0,38,32,6,2,41,2,1,0,280.52
2026-09-25_11-45-00,2026-09-25_11-45-00_640x480.jpg,2026-09-25,640x480,m,0.928,template,0,-144.0,12.0,38,33,5,2,40,2,0,0,700.82
2026-09-25_11-45-00,2026-09-25_11-45-02_1332x990.jpg,2026-09-25,1332x990,n,0.928,template,0,-144.0,12.0,35,32,3,5,35,0,0,0,93.12
2026-09-25_11-45-00,2026-09-25_11-45-02_1332x990.jpg,2026-09-25,1332x990,s,0.928,template,0,-144.0,12.0,38,35,3,2,41,0,3,1,276.41
2026-09-25_11-45-00,2026-09-25_11-45-02_1332x990.jpg,2026-09-25,1332x990,m,0.928,template,0,-144.0,12.0,36,35,1,4,39,3,0,1,681.31
2026-09-25_11-45-00,2026-09-25_11-45-05_2028x1520.jpg,2026-09-25,2028x1520,n,0.928,template,0,-144.0,12.0,34,32,2,6,34,0,0,0,114.1
2026-09-25_11-45-00,2026-09-25_11-45-05_2028x1520.jpg,2026-09-25,2028x1520,s,0.928,template,0,-144.0,12.0,38,34,4,2,39,0,1,1,301.32
2026-09-25_11-45-00,2026-09-25_11-45-05_2028x1520.jpg,2026-09-25,2028x1520,m,0.928,template,0,-144.0,12.0,36,34,2,4,38,2,0,1,703.25
2026-09-25_11-45-00,2026-09-25_11-45-07_4056x3040.jpg,2026-09-25,4056x3040,n,0.928,template,0,-144.0,12.0,32,30,2,8,32,0,0,0,92.11
2026-09-25_11-45-00,2026-09-25_11-45-07_4056x3040.jpg,2026-09-25,4056x3040,s,0.928,template,0,-144.0,12.0,39,35,4,1,41,1,1,1,259.12
2026-09-25_11-45-00,2026-09-25_11-45-07_4056x3040.jpg,2026-09-25,4056x3040,m,0.928,template,0,-144.0,12.0,37,34,3,3,40,3,0,1,670.86
2026-09-25_12-00-00,2026-09-25_12-00-00_640x480.jpg,2026-09-25,640x480,n,0.9168,template,0,-148.0,20.0,33,30,3,7,33,0,0,0,89.06
2026-09-25_12-00-00,2026-09-25_12-00-00_640x480.jpg,2026-09-25,640x480,s,0.9168,template,0,-148.0,20.0,33,31,2,7,35,1,1,0,262.56
2026-09-25_12-00-00,2026-09-25_12-00-00_640x480.jpg,2026-09-25,640x480,m,0.9168,template,0,-148.0,20.0,36,34,2,4,40,4,0,1,653.5
2026-09-25_12-00-00,2026-09-25_12-00-03_1332x990.jpg,2026-09-25,1332x990,n,0.9168,template,0,-148.0,20.0,32,30,2,8,32,0,0,0,96.93
2026-09-25_12-00-00,2026-09-25_12-00-03_1332x990.jpg,2026-09-25,1332x990,s,0.9168,template,0,-148.0,20.0,38,34,4,2,40,0,2,1,246.13
2026-09-25_12-00-00,2026-09-25_12-00-03_1332x990.jpg,2026-09-25,1332x990,m,0.9168,template,0,-148.0,20.0,35,34,1,5,36,1,0,1,714.23
2026-09-25_12-00-00,2026-09-25_12-00-05_2028x1520.jpg,2026-09-25,2028x1520,n,0.9168,template,0,-148.0,20.0,32,30,2,8,32,0,0,0,102.59
2026-09-25_12-00-00,2026-09-25_12-00-05_2028x1520.jpg,2026-09-25,2028x1520,s,0.9168,template,0,-148.0,20.0,37,34,3,3,39,1,1,1,264.23
2026-09-25_12-00-00,2026-09-25_12-00-05_2028x1520.jpg,2026-09-25,2028x1520,m,0.9168,template,0,-148.0,20.0,36,34,2,4,39,3,0,1,661.01
2026-09-25_12-00-00,2026-09-25_12-00-08_4056x3040.jpg,2026-09-25,4056x3040,n,0.9168,template,0,-148.0,20.0,32,30,2,8,33,1,0,0,90.41
2026-09-25_12-00-00,2026-09-25_12-00-08_4056x3040.jpg,2026-09-25,4056x3040,s,0.9168,template,0,-148.0,20.0,36,34,2,4,39,2,1,1,250.93
2026-09-25_12-00-00,2026-09-25_12-00-08_4056x3040.jpg,2026-09-25,4056x3040,m,0.9168,template,0,-148.0,20.0,37,34,3,3,39,2,0,1,640.04
2026-09-25_12-15-00,2026-09-25_12-15-00_640x480.jpg,2026-09-25,640x480,n,0.9175,template,0,-148.0,8.0,32,29,3,8,32,0,0,0,96.62
2026-09-25_12-15-00,2026-09-25_12-15-00_640x480.jpg,2026-09-25,640x480,s,0.9175,template,0,-148.0,8.0,35,31,4,5,39,3,1,0,269.58
2026-09-25_12-15-00,2026-09-25_12-15-00_640x480.jpg,2026-09-25,640x480,m,0.9175,template,0,-148.0,8.0,36,34,2,4,37,1,0,1,627.72
2026-09-25_12-15-00,2026-09-25_12-15-03_1332x990.jpg,2026-09-25,1332x990,n,0.9175,template,0,-148.0,8.0,34,30,4,6,35,1,0,0,100.17
2026-09-25_12-15-00,2026-09-25_12-15-03_1332x990.jpg,2026-09-25,1332x990,s,0.9175,template,0,-148.0,8.0,36,33,3,4,37,0,1,0,264.76
2026-09-25_12-15-00,2026-09-25_12-15-03_1332x990.jpg,2026-09-25,1332x990,m,0.9175,template,0,-148.0,8.0,36,34,2,4,40,4,0,1,691.89
2026-09-25_12-15-00,2026-09-25_12-15-06_2028x1520.jpg,2026-09-25,2028x1520,n,0.9175,template,0,-148.0,8.0,35,33,2,5,35,0,0,0,100.77
2026-09-25_12-15-00,2026-09-25_12-15-06_2028x1520.jpg,2026-09-25,2028x1520,s,0.9175,template,0,-148.0,8.0,36,33,3,4,38,0,2,0,258.87
2026-09-25_12-15-00,2026-09-25_12-15-06_2028x1520.jpg,2026-09-25,2028x1520,m,0.9175,template,0,-148.0,8.0,36,35,1,4,40,4,0,1,691.17
2026-09-25_12-15-00,2026-09-25_12-15-08_4056x3040.jpg,2026-09-25,4056x3040,n,0.9175,template,0,-148.0,8.0,34,32,2,6,35,1,0,0,89.72
2026-09-25_12-15-00,2026-09-25_12-15-08_4056x3040.jpg,2026-09-25,4056x3040,s,0.9175,template,0,-148.0,8.0,35,33,2,5,36,0,1,0,249.89
2026-09-25_12-15-00,2026-09-25_12-15-08_4056x3040.jpg,2026-09-25,4056x3040,m,0.9175,template,0,-148.0,8.0,37,34,3,3,40,3,0,1,662.36
2026-09-25_12-30-00,2026-09-25_12-30-00_640x480.jpg,2026-09-25,640x480,n,0.8659,template,0,-148.0,12.0,35,29,6,5,35,0,0,0,80.47
2026-09-25_12-30-00,2026-09-25_12-30-00_640x480.jpg,2026-09-25,640x480,s,0.8659,template,0,-148.0,12.0,36,32,4,4,38,1,1,0,305.23
2026-09-25_12-30-00,2026-09-25_12-30-00_640x480.jpg,2026-09-25,640x480,m,0.8659,template,0,-148.0,12.0,37,33,4,3,38,1,0,0,705.45
2026-09-25_12-30-00,2026-09-25_12-30-02_1332x990.jpg,2026-09-25,1332x990,n,0.8659,template,0,-148.0,12.0,34,30,4,6,34,0,0,0,86.43
2026-09-25_12-30-00,2026-09-25_12-30-02_1332x990.jpg,2026-09-25,1332x990,s,0.8659,template,0,-148.0,12.0,37,33,4,3,38,0,1,0,246.75
2026-09-25_12-30-00,2026-09-25_12-30-02_1332x990.jpg,2026-09-25,1332x990,m,0.8659,template,0,-148.0,12.0,37,35,2,3,39,2,0,1,703.33
2026-09-25_12-30-00,2026-09-25_12-30-05_2028x1520.jpg,2026-09-25,2028x1520,n,0.8659,template,0,-148.0,12.0,35,32,3,5,35,0,0,0,98.42
2026-09-25_12-30-00,2026-09-25_12-30-05_2028x1520.jpg,2026-09-25,2028x1520,s,0.8659,template,0,-148.0,12.0,38,33,5,2,40,1,1,0,288.1
2026-09-25_12-30-00,2026-09-25_12-30-05_2028x1520.jpg,2026-09-25,2028x1520,m,0.8659,template,0,-148.0,12.0,37,34,3,3,41,4,0,1,684.54
2026-09-25_12-30-00,2026-09-25_12-30-08_4056x3040.jpg,2026-09-25,4056x3040,n,0.8659,template,0,-148.0,12.0,34,31,3,6,35,1,0,0,89.85
2026-09-25_12-30-00,2026-09-25_12-30-08_4056x3040.jpg,2026-09-25,4056x3040,s,0.8659,template,0,-148.0,12.0,37,35,2,3,38,1,0,1,293.84
2026-09-25_12-30-00,2026-09-25_12-30-08_4056x3040.jpg,2026-09-25,4056x3040,m,0.8659,template,0,-148.0,12.0,36,33,3,4,40,4,0,0,692.61
2026-09-25_12-45-00,2026-09-25_12-45-00_640x480.jpg,2026-09-25,640x480,n,0.8594,template,0,-148.0,28.0,33,29,4,7,35,2,0,0,92.08
2026-09-25_12-45-00,2026-09-25_12-45-00_640x480.jpg,2026-09-25,640x480,s,0.8594,template,0,-148.0,28.0,33,31,2,7,35,1,1,0,287.31
2026-09-25_12-45-00,2026-09-25_12-45-00_640x480.jpg,2026-09-25,640x480,m,0.8594,template,0,-148.0,28.0,36,34,2,4,39,3,0,1,659.94
2026-09-25_12-45-00,2026-09-25_12-45-03_1332x990.jpg,2026-09-25,1332x990,n,0.8594,template,0,-148.0,28.0,33,30,3,7,33,0,0,0,93.9
2026-09-25_12-45-00,2026-09-25_12-45-03_1332x990.jpg,2026-09-25,1332x990,s,0.8594,template,0,-148.0,28.0,36,33,3,4,38,1,1,0,265.18
2026-09-25_12-45-00,2026-09-25_12-45-03_1332x990.jpg,2026-09-25,1332x990,m,0.8594,template,0,-148.0,28.0,37,35,2,3,40,3,0,1,686.33
2026-09-25_12-45-00,2026-09-25_12-45-05_2028x1520.jpg,2026-09-25,2028x1520,n,0.8594,template,0,-148.0,28.0,34,32,2,6,34,0,0,0,90.0
2026-09-25_12-45-00,2026-09-25_12-45-05_2028x1520.jpg,2026-09-25,2028x1520,s,0.8594,template,0,-148.0,28.0,37,33,4,3,39,1,1,0,293.28
2026-09-25_12-45-00,2026-09-25_12-45-05_2028x1520.jpg,2026-09-25,2028x1520,m,0.8594,template,0,-148.0,28.0,36,35,1,4,41,5,0,1,679.99
2026-09-25_12-45-00,2026-09-25_12-45-08_4056x3040.jpg,2026-09-25,4056x3040,n,0.8594,template,0,-148.0,28.0,33,30,3,7,33,0,0,0,84.15
2026-09-25_12-45-00,2026-09-25_12-45-08_4056x3040.jpg,2026-09-25,4056x3040,s,0.8594,template,0,-148.0,28.0,37,33,4,3,40,2,1,0,280.86
2026-09-25_12-45-00,2026-09-25_12-45-08_4056x3040.jpg,2026-09-25,4056x3040,m,0.8594,template,0,-148.0,28.0,37,35,2,3,41,4,0,1,662.09
2026-09-25_13-00-00,2026-09-25_13-00-00_640x480.jpg,2026-09-25,640x480,n,0.8329,template,0,-156.0,8.0,33,30,3,7,34,1,0,0,79.19
2026-09-25_13-00-00,2026-09-25_13-00-00_640x480.jpg,2026-09-25,640x480,s,0.8329,template,0,-156.0,8.0,36,32,4,4,37,1,0,0,269.73
2026-09-25_13-00-00,2026-09-25_13-00-00_640x480.jpg,2026-09-25,640x480,m,0.8329,template,0,-156.0,8.0,36,33,3,4,37,1,0,0,674.2
2026-09-25_13-00-00,2026-09-25_13-00-02_1332x990.jpg,2026-09-25,1332x990,n,0.8329,template,0,-156.0,8.0,34,30,4,6,34,0,0,0,96.34
2026-09-25_13-00-00,2026-09-25_13-00-02_1332x990.jpg,2026-09-25,1332x990,s,0.8329,template,0,-156.0,8.0,38,33,5,2,41,2,1,0,280.18
2026-09-25_13-00-00,2026-09-25_13-00-02_1332x990.jpg,2026-09-25,1332x990,m,0.8329,template,0,-156.0,8.0,36,34,2,4,38,2,0,1,650.73
2026-09-25_13-00-00,2026-09-25_13-00-05_2028x1520.jpg,2026-09-25,2028x1520,n,0.8329,template,0,-156.0,8.0,32,25,7,8,33,1,0,0,84.42
2026-09-25_13-00-00,2026-09-25_13-00-05_2028x1520.jpg,2026-09-25,2028x1520,s,0.8329,template,0,-156.0,8.0,33,28,5,7,35,2,0,0,293.29
2026-09-25_13-00-00,2026-09-25_13-00-05_2028x1520.jpg,2026-09-25,2028x1520,m,0.8329,template,0,-156.0,8.0,33,29,4,7,36,3,0,0,677.79
2026-09-25_13-00-00,2026-09-25_13-00-07_4056x3040.jpg,2026-09-25,4056x3040,n,0.8329,template,0,-156.0,8.0,34,29,5,6,34,0,0,0,92.48
2026-09-25_13-00-00,2026-09-25_13-00-07_4056x3040.jpg,2026-09-25,4056x3040,s,0.8329,template,0,-156.0,8.0,34,31,3,6,36,1,1,0,302.62
2026-09-25_13-00-00,2026-09-25_13-00-07_4056x3040.jpg,2026-09-25,4056x3040,m,0.8329,template,0,-156.0,8.0,36,34,2,4,39,3,0,1,680.62
2026-09-25_13-15-00,2026-09-25_13-15-00_640x480.jpg,2026-09-25,640x480,n,0.6969,features,37,-154.92,-6.92,33,30,3,7,33,0,0,0,124.01
2026-09-25_13-15-00,2026-09-25_13-15-00_640x480.jpg,2026-09-25,640x480,s,0.6969,features,37,-154.92,-6.92,36,34,2,4,36,0,0,1,324.79
2026-09-25_13-15-00,2026-09-25_13-15-00_640x480.jpg,2026-09-25,640x480,m,0.6969,features,37,-154.92,-6.92,38,35,3,2,39,1,0,1,785.18
2026-09-25_13-15-00,2026-09-25_13-15-03_1332x990.jpg,2026-09-25,1332x990,n,0.6969,features,37,-154.92,-6.92,34,31,3,6,34,0,0,0,106.93
2026-09-25_13-15-00,2026-09-25_13-15-03_1332x990.jpg,2026-09-25,1332x990,s,0.6969,features,37,-154.92,-6.92,35,33,2,5,35,0,0,0,301.07
2026-09-25_13-15-00,2026-09-25_13-15-03_1332x990.jpg,2026-09-25,1332x990,m,0.6969,features,37,-154.92,-6.92,37,35,2,3,37,0,0,1,788.52
2026-09-25_13-15-00,2026-09-25_13-15-05_2028x1520.jpg,2026-09-25,2028x1520,n,0.6969,features,37,-154.92,-6.92,34,31,3,6,34,0,0,0,106.75
2026-09-25_13-15-00,2026-09-25_13-15-05_2028x1520.jpg,2026-09-25,2028x1520,s,0.6969,features,37,-154.92,-6.92,35,34,1,5,37,2,0,1,319.15
2026-09-25_13-15-00,2026-09-25_13-15-05_2028x1520.jpg,2026-09-25,2028x1520,m,0.6969,features,37,-154.92,-6.92,39,36,3,1,39,0,0,1,792.78
2026-09-25_13-15-00,2026-09-25_13-15-08_4056x3040.jpg,2026-09-25,4056x3040,n,0.6969,features,37,-154.92,-6.92,30,28,2,10,30,0,0,0,117.86
2026-09-25_13-15-00,2026-09-25_13-15-08_4056x3040.jpg,2026-09-25,4056x3040,s,0.6969,features,37,-154.92,-6.92,36,29,7,4,37,1,0,0,308.74
2026-09-25_13-15-00,2026-09-25_13-15-08_4056x3040.jpg,2026-09-25,4056x3040,m,0.6969,features,37,-154.92,-6.92,34,32,2,6,34,0,0,0,738.17
2026-09-25_13-30-00,2026-09-25_13-30-00_640x480.jpg,2026-09-25,640x480,n,0.8383,template,0,-168.0,4.0,34,30,4,6,34,0,0,0,104.41
2026-09-25_13-30-00,2026-09-25_13-30-00_640x480.jpg,2026-09-25,640x480,s,0.8383,template,0,-168.0,4.0,34,33,1,6,35,0,1,0,260.1
2026-09-25_13-30-00,2026-09-25_13-30-00_640x480.jpg,2026-09-25,640x480,m,0.8383,template,0,-168.0,4.0,37,32,5,3,41,4,0,0,662.76
2026-09-25_13-30-00,2026-09-25_13-30-03_1332x990.jpg,2026-09-25,1332x990,n,0.8383,template,0,-168.0,4.0,35,31,4,5,35,0,0,0,103.59
2026-09-25_13-30-00,2026-09-25_13-30-03_1332x990.jpg,2026-09-25,1332x990,s,0.8383,template,0,-168.0,4.0,38,34,4,2,40,2,0,1,254.58
2026-09-25_13-30-00,2026-09-25_13-30-03_1332x990.jpg,2026-09-25,1332x990,m,0.8383,template,0,-168.0,4.0,37,34,3,3,39,2,0,1,676.06
2026-09-25_13-30-00,2026-09-25_13-30-05_2028x1520.jpg,2026-09-25,2028x1520,n,0.8383,template,0,-168.0,4.0,35,31,4,5,35,0,0,0,107.43
2026-09-25_13-30-00,2026-09-25_13-30-05_2028x1520.jpg,2026-09-25,2028x1520,s,0.8383,template,0,-168.0,4.0,36,33,3,4,38,1,1,0,301.2
2026-09-25_13-30-00,2026-09-25_13-30-05_2028x1520.jpg,2026-09-25,2028x1520,m,0.8383,template,0,-168.0,4.0,37,34,3,3,40,3,0,1,698.56
2026-09-25_13-30-00,2026-09-25_13-30-08_4056x3040.jpg,2026-09-25,4056x3040,n,0.8383,template,0,-168.0,4.0,36,31,5,4,36,0,0,0,99.51
2026-09-25_13-30-00,2026-09-25_13-30-08_4056x3040.jpg,2026-09-25,4056x3040,s,0.8383,template,0,-168.0,4.0,37,34,3,3,38,1,0,1,272.15
2026-09-25_13-30-00,2026-09-25_13-30-08_4056x3040.jpg,2026-09-25,4056x3040,m,0.8383,template,0,-168.0,4.0,37,34,3,3,40,3,0,1,680.61
2026-09-25_13-45-00,2026-09-25_13-45-00_640x480.jpg,2026-09-25,640x480,n,0.8414,template,0,-168.0,4.0,36,31,5,4,38,2,0,0,114.59
2026-09-25_13-45-00,2026-09-25_13-45-00_640x480.jpg,2026-09-25,640x480,s,0.8414,template,0,-168.0,4.0,39,35,4,1,39,0,0,1,305.04
2026-09-25_13-45-00,2026-09-25_13-45-00_640x480.jpg,2026-09-25,640x480,m,0.8414,template,0,-168.0,4.0,37,34,3,3,38,1,0,1,714.76
2026-09-25_13-45-00,2026-09-25_13-45-02_1332x990.jpg,2026-09-25,1332x990,n,0.8414,template,0,-168.0,4.0,33,31,2,7,34,1,0,0,107.74
2026-09-25_13-45-00,2026-09-25_13-45-02_1332x990.jpg,2026-09-25,1332x990,s,0.8414,template,0,-168.0,4.0,34,33,1,6,34,0,0,0,296.29
2026-09-25_13-45-00,2026-09-25_13-45-02_1332x990.jpg,2026-09-25,1332x990,m,0.8414,template,0,-168.0,4.0,37,35,2,3,39,2,0,1,706.12
2026-09-25_13-45-00,2026-09-25_13-45-05_2028x1520.jpg,2026-09-25,2028x1520,n,0.8414,template,0,-168.0,4.0,34,31,3,6,35,1,0,0,101.7
2026-09-25_13-45-00,2026-09-25_13-45-05_2028x1520.jpg,2026-09-25,2028x1520,s,0.8414,template,0,-168.0,4.0,36,34,2,4,37,1,0,1,297.76
2026-09-25_13-45-00,2026-09-25_13-45-05_2028x1520.jpg,2026-09-25,2028x1520,m,0.8414,template,0,-168.0,4.0,37,35,2,3,40,3,0,1,650.57
2026-09-25_13-45-00,2026-09-25_13-45-08_4056x3040.jpg,2026-09-25,4056x3040,n,0.8414,template,0,-168.0,4.0,34,31,3,6,34,0,0,0,109.26
2026-09-25_13-45-00,2026-09-25_13-45-08_4056x3040.jpg,2026-09-25,4056x3040,s,0.8414,template,0,-168.0,4.0,38,34,4,2,40,2,0,1,284.88
2026-09-25_13-45-00,2026-09-25_13-45-08_4056x3040.jpg,2026-09-25,4056x3040,m,0.8414,template,0,-168.0,4.0,37,34,3,3,42,5,0,1,686.12
2026-09-25_14-00-00,2026-09-25_14-00-00_640x480.jpg,2026-09-25,640x480,n,0.819,template,0,-168.0,4.0,34,31,3,6,34,0,0,0,96.13
2026-09-25_14-00-00,2026-09-25_14-00-00_640x480.jpg,2026-09-25,640x480,s,0.819,template,0,-168.0,4.0,37,34,3,3,37,0,0,1,297.07
2026-09-25_14-00-00,2026-09-25_14-00-00_640x480.jpg,2026-09-25,640x480,m,0.819,template,0,-168.0,4.0,37,33,4,3,39,2,0,0,671.88
2026-09-25_14-00-00,2026-09-25_14-00-03_1332x990.jpg,2026-09-25,1332x990,n,0.819,template,0,-168.0,4.0,34,31,3,6,34,0,0,0,112.89
2026-09-25_14-00-00,2026-09-25_14-00-03_1332x990.jpg,2026-09-25,1332x990,s,0.819,template,0,-168.0,4.0,37,33,4,3,38,1,0,0,284.27
2026-09-25_14-00-00,2026-09-25_14-00-03_1332x990.jpg,2026-09-25,1332x990,m,0.819,template,0,-168.0,4.0,36,34,2,4,38,2,0,1,700.39
2026-09-25_14-00-00,2026-09-25_14-00-05_2028x1520.jpg,2026-09-25,2028x1520,n,0.819,template,0,-168.0,4.0,34,31,3,6,34,0,0,0,102.11
2026-09-25_14-00-00,2026-09-25_14-00-05_2028x1520.jpg,2026-09-25,2028x1520,s,0.819,template,0,-168.0,4.0,37,34,3,3,37,0,0,1,302.61
2026-09-25_14-00-00,2026-09-25_14-00-05_2028x1520.jpg,2026-09-25,2028x1520,m,0.819,template,0,-168.0,4.0,37,35,2,3,39,2,0,1,696.34
2026-09-25_14-00-00,2026-09-25_14-00-08_4056x3040.jpg,2026-09-25,4056x3040,n,0.819,template,0,-168.0,4.0,35,32,3,5,35,0,0,0,101.23
2026-09-25_14-00-00,2026-09-25_14-00-08_4056x3040.jpg,2026-09-25,4056x3040,s,0.819,template,0,-168.0,4.0,38,33,5,2,38,0,0,0,290.2
2026-09-25_14-00-00,2026-09-25_14-00-08_4056x3040.jpg,2026-09-25,4056x3040,m,0.819,template,0,-168.0,4.0,37,34,3,3,41,4,0,1,687.35
2026-09-25_14-15-00,2026-09-25_14-15-00_640x480.jpg,2026-09-25,640x480,n,0.7428,features,52,-166.53,6.75,31,30,1,9,31,0,0,0,109.04
2026-09-25_14-15-00,2026-09-25_14-15-00_640x480.jpg,2026-09-25,640x480,s,0.7428,features,52,-166.53,6.75,37,33,4,3,37,0,0,0,322.62
2026-09-25_14-15-00,2026-09-25_14-15-00_640x480.jpg,2026-09-25,640x480,m,0.7428,features,52,-166.53,6.75,37,33,4,3,41,4,0,0,765.0
2026-09-25_14-15-00,2026-09-25_14-15-02_1332x990.jpg,2026-09-25,1332x990,n,0.7428,features,52,-166.53,6.75,33,31,2,7,33,0,0,0,124.72
2026-09-25_14-15-00,2026-09-25_14-15-02_1332x990.jpg,2026-09-25,1332x990,s,0.7428,features,52,-166.53,6.75,36,34,2,4,36,0,0,1,325.56
2026-09-25_14-15-00,2026-09-25_14-15-02_1332x990.jpg,2026-09-25,1332x990,m,0.7428,features,52,-166.53,6.75,38,35,3,2,39,1,0,1,769.77
2026-09-25_14-15-00,2026-09-25_14-15-05_2028x1520.jpg,2026-09-25,2028x1520,n,0.7428,features,52,-166.53,6.75,31,31,0,9,31,0,0,0,116.46
2026-09-25_14-15-00,2026-09-25_14-15-05_2028x1520.jpg,2026-09-25,2028x1520,s,0.7428,features,52,-166.53,6.75,36,34,2,4,36,0,0,1,337.55
2026-09-25_14-15-00,2026-09-25_14-15-05_2028x1520.jpg,2026-09-25,2028x1520,m,0.7428,features,52,-166.53,6.75,38,35,3,2,39,1,0,1,770.4
2026-09-25_14-15-00,2026-09-25_14-15-07_4056x3040.jpg,2026-09-25,4056x3040,n,0.7428,features,52,-166.53,6.75,32,32,0,8,32,0,0,0,113.97
2026-09-25_14-15-00,2026-09-25_14-15-07_4056x3040.jpg,2026-09-25,4056x3040,s,0.7428,features,52,-166.53,6.75,36,34,2,4,36,0,0,1,334.42
2026-09-25_14-15-00,2026-09-25_14-15-07_4056x3040.jpg,2026-09-25,4056x3040,m,0.7428,features,52,-166.53,6.75,38,36,2,2,38,0,0,1,778.13
2026-09-25_14-30-00,2026-09-25_14-30-00_640x480.jpg,2026-09-25,640x480,n,0.7898,template,0,-172.0,0.0,33,31,2,7,33,0,0,0,119.61
2026-09-25_14-30-00,2026-09-25_14-30-00_640x480.jpg,2026-09-25,640x480,s,0.7898,template,0,-172.0,0.0,36,33,3,4,36,0,0,0,283.89
2026-09-25_14-30-00,2026-09-25_14-30-00_640x480.jpg,2026-09-25,640x480,m,0.7898,template,0,-172.0,0.0,38,34,4,2,42,4,0,1,687.11
2026-09-25_14-30-00,2026-09-25_14-30-03_1332x990.jpg,2026-09-25,1332x990,n,0.7898,template,0,-172.0,0.0,35,31,4,5,35,0,0,0,96.94
2026-09-25_14-30-00,2026-09-25_14-30-03_1332x990.jpg,2026-09-25,1332x990,s,0.7898,template,0,-172.0,0.0,37,33,4,3,37,0,0,0,305.67
2026-09-25_14-30-00,2026-09-25_14-30-03_1332x990.jpg,2026-09-25,1332x990,m,0.7898,template,0,-172.0,0.0,37,35,2,3,39,2,0,1,669.07
2026-09-25_14-30-00,2026-09-25_14-30-05_2028x1520.jpg,2026-09-25,2028x1520,n,0.7898,template,0,-172.0,0.0,36,32,4,4,38,2,0,0,95.06
2026-09-25_14-30-00,2026-09-25_14-30-05_2028x1520.jpg,2026-09-25,2028x1520,s,0.7898,template,0,-172.0,0.0,37,34,3,3,38,1,0,1,275.5
2026-09-25_14-30-00,2026-09-25_14-30-05_2028x1520.jpg,2026-09-25,2028x1520,m,0.7898,template,0,-172.0,0.0,37,34,3,3,39,2,0,1,704.89
2026-09-25_14-30-00,2026-09-25_14-30-08_4056x3040.jpg,2026-09-25,4056x3040,n,0.7898,template,0,-172.0,0.0,35,32,3,5,35,0,0,0,94.38
2026-09-25_14-30-00,2026-09-25_14-30-08_4056x3040.jpg,2026-09-25,4056x3040,s,0.7898,template,0,-172.0,0.0,38,34,4,2,40,2,0,1,294.09
2026-09-25_14-30-00,2026-09-25_14-30-08_4056x3040.jpg,2026-09-25,4056x3040,m,0.7898,template,0,-172.0,0.0,37,36,1,3,39,2,0,1,713.62
2026-09-25_14-45-00,2026-09-25_14-45-00_640x480.jpg,2026-09-25,640x480,n,0.8509,template,0,-172.0,12.0,33,30,3,7,33,0,0,0,110.87
2026-09-25_14-45-00,2026-09-25_14-45-00_640x480.jpg,2026-09-25,640x480,s,0.8509,template,0,-172.0,12.0,37,32,5,3,39,2,0,0,288.36
2026-09-25_14-45-00,2026-09-25_14-45-00_640x480.jpg,2026-09-25,640x480,m,0.8509,template,0,-172.0,12.0,37,32,5,3,40,3,0,0,689.18
2026-09-25_14-45-00,2026-09-25_14-45-03_1332x990.jpg,2026-09-25,1332x990,n,0.8509,template,0,-172.0,12.0,34,31,3,6,34,0,0,0,106.53
2026-09-25_14-45-00,2026-09-25_14-45-03_1332x990.jpg,2026-09-25,1332x990,s,0.8509,template,0,-172.0,12.0,37,34,3,3,38,1,0,1,293.86
2026-09-25_14-45-00,2026-09-25_14-45-03_1332x990.jpg,2026-09-25,1332x990,m,0.8509,template,0,-172.0,12.0,38,34,4,2,40,2,0,1,675.73
2026-09-25_14-45-00,2026-09-25_14-45-06_2028x1520.jpg,2026-09-25,2028x1520,n,0.8509,template,0,-172.0,12.0,34,31,3,6,34,0,0,0,97.07
2026-09-25_14-45-00,2026-09-25_14-45-06_2028x1520.jpg,2026-09-25,2028x1520,s,0.8509,template,0,-172.0,12.0,35,33,2,5,37,2,0,0,287.84
2026-09-25_14-45-00,2026-09-25_14-45-06_2028x1520.jpg,2026-09-25,2028x1520,m,0.8509,template,0,-172.0,12.0,36,34,2,4,39,3,0,1,677.12
2026-09-25_14-45-00,2026-09-25_14-45-08_4056x3040.jpg,2026-09-25,4056x3040,n,0.8509,template,0,-172.0,12.0,34,31,3,6,34,0,0,0,97.22
2026-09-25_14-45-00,2026-09-25_14-45-08_4056x3040.jpg,2026-09-25,4056x3040,s,0.8509,template,0,-172.0,12.0,37,34,3,3,38,1,0,1,287.48
2026-09-25_14-45-00,2026-09-25_14-45-08_4056x3040.jpg,2026-09-25,4056x3040,m,0.8509,template,0,-172.0,12.0,37,35,2,3,38,1,0,1,674.57
2026-09-25_15-00-00,2026-09-25_15-00-00_640x480.jpg,2026-09-25,640x480,n,0.8843,template,0,-172.0,8.0,32,31,1,8,32,0,0,0,104.04
2026-09-25_15-00-00,2026-09-25_15-00-00_640x480.jpg,2026-09-25,640x480,s,0.8843,template,0,-172.0,8.0,36,31,5,4,37,1,0,0,250.8
2026-09-25_15-00-00,2026-09-25_15-00-00_640x480.jpg,2026-09-25,640x480,m,0.8843,template,0,-172.0,8.0,35,32,3,5,37,2,0,0,662.02
2026-09-25_15-00-00,2026-09-25_15-00-02_1332x990.jpg,2026-09-25,1332x990,n,0.8843,template,0,-172.0,8.0,34,31,3,6,34,0,0,0,95.92
2026-09-25_15-00-00,2026-09-25_15-00-02_1332x990.jpg,2026-09-25,1332x990,s,0.8843,template,0,-172.0,8.0,38,34,4,2,38,0,0,1,267.37
2026-09-25_15-00-00,2026-09-25_15-00-02_1332x990.jpg,2026-09-25,1332x990,m,0.8843,template,0,-172.0,8.0,37,34,3,3,38,1,0,1,658.6
2026-09-25_15-00-00,2026-09-25_15-00-05_2028x1520.jpg,2026-09-25,2028x1520,n,0.8843,template,0,-172.0,8.0,34,31,3,6,34,0,0,0,110.24
2026-09-25_15-00-00,2026-09-25_15-00-05_2028x1520.jpg,2026-09-25,2028x1520,s,0.8843,template,0,-172.0,8.0,38,34,4,2,40,2,0,1,283.77
2026-09-25_15-00-00,2026-09-25_15-00-05_2028x1520.jpg,2026-09-25,2028x1520,m,0.8843,template,0,-172.0,8.0,37,35,2,3,40,3,0,1,690.82
2026-09-25_15-00-00,2026-09-25_15-00-08_4056x3040.jpg,2026-09-25,4056x3040,n,0.8843,template,0,-172.0,8.0,34,31,3,6,34,0,0,0,101.2
2026-09-25_15-00-00,2026-09-25_15-00-08_4056x3040.jpg,2026-09-25,4056x3040,s,0.8843,template,0,-172.0,8.0,37,34,3,3,38,1,0,1,285.53
2026-09-25_15-00-00,2026-09-25_15-00-08_4056x3040.jpg,2026-09-25,4056x3040,m,0.8843,template,0,-172.0,8.0,37,34,3,3,42,5,0,1,699.35
2026-09-25_15-15-00,2026-09-25_15-15-00_640x480.jpg,2026-09-25,640x480,n,0.9031,template,0,-176.0,0.0,32,30,2,8,32,0,0,0,115.45
2026-09-25_15-15-00,2026-09-25_15-15-00_640x480.jpg,2026-09-25,640x480,s,0.9031,template,0,-176.0,0.0,38,33,5,2,39,1,0,0,283.19
2026-09-25_15-15-00,2026-09-25_15-15-00_640x480.jpg,2026-09-25,640x480,m,0.9031,template,0,-176.0,0.0,37,35,2,3,40,3,0,1,630.85
2026-09-25_15-15-00,2026-09-25_15-15-03_1332x990.jpg,2026-09-25,1332x990,n,0.9031,template,0,-176.0,0.0,34,31,3,6,34,0,0,0,98.37
2026-09-25_15-15-00,2026-09-25_15-15-03_1332x990.jpg,2026-09-25,1332x990,s,0.9031,template,0,-176.0,0.0,38,34,4,2,39,1,0,1,302.11
2026-09-25_15-15-00,2026-09-25_15-15-03_1332x990.jpg,2026-09-25,1332x990,m,0.9031,template,0,-176.0,0.0,37,33,4,3,39,2,0,0,676.14
2026-09-25_15-15-00,2026-09-25_15-15-05_2028x1520.jpg,2026-09-25,2028x1520,n,0.9031,template,0,-176.0,0.0,35,32,3,5,35,0,0,0,87.37
2026-09-25_15-15-00,2026-09-25_15-15-05_2028x1520.jpg,2026-09-25,2028x1520,s,0.9031,template,0,-176.0,0.0,35,33,2,5,35,0,0,0,275.46
2026-09-25_15-15-00,2026-09-25_15-15-05_2028x1520.jpg,2026-09-25,2028x1520,m,0.9031,template,0,-176.0,0.0,38,34,4,2,42,4,0,1,697.53
2026-09-25_15-15-00,2026-09-25_15-15-08_4056x3040.jpg,2026-09-25,4056x3040,n,0.9031,template,0,-176.0,0.0,34,31,3,6,34,0,0,0,102.11
2026-09-25_15-15-00,2026-09-25_15-15-08_4056x3040.jpg,2026-09-25,4056x3040,s,0.9031,template,0,-176.0,0.0,37,34,3,3,37,0,0,1,271.69
2026-09-25_15-15-00,2026-09-25_15-15-08_4056x3040.jpg,2026-09-25,4056x3040,m,0.9031,template,0,-176.0,0.0,37,34,3,3,41,4,0,1,667.0
2026-09-25_15-30-00,2026-09-25_15-30-00_640x480.jpg,2026-09-25,640x480,n,0.8437,template,0,-180.0,4.0,33,31,2,7,33,0,0,0,97.75
2026-09-25_15-30-00,2026-09-25_15-30-00_640x480.jpg,2026-09-25,640x480,s,0.8437,template,0,-180.0,4.0,35,33,2,5,36,1,0,0,282.48
2026-09-25_15-30-00,2026-09-25_15-30-00_640x480.jpg,2026-09-25,640x480,m,0.8437,template,0,-180.0,4.0,36,32,4,4,38,2,0,0,671.02
2026-09-25_15-30-00,2026-09-25_15-30-02_1332x990.jpg,2026-09-25,1332x990,n,0.8437,template,0,-180.0,4.0,35,31,4,5,35,0,0,0,101.29
2026-09-25_15-30-00,2026-09-25_15-30-02_1332x990.jpg,2026-09-25,1332x990,s,0.8437,template,0,-180.0,4.0,38,33,5,2,39,1,0,0,301.02
2026-09-25_15-30-00,2026-09-25_15-30-02_1332x990.jpg,2026-09-25,1332x990,m,0.8437,template,0,-180.0,4.0,37,35,2,3,39,2,0,1,679.64
2026-09-25_15-30-00,2026-09-25_15-30-05_2028x1520.jpg,2026-09-25,2028x1520,n,0.8437,template,0,-180.0,4.0,34,31,3,6,34,0,0,0,102.13
2026-09-25_15-30-00,2026-09-25_15-30-05_2028x1520.jpg,2026-09-25,2028x1520,s,0.8437,template,0,-180.0,4.0,36,33,3,4,36,0,0,0,291.39
2026-09-25_15-30-00,2026-09-25_15-30-05_2028x1520.jpg,2026-09-25,2028x1520,m,0.8437,template,0,-180.0,4.0,37,34,3,3,40,3,0,1,688.02
2026-09-25_15-30-00,2026-09-25_15-30-07_4056x3040.jpg,2026-09-25,4056x3040,n,0.8437,template,0,-180.0,4.0,34,30,4,6,34,0,0,0,82.56
2026-09-25_15-30-00,2026-09-25_15-30-07_4056x3040.jpg,2026-09-25,4056x3040,s,0.8437,template,0,-180.0,4.0,37,33,4,3,37,0,0,0,269.03
2026-09-25_15-30-00,2026-09-25_15-30-07_4056x3040.jpg,2026-09-25,4056x3040,m,0.8437,template,0,-180.0,4.0,37,33,4,3,42,5,0,0,701.21
2026-09-25_15-45-00,2026-09-25_15-45-00_640x480.jpg,2026-09-25,640x480,n,0.8767,template,0,-184.0,16.0,34,30,4,6,34,0,0,0,78.47
2026-09-25_15-45-00,2026-09-25_15-45-00_640x480.jpg,2026-09-25,640x480,s,0.8767,template,0,-184.0,16.0,35,29,6,5,36,1,0,0,289.42
2026-09-25_15-45-00,2026-09-25_15-45-00_640x480.jpg,2026-09-25,640x480,m,0.8767,template,0,-184.0,16.0,36,32,4,4,38,2,0,0,681.03
2026-09-25_15-45-00,2026-09-25_15-45-03_1332x990.jpg,2026-09-25,1332x990,n,0.8767,template,0,-184.0,16.0,35,31,4,5,36,1,0,0,106.68
2026-09-25_15-45-00,2026-09-25_15-45-03_1332x990.jpg,2026-09-25,1332x990,s,0.8767,template,0,-184.0,16.0,36,31,5,4,36,0,0,0,290.9
2026-09-25_15-45-00,2026-09-25_15-45-03_1332x990.jpg,2026-09-25,1332x990,m,0.8767,template,0,-184.0,16.0,38,33,5,2,39,1,0,0,666.51
2026-09-25_15-45-00,2026-09-25_15-45-05_2028x1520.jpg,2026-09-25,2028x1520,n,0.8767,template,0,-184.0,16.0,34,31,3,6,34,0,0,0,102.7
2026-09-25_15-45-00,2026-09-25_15-45-05_2028x1520.jpg,2026-09-25,2028x1520,s,0.8767,template,0,-184.0,16.0,36,30,6,4,38,2,0,0,264.65
2026-09-25_15-45-00,2026-09-25_15-45-05_2028x1520.jpg,2026-09-25,2028x1520,m,0.8767,template,0,-184.0,16.0,37,33,4,3,39,2,0,0,668.12
2026-09-25_15-45-00,2026-09-25_15-45-08_4056x3040.jpg,2026-09-25,4056x3040,n,0.8767,template,0,-184.0,16.0,33,30,3,7,33,0,0,0,93.22
2026-09-25_15-45-00,2026-09-25_15-45-08_4056x3040.jpg,2026-09-25,4056x3040,s,0.8767,template,0,-184.0,16.0,38,34,4,2,38,0,0,1,265.6
2026-09-25_15-45-00,2026-09-25_15-45-08_4056x3040.jpg,2026-09-25,4056x3040,m,0.8767,template,0,-184.0,16.0,38,33,5,2,41,3,0,0,665.34
2026-09-25_16-00-00,2026-09-25_16-00-00_640x480.jpg,2026-09-25,640x480,n,0.8873,template,0,-184.0,4.0,33,31,2,7,33,0,0,0,96.68
2026-09-25_16-00-00,2026-09-25_16-00-00_640x480.jpg,2026-09-25,640x480,s,0.8873,template,0,-184.0,4.0,37,33,4,3,37,0,0,0,272.8
2026-09-25_16-00-00,2026-09-25_16-00-00_640x480.jpg,2026-09-25,640x480,m,0.8873,template,0,-184.0,4.0,37,33,4,3,39,2,0,0,703.5
2026-09-25_16-00-00,2026-09-25_16-00-02_1332x990.jpg,2026-09-25,1332x990,n,0.8873,template,0,-184.0,4.0,32,30,2,8,32,0,0,0,80.22
2026-09-25_16-00-00,2026-09-25_16-00-02_1332x990.jpg,2026-09-25,1332x990,s,0.8873,template,0,-184.0,4.0,38,34,4,2,38,0,0,1,282.73
2026-09-25_16-00-00,2026-09-25_16-00-02_1332x990.jpg,2026-09-25,1332x990,m,0.8873,template,0,-184.0,4.0,37,34,3,3,41,4,0,1,694.24
2026-09-25_16-00-00,2026-09-25_16-00-05_2028x1520.jpg,2026-09-25,2028x1520,n,0.8873,template,0,-184.0,4.0,34,31,3,6,34,0,0,0,80.45
2026-09-25_16-00-00,2026-09-25_16-00-05_2028x1520.jpg,2026-09-25,2028x1520,s,0.8873,template,0,-184.0,4.0,37,34,3,3,37,0,0,1,291.22
2026-09-25_16-00-00,2026-09-25_16-00-05_2028x1520.jpg,2026-09-25,2028x1520,m,0.8873,template,0,-184.0,4.0,37,34,3,3,40,3,0,1,691.33
2026-09-25_16-00-00,2026-09-25_16-00-07_4056x3040.jpg,2026-09-25,4056x3040,n,0.8873,template,0,-184.0,4.0,33,31,2,7,33,0,0,0,101.92
2026-09-25_16-00-00,2026-09-25_16-00-07_4056x3040.jpg,2026-09-25,4056x3040,s,0.8873,template,0,-184.0,4.0,36,33,3,4,36,0,0,0,288.58
2026-09-25_16-00-00,2026-09-25_16-00-07_4056x3040.jpg,2026-09-25,4056x3040,m,0.8873,template,0,-184.0,4.0,37,35,2,3,39,2,0,1,682.14
2026-09-25_16-15-00,2026-09-25_16-15-00_640x480.jpg,2026-09-25,640x480,n,0.4142,features,151,363.77,-22.34,32,30,2,8,32,0,0,0,144.18
2026-09-25_16-15-00,2026-09-25_16-15-00_640x480.jpg,2026-09-25,640x480,s,0.4142,features,151,363.77,-22.34,35,32,3,5,36,0,1,0,327.38
2026-09-25_16-15-00,2026-09-25_16-15-00_640x480.jpg,2026-09-25,640x480,m,0.4142,features,151,363.77,-22.34,38,33,5,2,39,1,0,0,775.88
2026-09-25_16-15-00,2026-09-25_16-15-03_1332x990.jpg,2026-09-25,1332x990,n,0.4142,features,151,363.77,-22.34,32,31,1,8,32,0,0,0,126.3
2026-09-25_16-15-00,2026-09-25_16-15-03_1332x990.jpg,2026-09-25,1332x990,s,0.4142,features,151,363.77,-22.34,38,35,3,2,38,0,0,1,300.97
2026-09-25_16-15-00,2026-09-25_16-15-03_1332x990.jpg,2026-09-25,1332x990,m,0.4142,features,151,363.77,-22.34,39,33,6,1,40,1,0,0,817.46
2026-09-25_16-15-00,2026-09-25_16-15-05_2028x1520.jpg,2026-09-25,2028x1520,n,0.4142,features,151,363.77,-22.34,35,31,4,5,35,0,0,0,116.95
2026-09-25_16-15-00,2026-09-25_16-15-05_2028x1520.jpg,2026-09-25,2028x1520,s,0.4142,features,151,363.77,-22.34,37,34,3,3,37,0,0,1,332.71
2026-09-25_16-15-00,2026-09-25_16-15-05_2028x1520.jpg,2026-09-25,2028x1520,m,0.4142,features,151,363.77,-22.34,38,34,4,2,39,1,0,1,733.71
2026-09-25_16-15-00,2026-09-25_16-15-08_4056x3040.jpg,2026-09-25,4056x3040,n,0.4142,features,151,363.77,-22.34,33,31,2,7,33,0,0,0,113.61
2026-09-25_16-15-00,2026-09-25_16-15-08_4056x3040.jpg,2026-09-25,4056x3040,s,0.4142,features,151,363.77,-22.34,37,34,3,3,37,0,0,1,314.01
2026-09-25_16-15-00,2026-09-25_16-15-08_4056x3040.jpg,2026-09-25,4056x3040,m,0.4142,features,151,363.77,-22.34,38,34,4,2,40,2,0,1,764.84
2026-09-25_16-30-00,2026-09-25_16-30-00_640x480.jpg,2026-09-25,640x480,n,0.4093,features,149,538.42,-4.43,32,30,2,8,32,0,0,0,102.35
2026-09-25_16-30-00,2026-09-25_16-30-00_640x480.jpg,2026-09-25,640x480,s,0.4093,features,149,538.42,-4.43,36,31,5,4,37,1,0,0,308.73
2026-09-25_16-30-00,2026-09-25_16-30-00_640x480.jpg,2026-09-25,640x480,m,0.4093,features,149,538.42,-4.43,35,32,3,5,36,1,0,0,804.53
2026-09-25_16-30-00,2026-09-25_16-30-03_1332x990.jpg,2026-09-25,1332x990,n,0.4093,features,149,538.42,-4.43,32,30,2,8,32,0,0,0,122.31
2026-09-25_16-30-00,2026-09-25_16-30-03_1332x990.jpg,2026-09-25,1332x990,s,0.4093,features,149,538.42,-4.43,38,34,4,2,38,0,0,1,339.54
2026-09-25_16-30-00,2026-09-25_16-30-03_1332x990.jpg,2026-09-25,1332x990,m,0.4093,features,149,538.42,-4.43,38,34,4,2,40,2,0,1,751.43
2026-09-25_16-30-00,2026-09-25_16-30-06_2028x1520.jpg,2026-09-25,2028x1520,n,0.4093,features,149,538.42,-4.43,33,30,3,7,33,0,0,0,113.21
2026-09-25_16-30-00,2026-09-25_16-30-06_2028x1520.jpg,2026-09-25,2028x1520,s,0.4093,features,149,538.42,-4.43,37,33,4,3,37,0,0,0,347.56
2026-09-25_16-30-00,2026-09-25_16-30-06_2028x1520.jpg,2026-09-25,2028x1520,m,0.4093,features,149,538.42,-4.43,38,34,4,2,39,1,0,1,754.27
2026-09-25_16-30-00,2026-09-25_16-30-08_4056x3040.jpg,2026-09-25,4056x3040,n,0.4093,features,149,538.42,-4.43,32,30,2,8,33,1,0,0,121.42
2026-09-25_16-30-00,2026-09-25_16-30-08_4056x3040.jpg,2026-09-25,4056x3040,s,0.4093,features,149,538.42,-4.43,35,33,2,5,35,0,0,0,333.26
2026-09-25_16-30-00,2026-09-25_16-30-08_4056x3040.jpg,2026-09-25,4056x3040,m,0.4093,features,149,538.42,-4.43,37,34,3,3,37,0,0,1,810.85
2026-09-25_16-45-00,2026-09-25_16-45-00_640x480.jpg,2026-09-25,640x480,n,0.4019,features,132,539.4,-16.53,34,30,4,6,34,0,0,0,126.48
2026-09-25_16-45-00,2026-09-25_16-45-00_640x480.jpg,2026-09-25,640x480,s,0.4019,features,132,539.4,-16.53,37,32,5,3,37,0,0,0,344.25
2026-09-25_16-45-00,2026-09-25_16-45-00_640x480.jpg,2026-09-25,640x480,m,0.4019,features,132,539.4,-16.53,37,33,4,3,38,1,0,0,813.5
2026-09-25_16-45-00,2026-09-25_16-45-03_1332x990.jpg,2026-09-25,1332x990,n,0.4019,features,132,539.4,-16.53,32,30,2,8,32,0,0,0,134.23
2026-09-25_16-45-00,2026-09-25_16-45-03_1332x990.jpg,2026-09-25,1332x990,s,0.4019,features,132,539.4,-16.53,37,34,3,3,37,0,0,1,322.6
2026-09-25_16-45-00,2026-09-25_16-45-03_1332x990.jpg,2026-09-25,1332x990,m,0.4019,features,132,539.4,-16.53,39,33,6,1,41,2,0,0,835.67
2026-09-25_16-45-00,2026-09-25_16-45-05_2028x1520.jpg,2026-09-25,2028x1520,n,0.4019,features,132,539.4,-16.53,33,31,2,7,33,0,0,0,122.64
2026-09-25_16-45-00,2026-09-25_16-45-05_2028x1520.jpg,2026-09-25,2028x1520,s,0.4019,features,132,539.4,-16.53,38,34,4,2,38,0,0,1,340.45
2026-09-25_16-45-00,2026-09-25_16-45-05_2028x1520.jpg,2026-09-25,2028x1520,m,0.4019,features,132,539.4,-16.53,39,33,6,1,42,3,0,0,801.51
2026-09-25_16-45-00,2026-09-25_16-45-08_4056x3040.jpg,2026-09-25,4056x3040,n,0.4019,features,132,539.4,-16.53,33,31,2,7,33,0,0,0,112.8
2026-09-25_16-45-00,2026-09-25_16-45-08_4056x3040.jpg,2026-09-25,4056x3040,s,0.4019,features,132,539.4,-16.53,37,33,4,3,37,0,0,0,346.5
2026-09-25_16-45-00,2026-09-25_16-45-08_4056x3040.jpg,2026-09-25,4056x3040,m,0.4019,features,132,539.4,-16.53,39,34,5,1,41,2,0,1,783.98
2026-09-25_17-00-00,2026-09-25_17-00-00_640x480.jpg,2026-09-25,640x480,n,0.3943,features,142,459.23,-23.19,32,29,3,8,32,0,0,0,131.33
2026-09-25_17-00-00,2026-09-25_17-00-00_640x480.jpg,2026-09-25,640x480,s,0.3943,features,142,459.23,-23.19,37,31,6,3,38,0,1,0,340.71
2026-09-25_17-00-00,2026-09-25_17-00-00_640x480.jpg,2026-09-25,640x480,m,0.3943,features,142,459.23,-23.19,36,32,4,4,36,0,0,0,811.83
2026-09-25_17-00-00,2026-09-25_17-00-03_1332x990.jpg,2026-09-25,1332x990,n,0.3943,features,142,459.23,-23.19,30,28,2,10,30,0,0,0,115.38
2026-09-25_17-00-00,2026-09-25_17-00-03_1332x990.jpg,2026-09-25,1332x990,s,0.3943,features,142,459.23,-23.19,37,31,6,3,37,0,0,0,335.01
2026-09-25_17-00-00,2026-09-25_17-00-03_1332x990.jpg,2026-09-25,1332x990,m,0.3943,features,142,459.23,-23.19,37,31,6,3,38,1,0,0,826.53
2026-09-25_17-00-00,2026-09-25_17-00-06_2028x1520.jpg,2026-09-25,2028x1520,n,0.3943,features,142,459.23,-23.19,31,29,2,9,31,0,0,0,115.92
2026-09-25_17-00-00,2026-09-25_17-00-06_2028x1520.jpg,2026-09-25,2028x1520,s,0.3943,features,142,459.23,-23.19,36,32,4,4,36,0,0,0,328.51
2026-09-25_17-00-00,2026-09-25_17-00-06_2028x1520.jpg,2026-09-25,2028x1520,m,0.3943,features,142,459.23,-23.19,36,33,3,4,37,1,0,0,806.44
2026-09-25_17-00-00,2026-09-25_17-00-08_4056x3040.jpg,2026-09-25,4056x3040,n,0.3943,features,142,459.23,-23.19,34,31,3,6,34,0,0,0,118.37
2026-09-25_17-00-00,2026-09-25_17-00-08_4056x3040.jpg,2026-09-25,4056x3040,s,0.3943,features,142,459.23,-23.19,36,34,2,4,36,0,0,1,308.68
2026-09-25_17-00-00,2026-09-25_17-00-08_4056x3040.jpg,2026-09-25,4056x3040,m,0.3943,features,142,459.23,-23.19,39,33,6,1,40,1,0,0,807.95
2026-09-25_17-15-00,2026-09-25_17-15-00_640x480.jpg,2026-09-25,640x480,n,0.3812,features,96,460.99,-26.1,33,29,4,7,34,1,0,0,113.43
2026-09-25_17-15-00,2026-09-25_17-15-00_640x480.jpg,2026-09-25,640x480,s,0.3812,features,96,460.99,-26.1,35,31,4,5,37,1,1,0,327.23
2026-09-25_17-15-00,2026-09-25_17-15-00_640x480.jpg,2026-09-25,640x480,m,0.3812,features,96,460.99,-26.1,35,31,4,5,35,0,0,0,810.43
2026-09-25_17-15-00,2026-09-25_17-15-03_1332x990.jpg,2026-09-25,1332x990,n,0.3812,features,96,460.99,-26.1,32,30,2,8,34,2,0,0,104.91
2026-09-25_17-15-00,2026-09-25_17-15-03_1332x990.jpg,2026-09-25,1332x990,s,0.3812,features,96,460.99,-26.1,38,32,6,2,39,0,1,0,322.44
2026-09-25_17-15-00,2026-09-25_17-15-03_1332x990.jpg,2026-09-25,1332x990,m,0.3812,features,96,460.99,-26.1,36,33,3,4,37,1,0,0,781.58
2026-09-25_17-15-00,2026-09-25_17-15-05_2028x1520.jpg,2026-09-25,2028x1520,n,0.3812,features,96,460.99,-26.1,34,31,3,6,34,0,0,0,126.08
2026-09-25_17-15-00,2026-09-25_17-15-05_2028x1520.jpg,2026-09-25,2028x1520,s,0.3812,features,96,460.99,-26.1,37,32,5,3,39,1,1,0,309.96
2026-09-25_17-15-00,2026-09-25_17-15-05_2028x1520.jpg,2026-09-25,2028x1520,m,0.3812,features,96,460.99,-26.1,37,33,4,3,39,2,0,0,801.43
2026-09-25_17-15-00,2026-09-25_17-15-08_4056x3040.jpg,2026-09-25,4056x3040,n,0.3812,features,96,460.99,-26.1,32,30,2,8,32,0,0,0,109.32
2026-09-25_17-15-00,2026-09-25_17-15-08_4056x3040.jpg,2026-09-25,4056x3040,s,0.3812,features,96,460.99,-26.1,37,33,4,3,37,0,0,0,292.79
2026-09-25_17-15-00,2026-09-25_17-15-08_4056x3040.jpg,2026-09-25,4056x3040,m,0.3812,features,96,460.99,-26.1,37,33,4,3,38,1,0,0,796.49
2026-09-25_17-30-00,2026-09-25_17-30-00_640x480.jpg,2026-09-25,640x480,n,0.3857,features,96,448.37,-3.97,32,30,2,8,36,3,1,0,109.94
2026-09-25_17-30-00,2026-09-25_17-30-00_640x480.jpg,2026-09-25,640x480,s,0.3857,features,96,448.37,-3.97,35,29,6,5,38,2,1,0,324.02
2026-09-25_17-30-00,2026-09-25_17-30-00_640x480.jpg,2026-09-25,640x480,m,0.3857,features,96,448.37,-3.97,35,31,4,5,35,0,0,0,735.9
2026-09-25_17-30-00,2026-09-25_17-30-03_1332x990.jpg,2026-09-25,1332x990,n,0.3857,features,96,448.37,-3.97,33,31,2,7,35,1,1,0,123.65
2026-09-25_17-30-00,2026-09-25_17-30-03_1332x990.jpg,2026-09-25,1332x990,s,0.3857,features,96,448.37,-3.97,35,31,4,5,37,1,1,0,320.9
2026-09-25_17-30-00,2026-09-25_17-30-03_1332x990.jpg,2026-09-25,1332x990,m,0.3857,features,96,448.37,-3.97,36,32,4,4,39,3,0,0,796.02
2026-09-25_17-30-00,2026-09-25_17-30-06_2028x1520.jpg,2026-09-25,2028x1520,n,0.3857,features,96,448.37,-3.97,32,30,2,8,33,1,0,0,118.53
2026-09-25_17-30-00,2026-09-25_17-30-06_2028x1520.jpg,2026-09-25,2028x1520,s,0.3857,features,96,448.37,-3.97,35,30,5,5,39,3,1,0,330.09
2026-09-25_17-30-00,2026-09-25_17-30-06_2028x1520.jpg,2026-09-25,2028x1520,m,0.3857,features,96,448.37,-3.97,36,31,5,4,38,2,0,0,787.51
2026-09-25_17-30-00,2026-09-25_17-30-08_4056x3040.jpg,2026-09-25,4056x3040,n,0.3857,features,96,448.37,-3.97,32,29,3,8,33,1,0,0,116.57
2026-09-25_17-30-00,2026-09-25_17-30-08_4056x3040.jpg,2026-09-25,4056x3040,s,0.3857,features,96,448.37,-3.97,36,30,6,4,38,2,0,0,336.82
2026-09-25_17-30-00,2026-09-25_17-30-08_4056x3040.jpg,2026-09-25,4056x3040,m,0.3857,features,96,448.37,-3.97,36,33,3,4,38,2,0,0,818.23
2026-09-25_17-45-00,2026-09-25_17-45-00_640x480.jpg,2026-09-25,640x480,n,0.3882,features,96,449.0,-22.56,33,29,4,7,34,1,0,0,113.97
2026-09-25_17-45-00,2026-09-25_17-45-00_640x480.jpg,2026-09-25,640x480,s,0.3882,features,96,449.0,-22.56,35,29,6,5,37,1,1,0,335.24
2026-09-25_17-45-00,2026-09-25_17-45-00_640x480.jpg,2026-09-25,640x480,m,0.3882,features,96,449.0,-22.56,35,32,3,5,37,2,0,0,777.72
2026-09-25_17-45-00,2026-09-25_17-45-02_1332x990.jpg,2026-09-25,1332x990,n,0.3882,features,96,449.0,-22.56,32,29,3,8,33,1,0,0,111.66
2026-09-25_17-45-00,2026-09-25_17-45-02_1332x990.jpg,2026-09-25,1332x990,s,0.3882,features,96,449.0,-22.56,36,30,6,4,39,2,1,0,310.58
2026-09-25_17-45-00,2026-09-25_17-45-02_1332x990.jpg,2026-09-25,1332x990,m,0.3882,features,96,449.0,-22.56,37,33,4,3,37,0,0,0,821.74
2026-09-25_17-45-00,2026-09-25_17-45-05_2028x1520.jpg,2026-09-25,2028x1520,n,0.3882,features,96,449.0,-22.56,33,30,3,7,33,0,0,0,117.29
2026-09-25_17-45-00,2026-09-25_17-45-05_2028x1520.jpg,2026-09-25,2028x1520,s,0.3882,features,96,449.0,-22.56,36,31,5,4,37,0,1,0,340.89
2026-09-25_17-45-00,2026-09-25_17-45-05_2028x1520.jpg,2026-09-25,2028x1520,m,0.3882,features,96,449.0,-22.56,38,33,5,2,39,1,0,0,802.44
2026-09-25_17-45-00,2026-09-25_17-45-08_4056x3040.jpg,2026-09-25,4056x3040,n,0.3882,features,96,449.0,-22.56,32,30,2,8,32,0,0,0,124.12
2026-09-25_17-45-00,2026-09-25_17-45-08_4056x3040.jpg,2026-09-25,4056x3040,s,0.3882,features,96,449.0,-22.56,36,32,4,4,38,1,1,0,351.31
2026-09-25_17-45-00,2026-09-25_17-45-08_4056x3040.jpg,2026-09-25,4056x3040,m,0.3882,features,96,449.0,-22.56,36,33,3,4,38,2,0,0,794.01
2026-09-25_18-00-00,2026-09-25_18-00-00_640x480.jpg,2026-09-25,640x480,n,0.3872,features,114,447.46,-25.16,31,29,2,9,32,1,0,0,112.59
2026-09-25_18-00-00,2026-09-25_18-00-00_640x480.jpg,2026-09-25,640x480,s,0.3872,features,114,447.46,-25.16,35,29,6,5,36,0,1,0,329.57
2026-09-25_18-00-00,2026-09-25_18-00-00_640x480.jpg,2026-09-25,640x480,m,0.3872,features,114,447.46,-25.16,37,32,5,3,38,1,0,0,787.19
2026-09-25_18-00-00,2026-09-25_18-00-03_1332x990.jpg,2026-09-25,1332x990,n,0.3872,features,114,447.46,-25.16,33,29,4,7,35,2,0,0,126.55
2026-09-25_18-00-00,2026-09-25_18-00-03_1332x990.jpg,2026-09-25,1332x990,s,0.3872,features,114,447.46,-25.16,37,32,5,3,39,0,2,0,334.24
2026-09-25_18-00-00,2026-09-25_18-00-03_1332x990.jpg,2026-09-25,1332x990,m,0.3872,features,114,447.46,-25.16,36,34,2,4,37,1,0,1,761.36
2026-09-25_18-00-00,2026-09-25_18-00-06_2028x1520.jpg,2026-09-25,2028x1520,n,0.3872,features,114,447.46,-25.16,32,30,2,8,32,0,0,0,105.48
2026-09-25_18-00-00,2026-09-25_18-00-06_2028x1520.jpg,2026-09-25,2028x1520,s,0.3872,features,114,447.46,-25.16,38,31,7,2,38,0,0,0,317.11
2026-09-25_18-00-00,2026-09-25_18-00-06_2028x1520.jpg,2026-09-25,2028x1520,m,0.3872,features,114,447.46,-25.16,36,31,5,4,37,1,0,0,763.27
2026-09-25_18-00-00,2026-09-25_18-00-08_4056x3040.jpg,2026-09-25,4056x3040,n,0.3872,features,114,447.46,-25.16,32,29,3,8,32,0,0,0,101.53
2026-09-25_18-00-00,2026-09-25_18-00-08_4056x3040.jpg,2026-09-25,4056x3040,s,0.3872,features,114,447.46,-25.16,36,31,5,4,36,0,0,0,295.51
2026-09-25_18-00-00,2026-09-25_18-00-08_4056x3040.jpg,2026-09-25,4056x3040,m,0.3872,features,114,447.46,-25.16,37,33,4,3,38,1,0,0,707.21
2026-09-25_18-15-00,2026-09-25_18-15-00_640x480.jpg,2026-09-25,640x480,n,0.3921,features,153,445.97,-25.11,32,28,4,8,34,2,0,0,103.39
2026-09-25_18-15-00,2026-09-25_18-15-00_640x480.jpg,2026-09-25,640x480,s,0.3921,features,153,445.97,-25.11,37,30,7,3,40,1,2,0,290.13
2026-09-25_18-15-00,2026-09-25_18-15-00_640x480.jpg,2026-09-25,640x480,m,0.3921,features,153,445.97,-25.11,37,32,5,3,37,0,0,0,767.68
2026-09-25_18-15-00,2026-09-25_18-15-03_1332x990.jpg,2026-09-25,1332x990,n,0.3921,features,153,445.97,-25.11,34,30,4,6,35,1,0,0,114.86
2026-09-25_18-15-00,2026-09-25_18-15-03_1332x990.jpg,2026-09-25,1332x990,s,0.3921,features,153,445.97,-25.11,37,32,5,3,39,2,0,0,316.97
2026-09-25_18-15-00,2026-09-25_18-15-03_1332x990.jpg,2026-09-25,1332x990,m,0.3921,features,153,445.97,-25.11,37,33,4,3,38,1,0,0,784.7
2026-09-25_18-15-00,2026-09-25_18-15-05_2028x1520.jpg,2026-09-25,2028x1520,n,0.3921,features,153,445.97,-25.11,33,30,3,7,34,1,0,0,114.52
2026-09-25_18-15-00,2026-09-25_18-15-05_2028x1520.jpg,2026-09-25,2028x1520,s,0.3921,features,153,445.97,-25.11,37,32,5,3,37,0,0,0,332.23
2026-09-25_18-15-00,2026-09-25_18-15-05_2028x1520.jpg,2026-09-25,2028x1520,m,0.3921,features,153,445.97,-25.11,37,32,5,3,37,0,0,0,803.55
2026-09-25_18-15-00,2026-09-25_18-15-08_4056x3040.jpg,2026-09-25,4056x3040,n,0.3921,features,153,445.97,-25.11,32,30,2,8,33,1,0,0,133.83
2026-09-25_18-15-00,2026-09-25_18-15-08_4056x3040.jpg,2026-09-25,4056x3040,s,0.3921,features,153,445.97,-25.11,36,32,4,4,38,2,0,0,338.37
2026-09-25_18-15-00,2026-09-25_18-15-08_4056x3040.jpg,2026-09-25,4056x3040,m,0.3921,features,153,445.97,-25.11,37,32,5,3,38,1,0,0,838.21
2026-09-25_18-30-00,2026-09-25_18-30-00_640x480.jpg,2026-09-25,640x480,n,0.3912,features,159,446.32,-23.93,33,28,5,7,35,2,0,0,93.23
2026-09-25_18-30-00,2026-09-25_18-30-00_640x480.jpg,2026-09-25,640x480,s,0.3912,features,159,446.32,-23.93,36,29,7,4,38,2,0,0,338.57
2026-09-25_18-30-00,2026-09-25_18-30-00_640x480.jpg,2026-09-25,640x480,m,0.3912,features,159,446.32,-23.93,37,32,5,3,37,0,0,0,721.24
2026-09-25_18-30-00,2026-09-25_18-30-03_1332x990.jpg,2026-09-25,1332x990,n,0.3912,features,159,446.32,-23.93,33,30,3,7,34,1,0,0,115.05
2026-09-25_18-30-00,2026-09-25_18-30-03_1332x990.jpg,2026-09-25,1332x990,s,0.3912,features,159,446.32,-23.93,36,32,4,4,38,2,0,0,308.24
2026-09-25_18-30-00,2026-09-25_18-30-03_1332x990.jpg,2026-09-25,1332x990,m,0.3912,features,159,446.32,-23.93,36,33,3,4,36,0,0,0,747.7
2026-09-25_18-30-00,2026-09-25_18-30-06_2028x1520.jpg,2026-09-25,2028x1520,n,0.3912,features,159,446.32,-23.93,32,30,2,8,32,0,0,0,128.66
2026-09-25_18-30-00,2026-09-25_18-30-06_2028x1520.jpg,2026-09-25,2028x1520,s,0.3912,features,159,446.32,-23.93,37,32,5,3,39,2,0,0,288.22
2026-09-25_18-30-00,2026-09-25_18-30-06_2028x1520.jpg,2026-09-25,2028x1520,m,0.3912,features,159,446.32,-23.93,35,32,3,5,37,2,0,0,822.31
2026-09-25_18-30-00,2026-09-25_18-30-08_4056x3040.jpg,2026-09-25,4056x3040,n,0.3912,features,159,446.32,-23.93,32,29,3,8,33,1,0,0,98.18
2026-09-25_18-30-00,2026-09-25_18-30-08_4056x3040.jpg,2026-09-25,4056x3040,s,0.3912,features,159,446.32,-23.93,35,31,4,5,36,1,0,0,325.12
2026-09-25_18-30-00,2026-09-25_18-30-08_4056x3040.jpg,2026-09-25,4056x3040,m,0.3912,features,159,446.32,-23.93,35,33,2,5,36,1,0,0,788.4
2026-09-25_18-45-00,2026-09-25_18-45-00_640x480.jpg,2026-09-25,640x480,n,0.3901,features,156,446.76,-23.6,32,30,2,8,32,0,0,0,117.52
2026-09-25_18-45-00,2026-09-25_18-45-00_640x480.jpg,2026-09-25,640x480,s,0.3901,features,156,446.76,-23.6,35,30,5,5,36,1,0,0,343.2
2026-09-25_18-45-00,2026-09-25_18-45-00_640x480.jpg,2026-09-25,640x480,m,0.3901,features,156,446.76,-23.6,37,33,4,3,37,0,0,0,745.54
2026-09-25_18-45-00,2026-09-25_18-45-03_1332x990.jpg,2026-09-25,1332x990,n,0.3901,features,156,446.76,-23.6,32,30,2,8,33,1,0,0,96.56
2026-09-25_18-45-00,2026-09-25_18-45-03_1332x990.jpg,2026-09-25,1332x990,s,0.3901,features,156,446.76,-23.6,34,31,3,6,35,1,0,0,302.84
2026-09-25_18-45-00,2026-09-25_18-45-03_1332x990.jpg,2026-09-25,1332x990,m,0.3901,features,156,446.76,-23.6,37,33,4,3,39,2,0,0,749.4
2026-09-25_18-45-00,2026-09-25_18-45-05_2028x1520.jpg,2026-09-25,2028x1520,n,0.3901,features,156,446.76,-23.6,32,30,2,8,32,0,0,0,123.25
2026-09-25_18-45-00,2026-09-25_18-45-05_2028x1520.jpg,2026-09-25,2028x1520,s,0.3901,features,156,446.76,-23.6,36,31,5,4,39,3,0,0,345.62
2026-09-25_18-45-00,2026-09-25_18-45-05_2028x1520.jpg,2026-09-25,2028x1520,m,0.3901,features,156,446.76,-23.6,36,33,3,4,39,3,0,0,777.37
2026-09-25_18-45-00,2026-09-25_18-45-08_4056x3040.jpg,2026-09-25,4056x3040,n,0.3901,features,156,446.76,-23.6,32,30,2,8,32,0,0,0,101.93
2026-09-25_18-45-00,2026-09-25_18-45-08_4056x3040.jpg,2026-09-25,4056x3040,s,0.3901,features,156,446.76,-23.6,35,31,4,5,37,2,0,0,291.77
2026-09-25_18-45-00,2026-09-25_18-45-08_4056x3040.jpg,2026-09-25,4056x3040,m,0.3901,features,156,446.76,-23.6,36,33,3,4,38,2,0,0,734.27
2026-09-26_08-00-00,2026-09-26_08-00-00_640x480.jpg,2026-09-26,640x480,n,0.4026,features,146,437.51,-25.67,33,31,2,7,33,0,0,0,94.11
2026-09-26_08-00-00,2026-09-26_08-00-00_640x480.jpg,2026-09-26,640x480,s,0.4026,features,146,437.51,-25.67,36,32,4,4,39,1,2,0,264.62
2026-09-26_08-00-00,2026-09-26_08-00-00_640x480.jpg,2026-09-26,640x480,m,0.4026,features,146,437.51,-25.67,35,32,3,5,37,2,0,0,777.58
2026-09-26_08-00-00,2026-09-26_08-00-02_1332x990.jpg,2026-09-26,1332x990,n,0.4026,features,146,437.51,-25.67,34,31,3,6,34,0,0,0,102.46
2026-09-26_08-00-00,2026-09-26_08-00-02_1332x990.jpg,2026-09-26,1332x990,s,0.4026,features,146,437.51,-25.67,37,34,3,3,39,0,2,1,261.91
2026-09-26_08-00-00,2026-09-26_08-00-02_1332x990.jpg,2026-09-26,1332x990,m,0.4026,features,146,437.51,-25.67,35,33,2,5,36,1,0,0,740.9
2026-09-26_08-00-00,2026-09-26_08-00-05_2028x1520.jpg,2026-09-26,2028x1520,n,0.4026,features,146,437.51,-25.67,33,31,2,7,33,0,0,0,94.09
2026-09-26_08-00-00,2026-09-26_08-00-05_2028x1520.jpg,2026-09-26,2028x1520,s,0.4026,features,146,437.51,-25.67,37,34,3,3,38,0,1,1,266.78
2026-09-26_08-00-00,2026-09-26_08-00-05_2028x1520.jpg,2026-09-26,2028x1520,m,0.4026,features,146,437.51,-25.67,38,33,5,2,38,0,0,0,775.29
2026-09-26_08-00-00,2026-09-26_08-00-07_4056x3040.jpg,2026-09-26,4056x3040,n,0.4026,features,146,437.51,-25.67,33,31,2,7,33,0,0,0,99.78
2026-09-26_08-00-00,2026-09-26_08-00-07_4056x3040.jpg,2026-09-26,4056x3040,s,0.4026,features,146,437.51,-25.67,37,35,2,3,37,0,0,1,303.33
2026-09-26_08-00-00,2026-09-26_08-00-07_4056x3040.jpg,2026-09-26,4056x3040,m,0.4026,features,146,437.51,-25.67,36,33,3,4,36,0,0,0,770.91
2026-09-26_08-15-00,2026-09-26_08-15-00_640x480.jpg,2026-09-26,640x480,n,0.4062,features,161,436.75,-25.76,32,30,2,8,32,0,0,0,106.5
2026-09-26_08-15-00,2026-09-26_08-15-00_640x480.jpg,2026-09-26,640x480,s,0.4062,features,161,436.75,-25.76,37,33,4,3,42,2,3,0,238.63
2026-09-26_08-15-00,2026-09-26_08-15-00_640x480.jpg,2026-09-26,640x480,m,0.4062,features,161,436.75,-25.76,38,34,4,2,39,1,0,1,706.1
2026-09-26_08-15-00,2026-09-26_08-15-03_1332x990.jpg,2026-09-26,1332x990,n,0.4062,features,161,436.75,-25.76,33,31,2,7,34,1,0,0,97.22
2026-09-26_08-15-00,2026-09-26_08-15-03_1332x990.jpg,2026-09-26,1332x990,s,0.4062,features,161,436.75,-25.76,38,35,3,2,40,1,1,1,247.9
2026-09-26_08-15-00,2026-09-26_08-15-03_1332x990.jpg,2026-09-26,1332x990,m,0.4062,features,161,436.75,-25.76,36,34,2,4,38,2,0,1,702.18
2026-09-26_08-15-00,2026-09-26_08-15-05_2028x1520.jpg,2026-09-26,2028x1520,n,0.4062,features,161,436.75,-25.76,35,32,3,5,35,0,0,0,94.02
2026-09-26_08-15-00,2026-09-26_08-15-05_2028x1520.jpg,2026-09-26,2028x1520,s,0.4062,features,161,436.75,-25.76,38,35,3,2,39,0,1,1,261.44
2026-09-26_08-15-00,2026-09-26_08-15-05_2028x1520.jpg,2026-09-26,2028x1520,m,0.4062,features,161,436.75,-25.76,37,34,3,3,39,2,0,1,712.42
2026-09-26_08-15-00,2026-09-26_08-15-08_4056x3040.jpg,2026-09-26,4056x3040,n,0.4062,features,161,436.75,-25.76,34,32,2,6,34,0,0,0,96.27
2026-09-26_08-15-00,2026-09-26_08-15-08_4056x3040.jpg,2026-09-26,4056x3040,s,0.4062,features,161,436.75,-25.76,35,33,2,5,36,0,1,0,248.04
2026-09-26_08-15-00,2026-09-26_08-15-08_4056x3040.jpg,2026-09-26,4056x3040,m,0.4062,features,161,436.75,-25.76,36,33,3,4,37,1,0,0,708.6
2026-09-26_08-45-00,2026-09-26_08-45-00_640x480.jpg,2026-09-26,640x480,n,0.4132,features,156,437.94,-22.81,33,31,2,7,33,0,0,0,128.42
2026-09-26_08-45-00,2026-09-26_08-45-00_640x480.jpg,2026-09-26,640x480,s,0.4132,features,156,437.94,-22.81,37,33,4,3,39,0,2,0,249.43
2026-09-26_08-45-00,2026-09-26_08-45-00_640x480.jpg,2026-09-26,640x480,m,0.4132,features,156,437.94,-22.81,38,33,5,2,40,2,0,0,717.68
2026-09-26_08-45-00,2026-09-26_08-45-03_1332x990.jpg,2026-09-26,1332x990,n,0.4132,features,156,437.94,-22.81,35,32,3,5,36,1,0,0,93.73
2026-09-26_08-45-00,2026-09-26_08-45-03_1332x990.jpg,2026-09-26,1332x990,s,0.4132,features,156,437.94,-22.81,38,35,3,2,40,0,2,1,256.2
2026-09-26_08-45-00,2026-09-26_08-45-03_1332x990.jpg,2026-09-26,1332x990,m,0.4132,features,156,437.94,-22.81,36,33,3,4,37,1,0,0,686.02
2026-09-26_08-45-00,2026-09-26_08-45-05_2028x1520.jpg,2026-09-26,2028x1520,n,0.4132,features,156,437.94,-22.81,34,32,2,6,34,0,0,0,89.99
2026-09-26_08-45-00,2026-09-26_08-45-05_2028x1520.jpg,2026-09-26,2028x1520,s,0.4132,features,156,437.94,-22.81,38,35,3,2,40,0,2,1,252.69
2026-09-26_08-45-00,2026-09-26_08-45-05_2028x1520.jpg,2026-09-26,2028x1520,m,0.4132,features,156,437.94,-22.81,36,33,3,4,37,1,0,0,752.71
2026-09-26_08-45-00,2026-09-26_08-45-08_4056x3040.jpg,2026-09-26,4056x3040,n,0.4132,features,156,437.94,-22.81,33,31,2,7,33,0,0,0,96.73
2026-09-26_08-45-00,2026-09-26_08-45-08_4056x3040.jpg,2026-09-26,4056x3040,s,0.4132,features,156,437.94,-22.81,35,34,1,5,36,0,1,1,261.74
2026-09-26_08-45-00,2026-09-26_08-45-08_4056x3040.jpg,2026-09-26,4056x3040,m,0.4132,features,156,437.94,-22.81,36,33,3,4,37,1,0,0,775.28
2026-09-26_09-00-00,2026-09-26_09-00-00_640x480.jpg,2026-09-26,640x480,n,0.4112,features,164,437.5,-23.22,34,31,3,6,34,0,0,0,109.57
2026-09-26_09-00-00,2026-09-26_09-00-00_640x480.jpg,2026-09-26,640x480,s,0.4112,features,164,437.5,-23.22,37,33,4,3,39,0,2,0,277.66
2026-09-26_09-00-00,2026-09-26_09-00-00_640x480.jpg,2026-09-26,640x480,m,0.4112,features,164,437.5,-23.22,37,33,4,3,40,3,0,0,814.65
2026-09-26_09-00-00,2026-09-26_09-00-03_1332x990.jpg,2026-09-26,1332x990,n,0.4112,features,164,437.5,-23.22,33,30,3,7,33,0,0,0,97.97
2026-09-26_09-00-00,2026-09-26_09-00-03_1332x990.jpg,2026-09-26,1332x990,s,0.4112,features,164,437.5,-23.22,38,36,2,2,40,0,2,1,253.21
2026-09-26_09-00-00,2026-09-26_09-00-03_1332x990.jpg,2026-09-26,1332x990,m,0.4112,features,164,437.5,-23.22,38,35,3,2,38,0,0,1,745.38
2026-09-26_09-00-00,2026-09-26_09-00-06_2028x1520.jpg,2026-09-26,2028x1520,n,0.4112,features,164,437.5,-23.22,34,32,2,6,34,0,0,0,98.76
2026-09-26_09-00-00,2026-09-26_09-00-06_2028x1520.jpg,2026-09-26,2028x1520,s,0.4112,features,164,437.5,-23.22,37,35,2,3,38,0,1,1,258.22
2026-09-26_09-00-00,2026-09-26_09-00-06_2028x1520.jpg,2026-09-26,2028x1520,m,0.4112,features,164,437.5,-23.22,37,35,2,3,37,0,0,1,717.13
2026-09-26_09-00-00,2026-09-26_09-00-08_4056x3040.jpg,2026-09-26,4056x3040,n,0.4112,features,164,437.5,-23.22,34,31,3,6,34,0,0,0,108.06
2026-09-26_09-00-00,2026-09-26_09-00-08_4056x3040.jpg,2026-09-26,4056x3040,s,0.4112,features,164,437.5,-23.22,37,35,2,3,39,1,1,1,252.85
2026-09-26_09-00-00,2026-09-26_09-00-08_4056x3040.jpg,2026-09-26,4056x3040,m,0.4112,features,164,437.5,-23.22,37,35,2,3,37,0,0,1,744.44
2026-09-26_09-15-00,2026-09-26_09-15-00_640x480.jpg,2026-09-26,640x480,n,0.4125,features,178,437.09,-23.58,34,31,3,6,34,0,0,0,103.58
2026-09-26_09-15-00,2026-09-26_09-15-00_640x480.jpg,2026-09-26,640x480,s,0.4125,features,178,437.09,-23.58,37,32,5,3,39,0,2,0,312.06
2026-09-26_09-15-00,2026-09-26_09-15-00_640x480.jpg,2026-09-26,640x480,m,0.4125,features,178,437.09,-23.58,38,34,4,2,40,2,0,1,772.2
2026-09-26_09-15-00,2026-09-26_09-15-03_1332x990.jpg,2026-09-26,1332x990,n,0.4125,features,178,437.09,-23.58,33,31,2,7,33,0,0,0,98.62
2026-09-26_09-15-00,2026-09-26_09-15-03_1332x990.jpg,2026-09-26,1332x990,s,0.4125,features,178,437.09,-23.58,36,34,2,4,37,0,1,1,328.5
2026-09-26_09-15-00,2026-09-26_09-15-03_1332x990.jpg,2026-09-26,1332x990,m,0.4125,features,178,437.09,-23.58,38,34,4,2,38,0,0,1,794.9
2026-09-26_09-15-00,2026-09-26_09-15-05_2028x1520.jpg,2026-09-26,2028x1520,n,0.4125,features,178,437.09,-23.58,33,31,2,7,33,0,0,0,91.89
2026-09-26_09-15-00,2026-09-26_09-15-05_2028x1520.jpg,2026-09-26,2028x1520,s,0.4125,features,178,437.09,-23.58,36,34,2,4,39,0,3,1,294.09
2026-09-26_09-15-00,2026-09-26_09-15-05_2028x1520.jpg,2026-09-26,2028x1520,m,0.4125,features,178,437.09,-23.58,36,34,2,4,37,1,0,1,705.68
2026-09-26_09-15-00,2026-09-26_09-15-08_4056x3040.jpg,2026-09-26,4056x3040,n,0.4125,features,178,437.09,-23.58,35,32,3,5,35,0,0,0,87.13
2026-09-26_09-15-00,2026-09-26_09-15-08_4056x3040.jpg,2026-09-26,4056x3040,s,0.4125,features,178,437.09,-23.58,35,34,1,5,36,0,1,1,251.26
2026-09-26_09-15-00,2026-09-26_09-15-08_4056x3040.jpg,2026-09-26,4056x3040,m,0.4125,features,178,437.09,-23.58,38,35,3,2,39,1,0,1,672.65
2026-09-26_09-30-00,2026-09-26_09-30-00_640x480.jpg,2026-09-26,640x480,n,0.4115,features,192,437.68,-22.73,33,31,2,7,33,0,0,0,128.43
2026-09-26_09-30-00,2026-09-26_09-30-00_640x480.jpg,2026-09-26,640x480,s,0.4115,features,192,437.68,-22.73,38,33,5,2,41,1,2,0,292.04
2026-09-26_09-30-00,2026-09-26_09-30-00_640x480.jpg,2026-09-26,640x480,m,0.4115,features,192,437.68,-22.73,37,33,4,3,39,2,0,0,764.96
2026-09-26_09-30-00,2026-09-26_09-30-03_1332x990.jpg,2026-09-26,1332x990,n,0.4115,features,192,437.68,-22.73,33,30,3,7,33,0,0,0,120.96
2026-09-26_09-30-00,2026-09-26_09-30-03_1332x990.jpg,2026-09-26,1332x990,s,0.4115,features,192,437.68,-22.73,36,35,1,4,39,0,3,1,252.3
2026-09-26_09-30-00,2026-09-26_09-30-03_1332x990.jpg,2026-09-26,1332x990,m,0.4115,features,192,437.68,-22.73,37,34,3,3,37,0,0,1,683.9
2026-09-26_09-30-00,2026-09-26_09-30-06_2028x1520.jpg,2026-09-26,2028x1520,n,0.4115,features,192,437.68,-22.73,35,32,3,5,35,0,0,0,94.08
2026-09-26_09-30-00,2026-09-26_09-30-06_2028x1520.jpg,2026-09-26,2028x1520,s,0.4115,features,192,437.68,-22.73,36,35,1,4,39,0,3,1,247.83
2026-09-26_09-30-00,2026-09-26_09-30-06_2028x1520.jpg,2026-09-26,2028x1520,m,0.4115,features,192,437.68,-22.73,38,35,3,2,39,1,0,1,708.32
2026-09-26_09-30-00,2026-09-26_09-30-08_4056x3040.jpg,2026-09-26,4056x3040,n,0.4115,features,192,437.68,-22.73,34,31,3,6,34,0,0,0,86.24
2026-09-26_09-30-00,2026-09-26_09-30-08_4056x3040.jpg,2026-09-26,4056x3040,s,0.4115,features,192,437.68,-22.73,36,35,1,4,38,0,2,1,254.7
2026-09-26_09-30-00,2026-09-26_09-30-08_4056x3040.jpg,2026-09-26,4056x3040,m,0.4115,features,192,437.68,-22.73,36,34,2,4,37,1,0,1,707.8
2026-09-26_09-45-00,2026-09-26_09-45-00_640x480.jpg,2026-09-26,640x480,n,0.4085,features,177,437.86,-22.81,33,30,3,7,33,0,0,0,117.75
2026-09-26_09-45-00,2026-09-26_09-45-00_640x480.jpg,2026-09-26,640x480,s,0.4085,features,177,437.86,-22.81,36,33,3,4,38,1,1,0,279.16
2026-09-26_09-45-00,2026-09-26_09-45-00_640x480.jpg,2026-09-26,640x480,m,0.4085,features,177,437.86,-22.81,37,34,3,3,39,2,0,1,725.4
2026-09-26_09-45-00,2026-09-26_09-45-02_1332x990.jpg,2026-09-26,1332x990,n,0.4085,features,177,437.86,-22.81,34,31,3,6,34,0,0,0,103.25
2026-09-26_09-45-00,2026-09-26_09-45-02_1332x990.jpg,2026-09-26,1332x990,s,0.4085,features,177,437.86,-22.81,38,36,2,2,40,0,2,1,249.33
2026-09-26_09-45-00,2026-09-26_09-45-02_1332x990.jpg,2026-09-26,1332x990,m,0.4085,features,177,437.86,-22.81,38,35,3,2,38,0,0,1,702.52
2026-09-26_09-45-00,2026-09-26_09-45-05_2028x1520.jpg,2026-09-26,2028x1520,n,0.4085,features,177,437.86,-22.81,35,32,3,5,35,0,0,0,117.92
2026-09-26_09-45-00,2026-09-26_09-45-05_2028x1520.jpg,2026-09-26,2028x1520,s,0.4085,features,177,437.86,-22.81,38,35,3,2,39,0,1,1,251.28
2026-09-26_09-45-00,2026-09-26_09-45-05_2028x1520.jpg,2026-09-26,2028x1520,m,0.4085,features,177,437.86,-22.81,40,35,5,0,41,1,0,1,681.19
2026-09-26_09-45-00,2026-09-26_09-45-08_4056x3040.jpg,2026-09-26,4056x3040,n,0.4085,features,177,437.86,-22.81,35,31,4,5,35,0,0,0,92.99
2026-09-26_09-45-00,2026-09-26_09-45-08_4056x3040.jpg,2026-09-26,4056x3040,s,0.4085,features,177,437.86,-22.81,37,36,1,3,40,0,3,1,257.04
2026-09-26_09-45-00,2026-09-26_09-45-08_4056x3040.jpg,2026-09-26,4056x3040,m,0.4085,features,177,437.86,-22.81,36,34,2,4,38,2,0,1,679.52
2026-09-26_10-00-00,2026-09-26_10-00-00_640x480.jpg,2026-09-26,640x480,n,0.4077,features,162,437.22,-23.17,33,30,3,7,33,0,0,0,107.17
2026-09-26_10-00-00,2026-09-26_10-00-00_640x480.jpg,2026-09-26,640x480,s,0.4077,features,162,437.22,-23.17,38,33,5,2,39,0,1,0,253.38
2026-09-26_10-00-00,2026-09-26_10-00-00_640x480.jpg,2026-09-26,640x480,m,0.4077,features,162,437.22,-23.17,36,33,3,4,39,3,0,0,674.68
2026-09-26_10-00-00,2026-09-26_10-00-03_1332x990.jpg,2026-09-26,1332x990,n,0.4077,features,162,437.22,-23.17,34,31,3,6,34,0,0,0,96.31
2026-09-26_10-00-00,2026-09-26_10-00-03_1332x990.jpg,2026-09-26,1332x990,s,0.4077,features,162,437.22,-23.17,38,34,4,2,38,0,0,1,255.1
2026-09-26_10-00-00,2026-09-26_10-00-03_1332x990.jpg,2026-09-26,1332x990,m,0.4077,features,162,437.22,-23.17,38,33,5,2,38,0,0,0,727.07
2026-09-26_10-00-00,2026-09-26_10-00-05_2028x1520.jpg,2026-09-26,2028x1520,n,0.4077,features,162,437.22,-23.17,34,31,3,6,34,0,0,0,97.36
2026-09-26_10-00-00,2026-09-26_10-00-05_2028x1520.jpg,2026-09-26,2028x1520,s,0.4077,features,162,437.22,-23.17,36,35,1,4,37,0,1,1,291.78
2026-09-26_10-00-00,2026-09-26_10-00-05_2028x1520.jpg,2026-09-26,2028x1520,m,0.4077,features,162,437.22,-23.17,36,34,2,4,37,1,0,1,753.78
2026-09-26_10-00-00,2026-09-26_10-00-08_4056x3040.jpg,2026-09-26,4056x3040,n,0.4077,features,162,437.22,-23.17,34,32,2,6,34,0,0,0,95.41
2026-09-26_10-00-00,2026-09-26_10-00-08_4056x3040.jpg,2026-09-26,4056x3040,s,0.4077,features,162,437.22,-23.17,36,34,2,4,37,1,0,1,259.15
2026-09-26_10-00-00,2026-09-26_10-00-08_4056x3040.jpg,2026-09-26,4056x3040,m,0.4077,features,162,437.22,-23.17,37,35,2,3,38,1,0,1,708.95
2026-09-26_10-15-00,2026-09-26_10-15-00_640x480.jpg,2026-09-26,640x480,n,0.4051,features,161,438.09,-23.04,35,31,4,5,35,0,0,0,98.05
2026-09-26_10-15-00,2026-09-26_10-15-00_640x480.jpg,2026-09-26,640x480,s,0.4051,features,161,438.09,-23.04,38,34,4,2,40,1,1,1,259.59
2026-09-26_10-15-00,2026-09-26_10-15-00_640x480.jpg,2026-09-26,640x480,m,0.4051,features,161,438.09,-23.04,37,33,4,3,38,1,0,0,732.13
2026-09-26_10-15-00,2026-09-26_10-15-02_1332x990.jpg,2026-09-26,1332x990,n,0.4051,features,161,438.09,-23.04,35,32,3,5,35,0,0,0,92.97
2026-09-26_10-15-00,2026-09-26_10-15-02_1332x990.jpg,2026-09-26,1332x990,s,0.4051,features,161,438.09,-23.04,38,35,3,2,39,0,1,1,263.64
2026-09-26_10-15-00,2026-09-26_10-15-02_1332x990.jpg,2026-09-26,1332x990,m,0.4051,features,161,438.09,-23.04,39,35,4,1,39,0,0,1,739.47
2026-09-26_10-15-00,2026-09-26_10-15-05_2028x1520.jpg,2026-09-26,2028x1520,n,0.4051,features,161,438.09,-23.04,34,31,3,6,34,0,0,0,91.92
2026-09-26_10-15-00,2026-09-26_10-15-05_2028x1520.jpg,2026-09-26,2028x1520,s,0.4051,features,161,438.09,-23.04,37,35,2,3,39,0,2,1,248.71
2026-09-26_10-15-00,2026-09-26_10-15-05_2028x1520.jpg,2026-09-26,2028x1520,m,0.4051,features,161,438.09,-23.04,38,34,4,2,40,2,0,1,758.91
2026-09-26_10-15-00,2026-09-26_10-15-08_4056x3040.jpg,2026-09-26,4056x3040,n,0.4051,features,161,438.09,-23.04,36,32,4,4,36,0,0,0,95.44
2026-09-26_10-15-00,2026-09-26_10-15-08_4056x3040.jpg,2026-09-26,4056x3040,s,0.4051,features,161,438.09,-23.04,39,36,3,1,42,1,2,1,272.55
2026-09-26_10-15-00,2026-09-26_10-15-08_4056x3040.jpg,2026-09-26,4056x3040,m,0.4051,features,161,438.09,-23.04,37,35,2,3,39,2,0,1,744.81
2026-09-26_10-30-00,2026-09-26_10-30-00_640x480.jpg,2026-09-26,640x480,n,0.4059,features,174,438.25,-25.81,35,30,5,5,35,0,0,0,100.48
2026-09-26_10-30-00,2026-09-26_10-30-00_640x480.jpg,2026-09-26,640x480,s,0.4059,features,174,438.25,-25.81,37,34,3,3,37,0,0,1,249.53
2026-09-26_10-30-00,2026-09-26_10-30-00_640x480.jpg,2026-09-26,640x480,m,0.4059,features,174,438.25,-25.81,38,34,4,2,38,0,0,1,705.87
2026-09-26_10-30-00,2026-09-26_10-30-03_1332x990.jpg,2026-09-26,1332x990,n,0.4059,features,174,438.25,-25.81,33,31,2,7,33,0,0,0,94.75
2026-09-26_10-30-00,2026-09-26_10-30-03_1332x990.jpg,2026-09-26,1332x990,s,0.4059,features,174,438.25,-25.81,36,35,1,4,37,0,1,1,248.09
2026-09-26_10-30-00,2026-09-26_10-30-03_1332x990.jpg,2026-09-26,1332x990,m,0.4059,features,174,438.25,-25.81,38,34,4,2,40,2,0,1,722.73
2026-09-26_10-30-00,2026-09-26_10-30-05_2028x1520.jpg,2026-09-26,2028x1520,n,0.4059,features,174,438.25,-25.81,33,31,2,7,33,0,0,0,94.18
2026-09-26_10-30-00,2026-09-26_10-30-05_2028x1520.jpg,2026-09-26,2028x1520,s,0.4059,features,174,438.25,-25.81,36,35,1,4,37,0,1,1,254.89
2026-09-26_10-30-00,2026-09-26_10-30-05_2028x1520.jpg,2026-09-26,2028x1520,m,0.4059,features,174,438.25,-25.81,38,34,4,2,40,2,0,1,720.83
2026-09-26_10-30-00,2026-09-26_10-30-08_4056x3040.jpg,2026-09-26,4056x3040,n,0.4059,features,174,438.25,-25.81,34,32,2,6,34,0,0,0,97.66
2026-09-26_10-30-00,2026-09-26_10-30-08_4056x3040.jpg,2026-09-26,4056x3040,s,0.4059,features,174,438.25,-25.81,37,35,2,3,37,0,0,1,251.74
2026-09-26_10-30-00,2026-09-26_10-30-08_4056x3040.jpg,2026-09-26,4056x3040,m,0.4059,features,174,438.25,-25.81,38,35,3,2,39,1,0,1,693.98
2026-09-26_10-45-00,2026-09-26_10-45-00_640x480.jpg,2026-09-26,640x480,n,0.3962,features,162,438.48,-25.46,33,31,2,7,33,0,0,0,105.76
2026-09-26_10-45-00,2026-09-26_10-45-00_640x480.jpg,2026-09-26,640x480,s,0.3962,features,162,438.48,-25.46,37,33,4,3,41,2,2,0,258.35
2026-09-26_10-45-00,2026-09-26_10-45-00_640x480.jpg,2026-09-26,640x480,m,0.3962,features,162,438.48,-25.46,37,34,3,3,38,1,0,1,731.55
2026-09-26_10-45-00,2026-09-26_10-45-02_1332x990.jpg,2026-09-26,1332x990,n,0.3962,features,162,438.48,-25.46,33,31,2,7,33,0,0,0,111.87
2026-09-26_10-45-00,2026-09-26_10-45-02_1332x990.jpg,2026-09-26,1332x990,s,0.3962,features,162,438.48,-25.46,37,35,2,3,37,0,0,1,274.07
2026-09-26_10-45-00,2026-09-26_10-45-02_1332x990.jpg,2026-09-26,1332x990,m,0.3962,features,162,438.48,-25.46,38,34,4,2,38,0,0,1,745.59
2026-09-26_10-45-00,2026-09-26_10-45-05_2028x1520.jpg,2026-09-26,2028x1520,n,0.3962,features,162,438.48,-25.46,36,32,4,4,36,0,0,0,124.83
2026-09-26_10-45-00,2026-09-26_10-45-05_2028x1520.jpg,2026-09-26,2028x1520,s,0.3962,features,162,438.48,-25.46,36,34,2,4,36,0,0,1,271.25
2026-09-26_10-45-00,2026-09-26_10-45-05_2028x1520.jpg,2026-09-26,2028x1520,m,0.3962,features,162,438.48,-25.46,36,33,3,4,38,2,0,0,683.34
2026-09-26_10-45-00,2026-09-26_10-45-08_4056x3040.jpg,2026-09-26,4056x3040,n,0.3962,features,162,438.48,-25.46,32,30,2,8,32,0,0,0,100.03
2026-09-26_10-45-00,2026-09-26_10-45-08_4056x3040.jpg,2026-09-26,4056x3040,s,0.3962,features,162,438.48,-25.46,36,34,2,4,36,0,0,1,267.57
2026-09-26_10-45-00,2026-09-26_10-45-08_4056x3040.jpg,2026-09-26,4056x3040,m,0.3962,features,162,438.48,-25.46,36,34,2,4,38,2,0,1,681.77
2026-09-26_11-00-00,2026-09-26_11-00-00_640x480.jpg,2026-09-26,640x480,n,0.4044,features,193,438.69,-24.43,33,30,3,7,33,0,0,0,113.17
2026-09-26_11-00-00,2026-09-26_11-00-00_640x480.jpg,2026-09-26,640x480,s,0.4044,features,193,438.69,-24.43,37,34,3,3,37,0,0,1,254.67
2026-09-26_11-00-00,2026-09-26_11-00-00_640x480.jpg,2026-09-26,640x480,m,0.4044,features,193,438.69,-24.43,37,33,4,3,37,0,0,0,766.07
2026-09-26_11-00-00,2026-09-26_11-00-03_1332x990.jpg,2026-09-26,1332x990,n,0.4044,features,193,438.69,-24.43,33,30,3,7,33,0,0,0,92.78
2026-09-26_11-00-00,2026-09-26_11-00-03_1332x990.jpg,2026-09-26,1332x990,s,0.4044,features,193,438.69,-24.43,38,35,3,2,39,0,1,1,252.4
2026-09-26_11-00-00,2026-09-26_11-00-03_1332x990.jpg,2026-09-26,1332x990,m,0.4044,features,193,438.69,-24.43,39,34,5,1,41,2,0,1,744.73
2026-09-26_11-00-00,2026-09-26_11-00-05_2028x1520.jpg,2026-09-26,2028x1520,n,0.4044,features,193,438.69,-24.43,34,32,2,6,34,0,0,0,114.32
2026-09-26_11-00-00,2026-09-26_11-00-05_2028x1520.jpg,2026-09-26,2028x1520,s,0.4044,features,193,438.69,-24.43,37,36,1,3,39,0,2,1,280.44
2026-09-26_11-00-00,2026-09-26_11-00-05_2028x1520.jpg,2026-09-26,2028x1520,m,0.4044,features,193,438.69,-24.43,38,34,4,2,40,2,0,1,682.25
2026-09-26_11-00-00,2026-09-26_11-00-08_4056x3040.jpg,2026-09-26,4056x3040,n,0.4044,features,193,438.69,-24.43,34,32,2,6,34,0,0,0,91.26
2026-09-26_11-00-00,2026-09-26_11-00-08_4056x3040.jpg,2026-09-26,4056x3040,s,0.4044,features,193,438.69,-24.43,37,35,2,3,37,0,0,1,261.2
2026-09-26_11-00-00,2026-09-26_11-00-08_4056x3040.jpg,2026-09-26,4056x3040,m,0.4044,features,193,438.69,-24.43,36,34,2,4,38,2,0,1,719.6
2026-09-26_11-15-00,2026-09-26_11-15-00_640x480.jpg,2026-09-26,640x480,n,0.4086,features,169,437.07,-25.5,33,30,3,7,33,0,0,0,111.98
2026-09-26_11-15-00,2026-09-26_11-15-00_640x480.jpg,2026-09-26,640x480,s,0.4086,features,169,437.07,-25.5,36,33,3,4,37,0,1,0,266.32
2026-09-26_11-15-00,2026-09-26_11-15-00_640x480.jpg,2026-09-26,640x480,m,0.4086,features,169,437.07,-25.5,38,35,3,2,38,0,0,1,677.31
2026-09-26_11-15-00,2026-09-26_11-15-02_1332x990.jpg,2026-09-26,1332x990,n,0.4086,features,169,437.07,-25.5,32,30,2,8,32,0,0,0,92.86
2026-09-26_11-15-00,2026-09-26_11-15-02_1332x990.jpg,2026-09-26,1332x990,s,0.4086,features,169,437.07,-25.5,36,34,2,4,37,0,1,1,250.92
2026-09-26_11-15-00,2026-09-26_11-15-02_1332x990.jpg,2026-09-26,1332x990,m,0.4086,features,169,437.07,-25.5,38,34,4,2,38,0,0,1,673.79
2026-09-26_11-15-00,2026-09-26_11-15-05_2028x1520.jpg,2026-09-26,2028x1520,n,0.4086,features,169,437.07,-25.5,34,31,3,6,34,0,0,0,94.84
2026-09-26_11-15-00,2026-09-26_11-15-05_2028x1520.jpg,2026-09-26,2028x1520,s,0.4086,features,169,437.07,-25.5,37,35,2,3,38,0,1,1,245.44
2026-09-26_11-15-00,2026-09-26_11-15-05_2028x1520.jpg,2026-09-26,2028x1520,m,0.4086,features,169,437.07,-25.5,39,35,4,1,41,2,0,1,743.95
2026-09-26_11-15-00,2026-09-26_11-15-07_4056x3040.jpg,2026-09-26,4056x3040,n,0.4086,features,169,437.07,-25.5,34,31,3,6,34,0,0,0,99.24
2026-09-26_11-15-00,2026-09-26_11-15-07_4056x3040.jpg,2026-09-26,4056x3040,s,0.4086,features,169,437.07,-25.5,36,35,1,4,38,0,2,1,246.59
2026-09-26_11-15-00,2026-09-26_11-15-07_4056x3040.jpg,2026-09-26,4056x3040,m,0.4086,features,169,437.07,-25.5,38,34,4,2,40,2,0,1,694.82
2026-09-26_11-30-00,2026-09-26_11-30-00_640x480.jpg,2026-09-26,640x480,n,0.4162,features,155,439.34,-23.75,33,30,3,7,33,0,0,0,111.35
2026-09-26_11-30-00,2026-09-26_11-30-00_640x480.jpg,2026-09-26,640x480,s,0.4162,features,155,439.34,-23.75,37,32,5,3,39,1,1,0,268.75
2026-09-26_11-30-00,2026-09-26_11-30-00_640x480.jpg,2026-09-26,640x480,m,0.4162,features,155,439.34,-23.75,38,34,4,2,39,1,0,1,699.13
2026-09-26_11-30-00,2026-09-26_11-30-03_1332x990.jpg,2026-09-26,1332x990,n,0.4162,features,155,439.34,-23.75,33,30,3,7,33,0,0,0,92.93
2026-09-26_11-30-00,2026-09-26_11-30-03_1332x990.jpg,2026-09-26,1332x990,s,0.4162,features,155,439.34,-23.75,36,34,2,4,40,1,3,1,251.7
2026-09-26_11-30-00,2026-09-26_11-30-03_1332x990.jpg,2026-09-26,1332x990,m,0.4162,features,155,439.34,-23.75,38,35,3,2,38,0,0,1,744.8
2026-09-26_11-30-00,2026-09-26_11-30-05_2028x1520.jpg,2026-09-26,2028x1520,n,0.4162,features,155,439.34,-23.75,33,30,3,7,33,0,0,0,92.17
2026-09-26_11-30-00,2026-09-26_11-30-05_2028x1520.jpg,2026-09-26,2028x1520,s,0.4162,features,155,439.34,-23.75,36,35,1,4,39,0,3,1,289.39
2026-09-26_11-30-00,2026-09-26_11-30-05_2028x1520.jpg,2026-09-26,2028x1520,m,0.4162,features,155,439.34,-23.75,38,34,4,2,39,1,0,1,687.37
2026-09-26_11-30-00,2026-09-26_11-30-08_4056x3040.jpg,2026-09-26,4056x3040,n,0.4162,features,155,439.34,-23.75,34,32,2,6,34,0,0,0,132.08
2026-09-26_11-30-00,2026-09-26_11-30-08_4056x3040.jpg,2026-09-26,4056x3040,s,0.4162,features,155,439.34,-23.75,38,35,3,2,41,0,3,1,293.61
2026-09-26_11-30-00,2026-09-26_11-30-08_4056x3040.jpg,2026-09-26,4056x3040,m,0.4162,features,155,439.34,-23.75,37,34,3,3,39,2,0,1,695.95
2026-09-26_11-45-00,2026-09-26_11-45-00_640x480.jpg,2026-09-26,640x480,n,0.4156,features,126,439.9,-22.74,33,30,3,7,34,1,0,0,104.08
2026-09-26_11-45-00,2026-09-26_11-45-00_640x480.jpg,2026-09-26,640x480,s,0.4156,features,126,439.9,-22.74,37,32,5,3,40,1,2,0,260.16
2026-09-26_11-45-00,2026-09-26_11-45-00_640x480.jpg,2026-09-26,640x480,m,0.4156,features,126,439.9,-22.74,37,33,4,3,39,2,0,0,730.3
2026-09-26_11-45-00,2026-09-26_11-45-03_1332x990.jpg,2026-09-26,1332x990,n,0.4156,features,126,439.9,-22.74,33,31,2,7,33,0,0,0,91.95
2026-09-26_11-45-00,2026-09-26_11-45-03_1332x990.jpg,2026-09-26,1332x990,s,0.4156,features,126,439.9,-22.74,37,35,2,3,38,0,1,1,259.98
2026-09-26_11-45-00,2026-09-26_11-45-03_1332x990.jpg,2026-09-26,1332x990,m,0.4156,features,126,439.9,-22.74,36,34,2,4,36,0,0,1,698.53
2026-09-26_11-45-00,2026-09-26_11-45-06_2028x1520.jpg,2026-09-26,2028x1520,n,0.4156,features,126,439.9,-22.74,32,30,2,8,32,0,0,0,100.36
2026-09-26_11-45-00,2026-09-26_11-45-06_2028x1520.jpg,2026-09-26,2028x1520,s,0.4156,features,126,439.9,-22.74,38,35,3,2,40,0,2,1,295.24
2026-09-26_11-45-00,2026-09-26_11-45-06_2028x1520.jpg,2026-09-26,2028x1520,m,0.4156,features,126,439.9,-22.74,37,34,3,3,39,2,0,1,713.12
2026-09-26_11-45-00,2026-09-26_11-45-08_4056x3040.jpg,2026-09-26,4056x3040,n,0.4156,features,126,439.9,-22.74,34,32,2,6,34,0,0,0,109.28
2026-09-26_11-45-00,2026-09-26_11-45-08_4056x3040.jpg,2026-09-26,4056x3040,s,0.4156,features,126,439.9,-22.74,34,34,0,6,36,0,2,1,256.44
2026-09-26_11-45-00,2026-09-26_11-45-08_4056x3040.jpg,2026-09-26,4056x3040,m,0.4156,features,126,439.9,-22.74,37,34,3,3,39,2,0,1,699.63
2026-09-26_12-00-00,2026-09-26_12-00-00_640x480.jpg,2026-09-26,640x480,n,0.418,features,101,438.88,-24.21,31,29,2,9,32,1,0,0,107.12
2026-09-26_12-00-00,2026-09-26_12-00-00_640x480.jpg,2026-09-26,640x480,s,0.418,features,101,438.88,-24.21,38,34,4,2,42,2,2,1,255.95
2026-09-26_12-00-00,2026-09-26_12-00-00_640x480.jpg,2026-09-26,640x480,m,0.418,features,101,438.88,-24.21,34,33,1,6,37,3,0,0,683.3
2026-09-26_12-00-00,2026-09-26_12-00-03_1332x990.jpg,2026-09-26,1332x990,n,0.418,features,101,438.88,-24.21,33,30,3,7,33,0,0,0,95.6
2026-09-26_12-00-00,2026-09-26_12-00-03_1332x990.jpg,2026-09-26,1332x990,s,0.418,features,101,438.88,-24.21,36,35,1,4,38,0,2,1,260.0
2026-09-26_12-00-00,2026-09-26_12-00-03_1332x990.jpg,2026-09-26,1332x990,m,0.418,features,101,438.88,-24.21,37,35,2,3,37,0,0,1,675.39
2026-09-26_12-00-00,2026-09-26_12-00-05_2028x1520.jpg,2026-09-26,2028x1520,n,0.418,features,101,438.88,-24.21,32,30,2,8,32,0,0,0,98.24
2026-09-26_12-00-00,2026-09-26_12-00-05_2028x1520.jpg,2026-09-26,2028x1520,s,0.418,features,101,438.88,-24.21,37,35,2,3,39,0,2,1,258.41
2026-09-26_12-00-00,2026-09-26_12-00-05_2028x1520.jpg,2026-09-26,2028x1520,m,0.418,features,101,438.88,-24.21,37,35,2,3,40,3,0,1,721.93
2026-09-26_12-00-00,2026-09-26_12-00-08_4056x3040.jpg,2026-09-26,4056x3040,n,0.418,features,101,438.88,-24.21,33,30,3,7,33,0,0,0,103.53
2026-09-26_12-00-00,2026-09-26_12-00-08_4056x3040.jpg,2026-09-26,4056x3040,s,0.418,features,101,438.88,-24.21,36,35,1,4,38,0,2,1,331.48
2026-09-26_12-00-00,2026-09-26_12-00-08_4056x3040.jpg,2026-09-26,4056x3040,m,0.418,features,101,438.88,-24.21,37,34,3,3,37,0,0,1,748.1
2026-09-26_12-15-00,2026-09-26_12-15-00_640x480.jpg,2026-09-26,640x480,n,0.4145,features,92,438.53,-24.66,32,30,2,8,32,0,0,0,116.07
2026-09-26_12-15-00,2026-09-26_12-15-00_640x480.jpg,2026-09-26,640x480,s,0.4145,features,92,438.53,-24.66,35,31,4,5,37,1,1,0,266.36
2026-09-26_12-15-00,2026-09-26_12-15-00_640x480.jpg,2026-09-26,640x480,m,0.4145,features,92,438.53,-24.66,36,33,3,4,36,0,0,0,669.39
2026-09-26_12-15-00,2026-09-26_12-15-03_1332x990.jpg,2026-09-26,1332x990,n,0.4145,features,92,438.53,-24.66,32,31,1,8,32,0,0,0,91.55
2026-09-26_12-15-00,2026-09-26_12-15-03_1332x990.jpg,2026-09-26,1332x990,s,0.4145,features,92,438.53,-24.66,36,35,1,4,39,0,3,1,254.63
2026-09-26_12-15-00,2026-09-26_12-15-03_1332x990.jpg,2026-09-26,1332x990,m,0.4145,features,92,438.53,-24.66,37,34,3,3,37,0,0,1,740.96
2026-09-26_12-15-00,2026-09-26_12-15-06_2028x1520.jpg,2026-09-26,2028x1520,n,0.4145,features,92,438.53,-24.66,33,31,2,7,33,0,0,0,112.83
2026-09-26_12-15-00,2026-09-26_12-15-06_2028x1520.jpg,2026-09-26,2028x1520,s,0.4145,features,92,438.53,-24.66,37,35,2,3,40,0,3,1,295.19
2026-09-26_12-15-00,2026-09-26_12-15-06_2028x1520.jpg,2026-09-26,2028x1520,m,0.4145,features,92,438.53,-24.66,35,35,0,5,36,1,0,1,709.89
2026-09-26_12-15-00,2026-09-26_12-15-08_4056x3040.jpg,2026-09-26,4056x3040,n,0.4145,features,92,438.53,-24.66,31,30,1,9,31,0,0,0,101.03
2026-09-26_12-15-00,2026-09-26_12-15-08_4056x3040.jpg,2026-09-26,4056x3040,s,0.4145,features,92,438.53,-24.66,35,35,0,5,35,0,0,1,297.45
2026-09-26_12-15-00,2026-09-26_12-15-08_4056x3040.jpg,2026-09-26,4056x3040,m,0.4145,features,92,438.53,-24.66,36,34,2,4,39,3,0,1,717.44
2026-09-26_12-30-00,2026-09-26_12-30-00_640x480.jpg,2026-09-26,640x480,n,0.4154,features,77,441.0,-23.94,32,30,2,8,32,0,0,0,110.99
2026-09-26_12-30-00,2026-09-26_12-30-00_640x480.jpg,2026-09-26,640x480,s,0.4154,features,77,441.0,-23.94,38,32,6,2,41,1,2,0,280.27
2026-09-26_12-30-00,2026-09-26_12-30-00_640x480.jpg,2026-09-26,640x480,m,0.4154,features,77,441.0,-23.94,37,33,4,3,37,0,0,0,666.97
2026-09-26_12-30-00,2026-09-26_12-30-02_1332x990.jpg,2026-09-26,1332x990,n,0.4154,features,77,441.0,-23.94,34,31,3,6,34,0,0,0,93.49
2026-09-26_12-30-00,2026-09-26_12-30-02_1332x990.jpg,2026-09-26,1332x990,s,0.4154,features,77,441.0,-23.94,37,35,2,3,40,1,2,1,313.66
2026-09-26_12-30-00,2026-09-26_12-30-02_1332x990.jpg,2026-09-26,1332x990,m,0.4154,features,77,441.0,-23.94,37,34,3,3,37,0,0,1,678.15
2026-09-26_12-30-00,2026-09-26_12-30-05_2028x1520.jpg,2026-09-26,2028x1520,n,0.4154,features,77,441.0,-23.94,32,31,1,8,32,0,0,0,98.88
2026-09-26_12-30-00,2026-09-26_12-30-05_2028x1520.jpg,2026-09-26,2028x1520,s,0.4154,features,77,441.0,-23.94,37,35,2,3,42,2,3,1,295.29
2026-09-26_12-30-00,2026-09-26_12-30-05_2028x1520.jpg,2026-09-26,2028x1520,m,0.4154,features,77,441.0,-23.94,34,33,1,6,35,1,0,0,726.87
2026-09-26_12-30-00,2026-09-26_12-30-08_4056x3040.jpg,2026-09-26,4056x3040,n,0.4154,features,77,441.0,-23.94,34,31,3,6,34,0,0,0,124.92
2026-09-26_12-30-00,2026-09-26_12-30-08_4056x3040.jpg,2026-09-26,4056x3040,s,0.4154,features,77,441.0,-23.94,35,34,1,5,39,1,3,1,305.01
2026-09-26_12-30-00,2026-09-26_12-30-08_4056x3040.jpg,2026-09-26,4056x3040,m,0.4154,features,77,441.0,-23.94,37,34,3,3,40,3,0,1,797.46
2026-09-26_12-45-00,2026-09-26_12-45-00_640x480.jpg,2026-09-26,640x480,n,0.4061,features,68,441.82,-20.93,30,29,1,10,31,1,0,0,99.06
2026-09-26_12-45-00,2026-09-26_12-45-00_640x480.jpg,2026-09-26,640x480,s,0.4061,features,68,441.82,-20.93,36,32,4,4,37,1,0,0,256.08
2026-09-26_12-45-00,2026-09-26_12-45-00_640x480.jpg,2026-09-26,640x480,m,0.4061,features,68,441.82,-20.93,35,33,2,5,36,1,0,0,720.44
2026-09-26_12-45-00,2026-09-26_12-45-03_1332x990.jpg,2026-09-26,1332x990,n,0.4061,features,68,441.82,-20.93,31,29,2,9,32,1,0,0,97.87
2026-09-26_12-45-00,2026-09-26_12-45-03_1332x990.jpg,2026-09-26,1332x990,s,0.4061,features,68,441.82,-20.93,36,33,3,4,40,2,2,0,279.48
2026-09-26_12-45-00,2026-09-26_12-45-03_1332x990.jpg,2026-09-26,1332x990,m,0.4061,features,68,441.82,-20.93,37,34,3,3,37,0,0,1,702.49
2026-09-26_12-45-00,2026-09-26_12-45-05_2028x1520.jpg,2026-09-26,2028x1520,n,0.4061,features,68,441.82,-20.93,32,31,1,8,32,0,0,0,126.08
2026-09-26_12-45-00,2026-09-26_12-45-05_2028x1520.jpg,2026-09-26,2028x1520,s,0.4061,features,68,441.82,-20.93,37,34,3,3,38,0,1,1,311.76
2026-09-26_12-45-00,2026-09-26_12-45-05_2028x1520.jpg,2026-09-26,2028x1520,m,0.4061,features,68,441.82,-20.93,37,34,3,3,38,1,0,1,709.88
2026-09-26_12-45-00,2026-09-26_12-45-08_4056x3040.jpg,2026-09-26,4056x3040,n,0.4061,features,68,441.82,-20.93,32,31,1,8,32,0,0,0,89.01
2026-09-26_12-45-00,2026-09-26_12-45-08_4056x3040.jpg,2026-09-26,4056x3040,s,0.4061,features,68,441.82,-20.93,37,35,2,3,39,0,2,1,294.03
2026-09-26_12-45-00,2026-09-26_12-45-08_4056x3040.jpg,2026-09-26,4056x3040,m,0.4061,features,68,441.82,-20.93,36,34,2,4,36,0,0,1,684.2
2026-09-26_13-00-00,2026-09-26_13-00-00_640x480.jpg,2026-09-26,640x480,n,0.4089,features,72,441.37,-23.7,32,30,2,8,32,0,0,0,99.36
2026-09-26_13-00-00,2026-09-26_13-00-00_640x480.jpg,2026-09-26,640x480,s,0.4089,features,72,441.37,-23.7,36,32,4,4,38,1,1,0,290.3
2026-09-26_13-00-00,2026-09-26_13-00-00_640x480.jpg,2026-09-26,640x480,m,0.4089,features,72,441.37,-23.7,36,33,3,4,36,0,0,0,675.44
2026-09-26_13-00-00,2026-09-26_13-00-02_1332x990.jpg,2026-09-26,1332x990,n,0.4089,features,72,441.37,-23.7,33,31,2,7,33,0,0,0,91.81
2026-09-26_13-00-00,2026-09-26_13-00-02_1332x990.jpg,2026-09-26,1332x990,s,0.4089,features,72,441.37,-23.7,36,34,2,4,39,1,2,1,248.3
2026-09-26_13-00-00,2026-09-26_13-00-02_1332x990.jpg,2026-09-26,1332x990,m,0.4089,features,72,441.37,-23.7,37,34,3,3,37,0,0,1,638.43
2026-09-26_13-00-00,2026-09-26_13-00-05_2028x1520.jpg,2026-09-26,2028x1520,n,0.4089,features,72,441.37,-23.7,32,31,1,8,32,0,0,0,97.14
2026-09-26_13-00-00,2026-09-26_13-00-05_2028x1520.jpg,2026-09-26,2028x1520,s,0.4089,features,72,441.37,-23.7,35,34,1,5,38,1,2,1,254.94
2026-09-26_13-00-00,2026-09-26_13-00-05_2028x1520.jpg,2026-09-26,2028x1520,m,0.4089,features,72,441.37,-23.7,36,34,2,4,37,1,0,1,642.31
2026-09-26_13-00-00,2026-09-26_13-00-07_4056x3040.jpg,2026-09-26,4056x3040,n,0.4089,features,72,441.37,-23.7,32,30,2,8,32,0,0,0,94.94
2026-09-26_13-00-00,2026-09-26_13-00-07_4056x3040.jpg,2026-09-26,4056x3040,s,0.4089,features,72,441.37,-23.7,36,35,1,4,38,0,2,1,249.76
2026-09-26_13-00-00,2026-09-26_13-00-07_4056x3040.jpg,2026-09-26,4056x3040,m,0.4089,features,72,441.37,-23.7,36,35,1,4,38,2,0,1,630.91
2026-09-26_13-15-00,2026-09-26_13-15-00_640x480.jpg,2026-09-26,640x480,n,0.3913,features,56,438.16,-20.19,31,30,1,9,31,0,0,0,105.4
2026-09-26_13-15-00,2026-09-26_13-15-00_640x480.jpg,2026-09-26,640x480,s,0.3913,features,56,438.16,-20.19,36,32,4,4,38,2,0,0,260.2
2026-09-26_13-15-00,2026-09-26_13-15-00_640x480.jpg,2026-09-26,640x480,m,0.3913,features,56,438.16,-20.19,35,32,3,5,36,1,0,0,631.44
2026-09-26_13-15-00,2026-09-26_13-15-03_1332x990.jpg,2026-09-26,1332x990,n,0.3913,features,56,438.16,-20.19,31,30,1,9,31,0,0,0,91.25
2026-09-26_13-15-00,2026-09-26_13-15-03_1332x990.jpg,2026-09-26,1332x990,s,0.3913,features,56,438.16,-20.19,36,34,2,4,36,0,0,1,259.7
2026-09-26_13-15-00,2026-09-26_13-15-03_1332x990.jpg,2026-09-26,1332x990,m,0.3913,features,56,438.16,-20.19,36,34,2,4,36,0,0,1,678.94
2026-09-26_13-15-00,2026-09-26_13-15-05_2028x1520.jpg,2026-09-26,2028x1520,n,0.3913,features,56,438.16,-20.19,32,31,1,8,32,0,0,0,92.19
2026-09-26_13-15-00,2026-09-26_13-15-05_2028x1520.jpg,2026-09-26,2028x1520,s,0.3913,features,56,438.16,-20.19,37,35,2,3,38,0,1,1,250.51
2026-09-26_13-15-00,2026-09-26_13-15-05_2028x1520.jpg,2026-09-26,2028x1520,m,0.3913,features,56,438.16,-20.19,38,34,4,2,39,1,0,1,678.7
2026-09-26_13-15-00,2026-09-26_13-15-08_4056x3040.jpg,2026-09-26,4056x3040,n,0.3913,features,56,438.16,-20.19,35,32,3,5,35,0,0,0,98.99
2026-09-26_13-15-00,2026-09-26_13-15-08_4056x3040.jpg,2026-09-26,4056x3040,s,0.3913,features,56,438.16,-20.19,35,34,1,5,36,0,1,1,252.27
2026-09-26_13-15-00,2026-09-26_13-15-08_4056x3040.jpg,2026-09-26,4056x3040,m,0.3913,features,56,438.16,-20.19,35,34,1,5,35,0,0,1,657.49
2026-09-26_13-45-00,2026-09-26_13-45-00_640x480.jpg,2026-09-26,640x480,n,0.3707,features,48,439.55,-20.91,33,30,3,7,33,0,0,0,114.51
2026-09-26_13-45-00,2026-09-26_13-45-00_640x480.jpg,2026-09-26,640x480,s,0.3707,features,48,439.55,-20.91,34,31,3,6,35,1,0,0,244.53
2026-09-26_13-45-00,2026-09-26_13-45-00_640x480.jpg,2026-09-26,640x480,m,0.3707,features,48,439.55,-20.91,34,31,3,6,34,0,0,0,686.39
2026-09-26_13-45-00,2026-09-26_13-45-02_1332x990.jpg,2026-09-26,1332x990,n,0.3707,features,48,439.55,-20.91,33,31,2,7,33,0,0,0,95.86
2026-09-26_13-45-00,2026-09-26_13-45-02_1332x990.jpg,2026-09-26,1332x990,s,0.3707,features,48,439.55,-20.91,37,35,2,3,38,1,0,1,261.04
2026-09-26_13-45-00,2026-09-26_13-45-02_1332x990.jpg,2026-09-26,1332x990,m,0.3707,features,48,439.55,-20.91,37,34,3,3,39,2,0,1,705.64
2026-09-26_13-45-00,2026-09-26_13-45-05_2028x1520.jpg,2026-09-26,2028x1520,n,0.3707,features,48,439.55,-20.91,32,30,2,8,32,0,0,0,98.07
2026-09-26_13-45-00,2026-09-26_13-45-05_2028x1520.jpg,2026-09-26,2028x1520,s,0.3707,features,48,439.55,-20.91,36,35,1,4,37,1,0,1,249.54
2026-09-26_13-45-00,2026-09-26_13-45-05_2028x1520.jpg,2026-09-26,2028x1520,m,0.3707,features,48,439.55,-20.91,36,34,2,4,37,1,0,1,641.59
2026-09-26_13-45-00,2026-09-26_13-45-08_4056x3040.jpg,2026-09-26,4056x3040,n,0.3707,features,48,439.55,-20.91,33,31,2,7,33,0,0,0,94.2
2026-09-26_13-45-00,2026-09-26_13-45-08_4056x3040.jpg,2026-09-26,4056x3040,s,0.3707,features,48,439.55,-20.91,37,34,3,3,37,0,0,1,270.26
2026-09-26_13-45-00,2026-09-26_13-45-08_4056x3040.jpg,2026-09-26,4056x3040,m,0.3707,features,48,439.55,-20.91,37,35,2,3,37,0,0,1,730.55
2026-09-26_14-00-00,2026-09-26_14-00-00_640x480.jpg,2026-09-26,640x480,n,0.3669,features,53,443.21,-19.14,32,30,2,8,32,0,0,0,103.61
2026-09-26_14-00-00,2026-09-26_14-00-00_640x480.jpg,2026-09-26,640x480,s,0.3669,features,53,443.21,-19.14,37,32,5,3,39,2,0,0,269.37
2026-09-26_14-00-00,2026-09-26_14-00-00_640x480.jpg,2026-09-26,640x480,m,0.3669,features,53,443.21,-19.14,36,32,4,4,36,0,0,0,680.14
2026-09-26_14-00-00,2026-09-26_14-00-03_1332x990.jpg,2026-09-26,1332x990,n,0.3669,features,53,443.21,-19.14,32,30,2,8,32,0,0,0,96.34
2026-09-26_14-00-00,2026-09-26_14-00-03_1332x990.jpg,2026-09-26,1332x990,s,0.3669,features,53,443.21,-19.14,36,34,2,4,37,1,0,1,253.83
2026-09-26_14-00-00,2026-09-26_14-00-03_1332x990.jpg,2026-09-26,1332x990,m,0.3669,features,53,443.21,-19.14,37,34,3,3,38,1,0,1,711.36
2026-09-26_14-00-00,2026-09-26_14-00-05_2028x1520.jpg,2026-09-26,2028x1520,n,0.3669,features,53,443.21,-19.14,32,31,1,8,32,0,0,0,101.55
2026-09-26_14-00-00,2026-09-26_14-00-05_2028x1520.jpg,2026-09-26,2028x1520,s,0.3669,features,53,443.21,-19.14,35,33,2,5,35,0,0,0,248.12
2026-09-26_14-00-00,2026-09-26_14-00-05_2028x1520.jpg,2026-09-26,2028x1520,m,0.3669,features,53,443.21,-19.14,38,35,3,2,39,1,0,1,774.64
2026-09-26_14-00-00,2026-09-26_14-00-08_4056x3040.jpg,2026-09-26,4056x3040,n,0.3669,features,53,443.21,-19.14,31,30,1,9,31,0,0,0,124.94
2026-09-26_14-00-00,2026-09-26_14-00-08_4056x3040.jpg,2026-09-26,4056x3040,s,0.3669,features,53,443.21,-19.14,37,34,3,3,38,1,0,1,331.65
2026-09-26_14-00-00,2026-09-26_14-00-08_4056x3040.jpg,2026-09-26,4056x3040,m,0.3669,features,53,443.21,-19.14,36,34,2,4,37,1,0,1,773.04
2026-09-26_14-15-00,2026-09-26_14-15-00_640x480.jpg,2026-09-26,640x480,n,0.3583,features,60,438.69,-20.0,33,31,2,7,33,0,0,0,81.0
2026-09-26_14-15-00,2026-09-26_14-15-00_640x480.jpg,2026-09-26,640x480,s,0.3583,features,60,438.69,-20.0,37,33,4,3,38,1,0,0,332.85
2026-09-26_14-15-00,2026-09-26_14-15-00_640x480.jpg,2026-09-26,640x480,m,0.3583,features,60,438.69,-20.0,37,34,3,3,37,0,0,1,744.45
2026-09-26_14-15-00,2026-09-26_14-15-02_1332x990.jpg,2026-09-26,1332x990,n,0.3583,features,60,438.69,-20.0,32,30,2,8,32,0,0,0,94.72
2026-09-26_14-15-00,2026-09-26_14-15-02_1332x990.jpg,2026-09-26,1332x990,s,0.3583,features,60,438.69,-20.0,36,34,2,4,36,0,0,1,268.13
2026-09-26_14-15-00,2026-09-26_14-15-02_1332x990.jpg,2026-09-26,1332x990,m,0.3583,features,60,438.69,-20.0,37,34,3,3,38,1,0,1,704.59
2026-09-26_14-15-00,2026-09-26_14-15-05_2028x1520.jpg,2026-09-26,2028x1520,n,0.3583,features,60,438.69,-20.0,31,30,1,9,31,0,0,0,113.74
2026-09-26_14-15-00,2026-09-26_14-15-05_2028x1520.jpg,2026-09-26,2028x1520,s,0.3583,features,60,438.69,-20.0,36,34,2,4,37,1,0,1,279.86
2026-09-26_14-15-00,2026-09-26_14-15-05_2028x1520.jpg,2026-09-26,2028x1520,m,0.3583,features,60,438.69,-20.0,37,34,3,3,39,2,0,1,752.49
2026-09-26_14-15-00,2026-09-26_14-15-07_4056x3040.jpg,2026-09-26,4056x3040,n,0.3583,features,60,438.69,-20.0,32,31,1,8,32,0,0,0,100.01
2026-09-26_14-15-00,2026-09-26_14-15-07_4056x3040.jpg,2026-09-26,4056x3040,s,0.3583,features,60,438.69,-20.0,34,34,0,6,34,0,0,1,278.34
2026-09-26_14-15-00,2026-09-26_14-15-07_4056x3040.jpg,2026-09-26,4056x3040,m,0.3583,features,60,438.69,-20.0,38,35,3,2,39,1,0,1,749.14
2026-09-26_14-30-00,2026-09-26_14-30-00_640x480.jpg,2026-09-26,640x480,n,0.3936,features,58,441.77,-19.54,32,31,1,8,32,0,0,0,103.43
2026-09-26_14-30-00,2026-09-26_14-30-00_640x480.jpg,2026-09-26,640x480,s,0.3936,features,58,441.77,-19.54,36,32,4,4,36,0,0,0,307.86
2026-09-26_14-30-00,2026-09-26_14-30-00_640x480.jpg,2026-09-26,640x480,m,0.3936,features,58,441.77,-19.54,36,33,3,4,38,2,0,0,755.04
2026-09-26_14-30-00,2026-09-26_14-30-03_1332x990.jpg,2026-09-26,1332x990,n,0.3936,features,58,441.77,-19.54,30,30,0,10,30,0,0,0,114.49
2026-09-26_14-30-00,2026-09-26_14-30-03_1332x990.jpg,2026-09-26,1332x990,s,0.3936,features,58,441.77,-19.54,37,33,4,3,37,0,0,0,281.88
2026-09-26_14-30-00,2026-09-26_14-30-03_1332x990.jpg,2026-09-26,1332x990,m,0.3936,features,58,441.77,-19.54,36,34,2,4,38,2,0,1,802.1
2026-09-26_14-30-00,2026-09-26_14-30-05_2028x1520.jpg,2026-09-26,2028x1520,n,0.3936,features,58,441.77,-19.54,32,31,1,8,32,0,0,0,132.15
2026-09-26_14-30-00,2026-09-26_14-30-05_2028x1520.jpg,2026-09-26,2028x1520,s,0.3936,features,58,441.77,-19.54,36,34,2,4,37,0,1,1,363.9
2026-09-26_14-30-00,2026-09-26_14-30-05_2028x1520.jpg,2026-09-26,2028x1520,m,0.3936,features,58,441.77,-19.54,38,35,3,2,39,1,0,1,710.03
2026-09-26_14-30-00,2026-09-26_14-30-08_4056x3040.jpg,2026-09-26,4056x3040,n,0.3936,features,58,441.77,-19.54,33,31,2,7,33,0,0,0,102.35
2026-09-26_14-30-00,2026-09-26_14-30-08_4056x3040.jpg,2026-09-26,4056x3040,s,0.3936,features,58,441.77,-19.54,38,35,3,2,39,1,0,1,308.42
2026-09-26_14-30-00,2026-09-26_14-30-08_4056x3040.jpg,2026-09-26,4056x3040,m,0.3936,features,58,441.77,-19.54,37,34,3,3,38,1,0,1,676.98
2026-09-26_14-45-00,2026-09-26_14-45-00_640x480.jpg,2026-09-26,640x480,n,0.4009,features,68,441.4,-23.24,33,30,3,7,33,0,0,0,106.93
2026-09-26_14-45-00,2026-09-26_14-45-00_640x480.jpg,2026-09-26,640x480,s,0.4009,features,68,441.4,-23.24,36,30,6,4,36,0,0,0,272.4
2026-09-26_14-45-00,2026-09-26_14-45-00_640x480.jpg,2026-09-26,640x480,m,0.4009,features,68,441.4,-23.24,37,32,5,3,37,0,0,0,691.86
2026-09-26_14-45-00,2026-09-26_14-45-03_1332x990.jpg,2026-09-26,1332x990,n,0.4009,features,68,441.4,-23.24,32,31,1,8,32,0,0,0,101.43
2026-09-26_14-45-00,2026-09-26_14-45-03_1332x990.jpg,2026-09-26,1332x990,s,0.4009,features,68,441.4,-23.24,35,34,1,5,35,0,0,1,270.02
2026-09-26_14-45-00,2026-09-26_14-45-03_1332x990.jpg,2026-09-26,1332x990,m,0.4009,features,68,441.4,-23.24,36,34,2,4,37,1,0,1,726.32
2026-09-26_14-45-00,2026-09-26_14-45-06_2028x1520.jpg,2026-09-26,2028x1520,n,0.4009,features,68,441.4,-23.24,32,31,1,8,32,0,0,0,93.8
2026-09-26_14-45-00,2026-09-26_14-45-06_2028x1520.jpg,2026-09-26,2028x1520,s,0.4009,features,68,441.4,-23.24,36,34,2,4,36,0,0,1,330.58
2026-09-26_14-45-00,2026-09-26_14-45-06_2028x1520.jpg,2026-09-26,2028x1520,m,0.4009,features,68,441.4,-23.24,36,34,2,4,38,2,0,1,707.22
2026-09-26_14-45-00,2026-09-26_14-45-08_4056x3040.jpg,2026-09-26,4056x3040,n,0.4009,features,68,441.4,-23.24,30,30,0,10,30,0,0,0,91.92
2026-09-26_14-45-00,2026-09-26_14-45-08_4056x3040.jpg,2026-09-26,4056x3040,s,0.4009,features,68,441.4,-23.24,37,34,3,3,37,0,0,1,300.9
2026-09-26_14-45-00,2026-09-26_14-45-08_4056x3040.jpg,2026-09-26,4056x3040,m,0.4009,features,68,441.4,-23.24,36,34,2,4,37,1,0,1,836.18
2026-09-26_15-00-00,2026-09-26_15-00-00_640x480.jpg,2026-09-26,640x480,n,0.3986,features,68,440.81,-19.18,31,30,1,9,31,0,0,0,92.33
2026-09-26_15-00-00,2026-09-26_15-00-00_640x480.jpg,2026-09-26,640x480,s,0.3986,features,68,440.81,-19.18,36,32,4,4,37,1,0,0,337.46
2026-09-26_15-00-00,2026-09-26_15-00-00_640x480.jpg,2026-09-26,640x480,m,0.3986,features,68,440.81,-19.18,38,34,4,2,39,1,0,1,791.58
2026-09-26_15-00-00,2026-09-26_15-00-02_1332x990.jpg,2026-09-26,1332x990,n,0.3986,features,68,440.81,-19.18,33,31,2,7,33,0,0,0,99.25
2026-09-26_15-00-00,2026-09-26_15-00-02_1332x990.jpg,2026-09-26,1332x990,s,0.3986,features,68,440.81,-19.18,34,33,1,6,34,0,0,0,280.65
2026-09-26_15-00-00,2026-09-26_15-00-02_1332x990.jpg,2026-09-26,1332x990,m,0.3986,features,68,440.81,-19.18,37,34,3,3,39,2,0,1,803.7
2026-09-26_15-00-00,2026-09-26_15-00-05_2028x1520.jpg,2026-09-26,2028x1520,n,0.3986,features,68,440.81,-19.18,32,30,2,8,32,0,0,0,119.36
2026-09-26_15-00-00,2026-09-26_15-00-05_2028x1520.jpg,2026-09-26,2028x1520,s,0.3986,features,68,440.81,-19.18,34,33,1,6,34,0,0,0,360.65
2026-09-26_15-00-00,2026-09-26_15-00-05_2028x1520.jpg,2026-09-26,2028x1520,m,0.3986,features,68,440.81,-19.18,38,35,3,2,41,3,0,1,788.5
2026-09-26_15-00-00,2026-09-26_15-00-08_4056x3040.jpg,2026-09-26,4056x3040,n,0.3986,features,68,440.81,-19.18,32,31,1,8,32,0,0,0,100.94
2026-09-26_15-00-00,2026-09-26_15-00-08_4056x3040.jpg,2026-09-26,4056x3040,s,0.3986,features,68,440.81,-19.18,38,35,3,2,38,0,0,1,357.23
2026-09-26_15-00-00,2026-09-26_15-00-08_4056x3040.jpg,2026-09-26,4056x3040,m,0.3986,features,68,440.81,-19.18,38,33,5,2,39,1,0,0,760.59
2026-09-26_15-15-00,2026-09-26_15-15-00_640x480.jpg,2026-09-26,640x480,n,0.4075,features,77,438.72,-18.37,31,30,1,9,31,0,0,0,97.32
2026-09-26_15-15-00,2026-09-26_15-15-00_640x480.jpg,2026-09-26,640x480,s,0.4075,features,77,438.72,-18.37,37,32,5,3,39,1,1,0,265.35
2026-09-26_15-15-00,2026-09-26_15-15-00_640x480.jpg,2026-09-26,640x480,m,0.4075,features,77,438.72,-18.37,38,33,5,2,39,1,0,0,790.06
2026-09-26_15-15-00,2026-09-26_15-15-03_1332x990.jpg,2026-09-26,1332x990,n,0.4075,features,77,438.72,-18.37,32,31,1,8,32,0,0,0,129.16
2026-09-26_15-15-00,2026-09-26_15-15-03_1332x990.jpg,2026-09-26,1332x990,s,0.4075,features,77,438.72,-18.37,34,33,1,6,34,0,0,0,307.79
2026-09-26_15-15-00,2026-09-26_15-15-03_1332x990.jpg,2026-09-26,1332x990,m,0.4075,features,77,438.72,-18.37,38,34,4,2,40,2,0,1,756.85
2026-09-26_15-15-00,2026-09-26_15-15-05_2028x1520.jpg,2026-09-26,2028x1520,n,0.4075,features,77,438.72,-18.37,32,31,1,8,32,0,0,0,120.36
2026-09-26_15-15-00,2026-09-26_15-15-05_2028x1520.jpg,2026-09-26,2028x1520,s,0.4075,features,77,438.72,-18.37,35,33,2,5,35,0,0,0,341.67
2026-09-26_15-15-00,2026-09-26_15-15-05_2028x1520.jpg,2026-09-26,2028x1520,m,0.4075,features,77,438.72,-18.37,36,33,3,4,37,1,0,0,793.64
2026-09-26_15-15-00,2026-09-26_15-15-08_4056x3040.jpg,2026-09-26,4056x3040,n,0.4075,features,77,438.72,-18.37,31,30,1,9,31,0,0,0,106.31
2026-09-26_15-15-00,2026-09-26_15-15-08_4056x3040.jpg,2026-09-26,4056x3040,s,0.4075,features,77,438.72,-18.37,34,33,1,6,34,0,0,0,270.27
2026-09-26_15-15-00,2026-09-26_15-15-08_4056x3040.jpg,2026-09-26,4056x3040,m,0.4075,features,77,438.72,-18.37,36,34,2,4,37,1,0,1,791.61
2026-09-26_15-30-00,2026-09-26_15-30-00_640x480.jpg,2026-09-26,640x480,n,0.3829,features,84,438.34,-17.65,32,30,2,8,32,0,0,0,126.25
2026-09-26_15-30-00,2026-09-26_15-30-00_640x480.jpg,2026-09-26,640x480,s,0.3829,features,84,438.34,-17.65,37,32,5,3,37,0,0,0,313.94
2026-09-26_15-30-00,2026-09-26_15-30-00_640x480.jpg,2026-09-26,640x480,m,0.3829,features,84,438.34,-17.65,34,32,2,6,35,1,0,0,718.34
2026-09-26_15-30-00,2026-09-26_15-30-02_1332x990.jpg,2026-09-26,1332x990,n,0.3829,features,84,438.34,-17.65,31,30,1,9,31,0,0,0,112.85
2026-09-26_15-30-00,2026-09-26_15-30-02_1332x990.jpg,2026-09-26,1332x990,s,0.3829,features,84,438.34,-17.65,36,33,3,4,39,2,1,0,305.04
2026-09-26_15-30-00,2026-09-26_15-30-02_1332x990.jpg,2026-09-26,1332x990,m,0.3829,features,84,438.34,-17.65,36,33,3,4,38,2,0,0,743.73
2026-09-26_15-30-00,2026-09-26_15-30-05_2028x1520.jpg,2026-09-26,2028x1520,n,0.3829,features,84,438.34,-17.65,32,31,1,8,32,0,0,0,110.93
2026-09-26_15-30-00,2026-09-26_15-30-05_2028x1520.jpg,2026-09-26,2028x1520,s,0.3829,features,84,438.34,-17.65,37,34,3,3,38,1,0,1,272.28
2026-09-26_15-30-00,2026-09-26_15-30-05_2028x1520.jpg,2026-09-26,2028x1520,m,0.3829,features,84,438.34,-17.65,37,33,4,3,40,3,0,0,695.74
2026-09-26_15-30-00,2026-09-26_15-30-08_4056x3040.jpg,2026-09-26,4056x3040,n,0.3829,features,84,438.34,-17.65,31,30,1,9,31,0,0,0,136.54
2026-09-26_15-30-00,2026-09-26_15-30-08_4056x3040.jpg,2026-09-26,4056x3040,s,0.3829,features,84,438.34,-17.65,36,33,3,4,36,0,0,0,357.71
2026-09-26_15-30-00,2026-09-26_15-30-08_4056x3040.jpg,2026-09-26,4056x3040,m,0.3829,features,84,438.34,-17.65,37,33,4,3,40,3,0,0,748.5
2026-09-26_15-45-00,2026-09-26_15-45-00_640x480.jpg,2026-09-26,640x480,n,0.3688,features,96,442.21,-20.95,31,30,1,9,31,0,0,0,117.61
2026-09-26_15-45-00,2026-09-26_15-45-00_640x480.jpg,2026-09-26,640x480,s,0.3688,features,96,442.21,-20.95,37,31,6,3,37,0,0,0,296.27
2026-09-26_15-45-00,2026-09-26_15-45-00_640x480.jpg,2026-09-26,640x480,m,0.3688,features,96,442.21,-20.95,37,34,3,3,38,1,0,1,699.67
2026-09-26_15-45-00,2026-09-26_15-45-03_1332x990.jpg,2026-09-26,1332x990,n,0.3688,features,96,442.21,-20.95,32,31,1,8,32,0,0,0,97.52
2026-09-26_15-45-00,2026-09-26_15-45-03_1332x990.jpg,2026-09-26,1332x990,s,0.3688,features,96,442.21,-20.95,35,33,2,5,35,0,0,0,335.51
2026-09-26_15-45-00,2026-09-26_15-45-03_1332x990.jpg,2026-09-26,1332x990,m,0.3688,features,96,442.21,-20.95,38,34,4,2,39,1,0,1,727.88
2026-09-26_15-45-00,2026-09-26_15-45-05_2028x1520.jpg,2026-09-26,2028x1520,n,0.3688,features,96,442.21,-20.95,33,32,1,7,33,0,0,0,99.53
2026-09-26_15-45-00,2026-09-26_15-45-05_2028x1520.jpg,2026-09-26,2028x1520,s,0.3688,features,96,442.21,-20.95,37,35,2,3,37,0,0,1,279.84
2026-09-26_15-45-00,2026-09-26_15-45-05_2028x1520.jpg,2026-09-26,2028x1520,m,0.3688,features,96,442.21,-20.95,38,34,4,2,40,2,0,1,754.97
2026-09-26_15-45-00,2026-09-26_15-45-08_4056x3040.jpg,2026-09-26,4056x3040,n,0.3688,features,96,442.21,-20.95,32,31,1,8,32,0,0,0,95.22
2026-09-26_15-45-00,2026-09-26_15-45-08_4056x3040.jpg,2026-09-26,4056x3040,s,0.3688,features,96,442.21,-20.95,37,34,3,3,37,0,0,1,266.68
2026-09-26_15-45-00,2026-09-26_15-45-08_4056x3040.jpg,2026-09-26,4056x3040,m,0.3688,features,96,442.21,-20.95,38,34,4,2,40,2,0,1,783.59
2026-09-26_16-00-00,2026-09-26_16-00-00_640x480.jpg,2026-09-26,640x480,n,0.4076,features,104,438.95,-22.3,30,30,0,10,30,0,0,0,105.37
2026-09-26_16-00-00,2026-09-26_16-00-00_640x480.jpg,2026-09-26,640x480,s,0.4076,features,104,438.95,-22.3,37,31,6,3,38,1,0,0,293.84
2026-09-26_16-00-00,2026-09-26_16-00-00_640x480.jpg,2026-09-26,640x480,m,0.4076,features,104,438.95,-22.3,39,33,6,1,41,2,0,0,736.94
2026-09-26_16-00-00,2026-09-26_16-00-02_1332x990.jpg,2026-09-26,1332x990,n,0.4076,features,104,438.95,-22.3,33,31,2,7,33,0,0,0,100.9
2026-09-26_16-00-00,2026-09-26_16-00-02_1332x990.jpg,2026-09-26,1332x990,s,0.4076,features,104,438.95,-22.3,36,32,4,4,36,0,0,0,301.16
2026-09-26_16-00-00,2026-09-26_16-00-02_1332x990.jpg,2026-09-26,1332x990,m,0.4076,features,104,438.95,-22.3,39,33,6,1,40,1,0,0,753.58
2026-09-26_16-00-00,2026-09-26_16-00-05_2028x1520.jpg,2026-09-26,2028x1520,n,0.4076,features,104,438.95,-22.3,33,31,2,7,33,0,0,0,95.2
2026-09-26_16-00-00,2026-09-26_16-00-05_2028x1520.jpg,2026-09-26,2028x1520,s,0.4076,features,104,438.95,-22.3,38,34,4,2,39,1,0,1,293.38
2026-09-26_16-00-00,2026-09-26_16-00-05_2028x1520.jpg,2026-09-26,2028x1520,m,0.4076,features,104,438.95,-22.3,39,34,5,1,41,2,0,1,717.85
2026-09-26_16-00-00,2026-09-26_16-00-07_4056x3040.jpg,2026-09-26,4056x3040,n,0.4076,features,104,438.95,-22.3,32,30,2,8,32,0,0,0,87.32
2026-09-26_16-00-00,2026-09-26_16-00-07_4056x3040.jpg,2026-09-26,4056x3040,s,0.4076,features,104,438.95,-22.3,36,34,2,4,37,1,0,1,258.66
2026-09-26_16-00-00,2026-09-26_16-00-07_4056x3040.jpg,2026-09-26,4056x3040,m,0.4076,features,104,438.95,-22.3,38,33,5,2,39,1,0,0,683.89
2026-09-26_16-15-00,2026-09-26_16-15-00_640x480.jpg,2026-09-26,640x480,n,0.3975,features,120,439.57,-22.56,30,30,0,10,30,0,0,0,126.34
2026-09-26_16-15-00,2026-09-26_16-15-00_640x480.jpg,2026-09-26,640x480,s,0.3975,features,120,439.57,-22.56,36,32,4,4,37,1,0,0,253.38
2026-09-26_16-15-00,2026-09-26_16-15-00_640x480.jpg,2026-09-26,640x480,m,0.3975,features,120,439.57,-22.56,37,32,5,3,38,1,0,0,709.44
2026-09-26_16-15-00,2026-09-26_16-15-03_1332x990.jpg,2026-09-26,1332x990,n,0.3975,features,120,439.57,-22.56,31,30,1,9,31,0,0,0,88.12
2026-09-26_16-15-00,2026-09-26_16-15-03_1332x990.jpg,2026-09-26,1332x990,s,0.3975,features,120,439.57,-22.56,36,33,3,4,36,0,0,0,265.64
2026-09-26_16-15-00,2026-09-26_16-15-03_1332x990.jpg,2026-09-26,1332x990,m,0.3975,features,120,439.57,-22.56,38,33,5,2,40,2,0,0,704.1
2026-09-26_16-15-00,2026-09-26_16-15-05_2028x1520.jpg,2026-09-26,2028x1520,n,0.3975,features,120,439.57,-22.56,33,31,2,7,33,0,0,0,98.98
2026-09-26_16-15-00,2026-09-26_16-15-05_2028x1520.jpg,2026-09-26,2028x1520,s,0.3975,features,120,439.57,-22.56,37,34,3,3,37,0,0,1,244.37
2026-09-26_16-15-00,2026-09-26_16-15-05_2028x1520.jpg,2026-09-26,2028x1520,m,0.3975,features,120,439.57,-22.56,38,33,5,2,39,1,0,0,724.35
2026-09-26_16-15-00,2026-09-26_16-15-08_4056x3040.jpg,2026-09-26,4056x3040,n,0.3975,features,120,439.57,-22.56,32,30,2,8,32,0,0,0,97.7
2026-09-26_16-15-00,2026-09-26_16-15-08_4056x3040.jpg,2026-09-26,4056x3040,s,0.3975,features,120,439.57,-22.56,36,33,3,4,36,0,0,0,250.36
2026-09-26_16-15-00,2026-09-26_16-15-08_4056x3040.jpg,2026-09-26,4056x3040,m,0.3975,features,120,439.57,-22.56,38,34,4,2,39,1,0,1,775.0
2026-09-26_16-30-00,2026-09-26_16-30-00_640x480.jpg,2026-09-26,640x480,n,0.4048,features,113,439.6,-21.45,32,30,2,8,32,0,0,0,107.32
2026-09-26_16-30-00,2026-09-26_16-30-00_640x480.jpg,2026-09-26,640x480,s,0.4048,features,113,439.6,-21.45,34,30,4,6,35,1,0,0,271.4
2026-09-26_16-30-00,2026-09-26_16-30-00_640x480.jpg,2026-09-26,640x480,m,0.4048,features,113,439.6,-21.45,38,33,5,2,40,2,0,0,700.39
2026-09-26_16-30-00,2026-09-26_16-30-02_1332x990.jpg,2026-09-26,1332x990,n,0.4048,features,113,439.6,-21.45,32,31,1,8,32,0,0,0,110.97
2026-09-26_16-30-00,2026-09-26_16-30-02_1332x990.jpg,2026-09-26,1332x990,s,0.4048,features,113,439.6,-21.45,36,33,3,4,36,0,0,0,304.46
2026-09-26_16-30-00,2026-09-26_16-30-02_1332x990.jpg,2026-09-26,1332x990,m,0.4048,features,113,439.6,-21.45,37,34,3,3,37,0,0,1,776.65
2026-09-26_16-30-00,2026-09-26_16-30-05_2028x1520.jpg,2026-09-26,2028x1520,n,0.4048,features,113,439.6,-21.45,32,31,1,8,32,0,0,0,91.39
2026-09-26_16-30-00,2026-09-26_16-30-05_2028x1520.jpg,2026-09-26,2028x1520,s,0.4048,features,113,439.6,-21.45,36,33,3,4,37,0,1,0,273.95
2026-09-26_16-30-00,2026-09-26_16-30-05_2028x1520.jpg,2026-09-26,2028x1520,m,0.4048,features,113,439.6,-21.45,37,33,4,3,39,2,0,0,736.95
2026-09-26_16-30-00,2026-09-26_16-30-07_4056x3040.jpg,2026-09-26,4056x3040,n,0.4048,features,113,439.6,-21.45,32,30,2,8,32,0,0,0,95.91
2026-09-26_16-30-00,2026-09-26_16-30-07_4056x3040.jpg,2026-09-26,4056x3040,s,0.4048,features,113,439.6,-21.45,37,33,4,3,37,0,0,0,256.91
2026-09-26_16-30-00,2026-09-26_16-30-07_4056x3040.jpg,2026-09-26,4056x3040,m,0.4048,features,113,439.6,-21.45,36,33,3,4,38,2,0,0,746.03
2026-09-26_16-45-00,2026-09-26_16-45-00_640x480.jpg,2026-09-26,640x480,n,0.392,features,107,440.05,-22.81,32,29,3,8,32,0,0,0,100.28
2026-09-26_16-45-00,2026-09-26_16-45-00_640x480.jpg,2026-09-26,640x480,s,0.392,features,107,440.05,-22.81,36,29,7,4,37,1,0,0,265.25
2026-09-26_16-45-00,2026-09-26_16-45-00_640x480.jpg,2026-09-26,640x480,m,0.392,features,107,440.05,-22.81,34,30,4,6,35,1,0,0,784.36
2026-09-26_16-45-00,2026-09-26_16-45-03_1332x990.jpg,2026-09-26,1332x990,n,0.392,features,107,440.05,-22.81,33,30,3,7,34,1,0,0,94.46
2026-09-26_16-45-00,2026-09-26_16-45-03_1332x990.jpg,2026-09-26,1332x990,s,0.392,features,107,440.05,-22.81,38,33,5,2,38,0,0,0,258.88
2026-09-26_16-45-00,2026-09-26_16-45-03_1332x990.jpg,2026-09-26,1332x990,m,0.392,features,107,440.05,-22.81,38,33,5,2,40,2,0,0,678.59
2026-09-26_16-45-00,2026-09-26_16-45-05_2028x1520.jpg,2026-09-26,2028x1520,n,0.392,features,107,440.05,-22.81,33,31,2,7,33,0,0,0,92.51
2026-09-26_16-45-00,2026-09-26_16-45-05_2028x1520.jpg,2026-09-26,2028x1520,s,0.392,features,107,440.05,-22.81,39,34,5,1,41,1,1,1,252.47
2026-09-26_16-45-00,2026-09-26_16-45-05_2028x1520.jpg,2026-09-26,2028x1520,m,0.392,features,107,440.05,-22.81,37,34,3,3,38,1,0,1,658.44
2026-09-26_16-45-00,2026-09-26_16-45-08_4056x3040.jpg,2026-09-26,4056x3040,n,0.392,features,107,440.05,-22.81,33,31,2,7,33,0,0,0,108.45
2026-09-26_16-45-00,2026-09-26_16-45-08_4056x3040.jpg,2026-09-26,4056x3040,s,0.392,features,107,440.05,-22.81,36,33,3,4,37,1,0,0,243.61
2026-09-26_16-45-00,2026-09-26_16-45-08_4056x3040.jpg,2026-09-26,4056x3040,m,0.392,features,107,440.05,-22.81,35,32,3,5,36,1,0,0,687.15
2026-09-26_17-15-00,2026-09-26_17-15-00_640x480.jpg,2026-09-26,640x480,n,0.3911,features,107,438.82,-22.92,33,30,3,7,34,1,0,0,109.04
2026-09-26_17-15-00,2026-09-26_17-15-00_640x480.jpg,2026-09-26,640x480,s,0.3911,features,107,438.82,-22.92,37,32,5,3,38,0,1,0,254.34
2026-09-26_17-15-00,2026-09-26_17-15-00_640x480.jpg,2026-09-26,640x480,m,0.3911,features,107,438.82,-22.92,36,32,4,4,36,0,0,0,682.83
2026-09-26_17-15-00,2026-09-26_17-15-03_1332x990.jpg,2026-09-26,1332x990,n,0.3911,features,107,438.82,-22.92,33,30,3,7,33,0,0,0,89.96
2026-09-26_17-15-00,2026-09-26_17-15-03_1332x990.jpg,2026-09-26,1332x990,s,0.3911,features,107,438.82,-22.92,37,33,4,3,39,1,1,0,263.15
2026-09-26_17-15-00,2026-09-26_17-15-03_1332x990.jpg,2026-09-26,1332x990,m,0.3911,features,107,438.82,-22.92,37,32,5,3,40,3,0,0,660.19
2026-09-26_17-15-00,2026-09-26_17-15-05_2028x1520.jpg,2026-09-26,2028x1520,n,0.3911,features,107,438.82,-22.92,33,30,3,7,34,1,0,0,94.02
2026-09-26_17-15-00,2026-09-26_17-15-05_2028x1520.jpg,2026-09-26,2028x1520,s,0.3911,features,107,438.82,-22.92,35,30,5,5,36,0,1,0,275.36
2026-09-26_17-15-00,2026-09-26_17-15-05_2028x1520.jpg,2026-09-26,2028x1520,m,0.3911,features,107,438.82,-22.92,36,32,4,4,38,2,0,0,669.36
2026-09-26_17-15-00,2026-09-26_17-15-08_4056x3040.jpg,2026-09-26,4056x3040,n,0.3911,features,107,438.82,-22.92,34,31,3,6,35,1,0,0,86.82
2026-09-26_17-15-00,2026-09-26_17-15-08_4056x3040.jpg,2026-09-26,4056x3040,s,0.3911,features,107,438.82,-22.92,34,32,2,6,35,0,1,0,263.19
2026-09-26_17-15-00,2026-09-26_17-15-08_4056x3040.jpg,2026-09-26,4056x3040,m,0.3911,features,107,438.82,-22.92,37,33,4,3,38,1,0,0,670.3
2026-09-26_17-30-00,2026-09-26_17-30-00_640x480.jpg,2026-09-26,640x480,n,0.3911,features,118,440.08,-23.39,32,30,2,8,33,1,0,0,104.81
2026-09-26_17-30-00,2026-09-26_17-30-00_640x480.jpg,2026-09-26,640x480,s,0.3911,features,118,440.08,-23.39,36,31,5,4,37,0,1,0,250.09
2026-09-26_17-30-00,2026-09-26_17-30-00_640x480.jpg,2026-09-26,640x480,m,0.3911,features,118,440.08,-23.39,36,32,4,4,37,1,0,0,667.26
2026-09-26_17-30-00,2026-09-26_17-30-03_1332x990.jpg,2026-09-26,1332x990,n,0.3911,features,118,440.08,-23.39,33,30,3,7,35,2,0,0,96.15
2026-09-26_17-30-00,2026-09-26_17-30-03_1332x990.jpg,2026-09-26,1332x990,s,0.3911,features,118,440.08,-23.39,35,31,4,5,38,2,1,0,258.33
2026-09-26_17-30-00,2026-09-26_17-30-03_1332x990.jpg,2026-09-26,1332x990,m,0.3911,features,118,440.08,-23.39,35,33,2,5,35,0,0,0,693.25
2026-09-26_17-30-00,2026-09-26_17-30-06_2028x1520.jpg,2026-09-26,2028x1520,n,0.3911,features,118,440.08,-23.39,33,31,2,7,33,0,0,0,97.84
2026-09-26_17-30-00,2026-09-26_17-30-06_2028x1520.jpg,2026-09-26,2028x1520,s,0.3911,features,118,440.08,-23.39,38,34,4,2,38,0,0,1,250.4
2026-09-26_17-30-00,2026-09-26_17-30-06_2028x1520.jpg,2026-09-26,2028x1520,m,0.3911,features,118,440.08,-23.39,34,33,1,6,34,0,0,0,688.11
2026-09-26_17-30-00,2026-09-26_17-30-08_4056x3040.jpg,2026-09-26,4056x3040,n,0.3911,features,118,440.08,-23.39,32,30,2,8,33,1,0,0,97.34
2026-09-26_17-30-00,2026-09-26_17-30-08_4056x3040.jpg,2026-09-26,4056x3040,s,0.3911,features,118,440.08,-23.39,35,32,3,5,37,1,1,0,247.73
2026-09-26_17-30-00,2026-09-26_17-30-08_4056x3040.jpg,2026-09-26,4056x3040,m,0.3911,features,118,440.08,-23.39,34,33,1,6,34,0,0,0,688.98
2026-09-26_17-45-00,2026-09-26_17-45-00_640x480.jpg,2026-09-26,640x480,n,0.3933,features,140,439.91,-23.78,32,30,2,8,34,2,0,0,114.19
2026-09-26_17-45-00,2026-09-26_17-45-00_640x480.jpg,2026-09-26,640x480,s,0.3933,features,140,439.91,-23.78,35,29,6,5,37,1,1,0,251.3
2026-09-26_17-45-00,2026-09-26_17-45-00_640x480.jpg,2026-09-26,640x480,m,0.3933,features,140,439.91,-23.78,34,31,3,6,34,0,0,0,669.05
2026-09-26_17-45-00,2026-09-26_17-45-03_1332x990.jpg,2026-09-26,1332x990,n,0.3933,features,140,439.91,-23.78,33,30,3,7,33,0,0,0,93.69
2026-09-26_17-45-00,2026-09-26_17-45-03_1332x990.jpg,2026-09-26,1332x990,s,0.3933,features,140,439.91,-23.78,38,33,5,2,39,0,1,0,251.85
2026-09-26_17-45-00,2026-09-26_17-45-03_1332x990.jpg,2026-09-26,1332x990,m,0.3933,features,140,439.91,-23.78,37,34,3,3,39,2,0,1,712.83
2026-09-26_17-45-00,2026-09-26_17-45-05_2028x1520.jpg,2026-09-26,2028x1520,n,0.3933,features,140,439.91,-23.78,32,30,2,8,33,1,0,0,97.07
2026-09-26_17-45-00,2026-09-26_17-45-05_2028x1520.jpg,2026-09-26,2028x1520,s,0.3933,features,140,439.91,-23.78,35,32,3,5,37,1,1,0,255.91
2026-09-26_17-45-00,2026-09-26_17-45-05_2028x1520.jpg,2026-09-26,2028x1520,m,0.3933,features,140,439.91,-23.78,36,33,3,4,37,1,0,0,714.26
2026-09-26_17-45-00,2026-09-26_17-45-08_4056x3040.jpg,2026-09-26,4056x3040,n,0.3933,features,140,439.91,-23.78,33,31,2,7,34,1,0,0,93.42
2026-09-26_17-45-00,2026-09-26_17-45-08_4056x3040.jpg,2026-09-26,4056x3040,s,0.3933,features,140,439.91,-23.78,38,33,5,2,39,0,1,0,297.03
2026-09-26_17-45-00,2026-09-26_17-45-08_4056x3040.jpg,2026-09-26,4056x3040,m,0.3933,features,140,439.91,-23.78,37,33,4,3,39,2,0,0,761.57
2026-09-26_18-00-00,2026-09-26_18-00-00_640x480.jpg,2026-09-26,640x480,n,0.3956,features,139,440.12,-24.78,34,29,5,6,34,0,0,0,118.16
2026-09-26_18-00-00,2026-09-26_18-00-00_640x480.jpg,2026-09-26,640x480,s,0.3956,features,139,440.12,-24.78,36,30,6,4,37,1,0,0,276.42
2026-09-26_18-00-00,2026-09-26_18-00-00_640x480.jpg,2026-09-26,640x480,m,0.3956,features,139,440.12,-24.78,37,32,5,3,37,0,0,0,659.95
2026-09-26_18-00-00,2026-09-26_18-00-03_1332x990.jpg,2026-09-26,1332x990,n,0.3956,features,139,440.12,-24.78,33,30,3,7,34,1,0,0,102.13
2026-09-26_18-00-00,2026-09-26_18-00-03_1332x990.jpg,2026-09-26,1332x990,s,0.3956,features,139,440.12,-24.78,39,33,6,1,40,0,1,0,244.86
2026-09-26_18-00-00,2026-09-26_18-00-03_1332x990.jpg,2026-09-26,1332x990,m,0.3956,features,139,440.12,-24.78,37,33,4,3,37,0,0,0,690.63
2026-09-26_18-00-00,2026-09-26_18-00-06_2028x1520.jpg,2026-09-26,2028x1520,n,0.3956,features,139,440.12,-24.78,33,30,3,7,34,1,0,0,93.58
2026-09-26_18-00-00,2026-09-26_18-00-06_2028x1520.jpg,2026-09-26,2028x1520,s,0.3956,features,139,440.12,-24.78,38,35,3,2,40,1,1,1,280.03
2026-09-26_18-00-00,2026-09-26_18-00-06_2028x1520.jpg,2026-09-26,2028x1520,m,0.3956,features,139,440.12,-24.78,38,32,6,2,39,1,0,0,732.2
2026-09-26_18-00-00,2026-09-26_18-00-08_4056x3040.jpg,2026-09-26,4056x3040,n,0.3956,features,139,440.12,-24.78,34,31,3,6,35,1,0,0,113.5
2026-09-26_18-00-00,2026-09-26_18-00-08_4056x3040.jpg,2026-09-26,4056x3040,s,0.3956,features,139,440.12,-24.78,37,34,3,3,38,0,1,1,299.81
2026-09-26_18-00-00,2026-09-26_18-00-08_4056x3040.jpg,2026-09-26,4056x3040,m,0.3956,features,139,440.12,-24.78,36,33,3,4,36,0,0,0,718.9
2026-09-26_18-15-00,2026-09-26_18-15-00_640x480.jpg,2026-09-26,640x480,n,0.3913,features,156,440.34,-22.58,32,30,2,8,33,1,0,0,137.11
2026-09-26_18-15-00,2026-09-26_18-15-00_640x480.jpg,2026-09-26,640x480,s,0.3913,features,156,440.34,-22.58,38,31,7,2,42,3,1,0,261.7
2026-09-26_18-15-00,2026-09-26_18-15-00_640x480.jpg,2026-09-26,640x480,m,0.3913,features,156,440.34,-22.58,35,32,3,5,35,0,0,0,718.46
2026-09-26_18-15-00,2026-09-26_18-15-03_1332x990.jpg,2026-09-26,1332x990,n,0.3913,features,156,440.34,-22.58,33,30,3,7,34,1,0,0,94.56
2026-09-26_18-15-00,2026-09-26_18-15-03_1332x990.jpg,2026-09-26,1332x990,s,0.3913,features,156,440.34,-22.58,37,32,5,3,38,0,1,0,252.2
2026-09-26_18-15-00,2026-09-26_18-15-03_1332x990.jpg,2026-09-26,1332x990,m,0.3913,features,156,440.34,-22.58,39,33,6,1,41,2,0,0,705.26
2026-09-26_18-15-00,2026-09-26_18-15-05_2028x1520.jpg,2026-09-26,2028x1520,n,0.3913,features,156,440.34,-22.58,31,30,1,9,32,1,0,0,106.81
2026-09-26_18-15-00,2026-09-26_18-15-05_2028x1520.jpg,2026-09-26,2028x1520,s,0.3913,features,156,440.34,-22.58,36,33,3,4,36,0,0,0,267.76
2026-09-26_18-15-00,2026-09-26_18-15-05_2028x1520.jpg,2026-09-26,2028x1520,m,0.3913,features,156,440.34,-22.58,38,33,5,2,39,1,0,0,686.9
2026-09-26_18-15-00,2026-09-26_18-15-08_4056x3040.jpg,2026-09-26,4056x3040,n,0.3913,features,156,440.34,-22.58,32,30,2,8,32,0,0,0,100.77
2026-09-26_18-15-00,2026-09-26_18-15-08_4056x3040.jpg,2026-09-26,4056x3040,s,0.3913,features,156,440.34,-22.58,36,32,4,4,39,3,0,0,269.26
2026-09-26_18-15-00,2026-09-26_18-15-08_4056x3040.jpg,2026-09-26,4056x3040,m,0.3913,features,156,440.34,-22.58,38,32,6,2,39,1,0,0,703.15
2026-09-26_18-30-00,2026-09-26_18-30-00_640x480.jpg,2026-09-26,640x480,n,0.3978,features,152,439.94,-24.04,32,30,2,8,32,0,0,0,132.97
2026-09-26_18-30-00,2026-09-26_18-30-00_640x480.jpg,2026-09-26,640x480,s,0.3978,features,152,439.94,-24.04,35,29,6,5,36,0,1,0,280.73
2026-09-26_18-30-00,2026-09-26_18-30-00_640x480.jpg,2026-09-26,640x480,m,0.3978,features,152,439.94,-24.04,36,31,5,4,37,1,0,0,692.25
2026-09-26_18-30-00,2026-09-26_18-30-03_1332x990.jpg,2026-09-26,1332x990,n,0.3978,features,152,439.94,-24.04,32,30,2,8,33,1,0,0,90.45
2026-09-26_18-30-00,2026-09-26_18-30-03_1332x990.jpg,2026-09-26,1332x990,s,0.3978,features,152,439.94,-24.04,35,31,4,5,39,3,1,0,256.1
2026-09-26_18-30-00,2026-09-26_18-30-03_1332x990.jpg,2026-09-26,1332x990,m,0.3978,features,152,439.94,-24.04,35,32,3,5,36,1,0,0,731.02
2026-09-26_18-30-00,2026-09-26_18-30-06_2028x1520.jpg,2026-09-26,2028x1520,n,0.3978,features,152,439.94,-24.04,31,30,1,9,31,0,0,0,95.14
2026-09-26_18-30-00,2026-09-26_18-30-06_2028x1520.jpg,2026-09-26,2028x1520,s,0.3978,features,152,439.94,-24.04,35,30,5,5,36,1,0,0,258.83
2026-09-26_18-30-00,2026-09-26_18-30-06_2028x1520.jpg,2026-09-26,2028x1520,m,0.3978,features,152,439.94,-24.04,37,33,4,3,39,2,0,0,664.9
2026-09-26_18-30-00,2026-09-26_18-30-08_4056x3040.jpg,2026-09-26,4056x3040,n,0.3978,features,152,439.94,-24.04,32,30,2,8,32,0,0,0,98.55
2026-09-26_18-30-00,2026-09-26_18-30-08_4056x3040.jpg,2026-09-26,4056x3040,s,0.3978,features,152,439.94,-24.04,34,31,3,6,35,1,0,0,285.53
2026-09-26_18-30-00,2026-09-26_18-30-08_4056x3040.jpg,2026-09-26,4056x3040,m,0.3978,features,152,439.94,-24.04,36,33,3,4,37,1,0,0,758.87
2026-09-26_18-45-00,2026-09-26_18-45-00_640x480.jpg,2026-09-26,640x480,n,0.3987,features,142,440.29,-21.84,31,29,2,9,32,1,0,0,120.74
2026-09-26_18-45-00,2026-09-26_18-45-00_640x480.jpg,2026-09-26,640x480,s,0.3987,features,142,440.29,-21.84,35,30,5,5,36,0,1,0,309.05
2026-09-26_18-45-00,2026-09-26_18-45-00_640x480.jpg,2026-09-26,640x480,m,0.3987,features,142,440.29,-21.84,34,31,3,6,35,1,0,0,793.74
2026-09-26_18-45-00,2026-09-26_18-45-03_1332x990.jpg,2026-09-26,1332x990,n,0.3987,features,142,440.29,-21.84,32,30,2,8,33,1,0,0,113.04
2026-09-26_18-45-00,2026-09-26_18-45-03_1332x990.jpg,2026-09-26,1332x990,s,0.3987,features,142,440.29,-21.84,36,33,3,4,37,1,0,0,318.75
2026-09-26_18-45-00,2026-09-26_18-45-03_1332x990.jpg,2026-09-26,1332x990,m,0.3987,features,142,440.29,-21.84,37,32,5,3,37,0,0,0,781.61
2026-09-26_18-45-00,2026-09-26_18-45-05_2028x1520.jpg,2026-09-26,2028x1520,n,0.3987,features,142,440.29,-21.84,33,30,3,7,34,1,0,0,107.51
2026-09-26_18-45-00,2026-09-26_18-45-05_2028x1520.jpg,2026-09-26,2028x1520,s,0.3987,features,142,440.29,-21.84,32,31,1,8,33,1,0,0,314.82
2026-09-26_18-45-00,2026-09-26_18-45-05_2028x1520.jpg,2026-09-26,2028x1520,m,0.3987,features,142,440.29,-21.84,35,32,3,5,35,0,0,0,808.86
2026-09-26_18-45-00,2026-09-26_18-45-08_4056x3040.jpg,2026-09-26,4056x3040,n,0.3987,features,142,440.29,-21.84,32,30,2,8,33,1,0,0,125.0
2026-09-26_18-45-00,2026-09-26_18-45-08_4056x3040.jpg,2026-09-26,4056x3040,s,0.3987,features,142,440.29,-21.84,34,31,3,6,34,0,0,0,329.53
2026-09-26_18-45-00,2026-09-26_18-45-08_4056x3040.jpg,2026-09-26,4056x3040,m,0.3987,features,142,440.29,-21.84,34,30,4,6,35,1,0,0,778.92
2026-09-27_08-00-00,2026-09-27_08-00-00_640x480.jpg,2026-09-27,640x480,n,0.4024,features,175,436.94,-22.8,32,30,2,8,32,0,0,0,110.55
2026-09-27_08-00-00,2026-09-27_08-00-00_640x480.jpg,2026-09-27,640x480,s,0.4024,features,175,436.94,-22.8,38,33,5,2,43,2,3,0,345.96
2026-09-27_08-00-00,2026-09-27_08-00-00_640x480.jpg,2026-09-27,640x480,m,0.4024,features,175,436.94,-22.8,37,34,3,3,37,0,0,1,778.42
2026-09-27_08-00-00,2026-09-27_08-00-03_1332x990.jpg,2026-09-27,1332x990,n,0.4024,features,175,436.94,-22.8,32,30,2,8,32,0,0,0,126.61
2026-09-27_08-00-00,2026-09-27_08-00-03_1332x990.jpg,2026-09-27,1332x990,s,0.4024,features,175,436.94,-22.8,35,33,2,5,36,0,1,0,315.67
2026-09-27_08-00-00,2026-09-27_08-00-03_1332x990.jpg,2026-09-27,1332x990,m,0.4024,features,175,436.94,-22.8,38,34,4,2,39,1,0,1,809.07
2026-09-27_08-00-00,2026-09-27_08-00-05_2028x1520.jpg,2026-09-27,2028x1520,n,0.4024,features,175,436.94,-22.8,34,31,3,6,34,0,0,0,117.6
2026-09-27_08-00-00,2026-09-27_08-00-05_2028x1520.jpg,2026-09-27,2028x1520,s,0.4024,features,175,436.94,-22.8,34,33,1,6,36,0,2,0,329.8
2026-09-27_08-00-00,2026-09-27_08-00-05_2028x1520.jpg,2026-09-27,2028x1520,m,0.4024,features,175,436.94,-22.8,38,34,4,2,38,0,0,1,786.43
2026-09-27_08-00-00,2026-09-27_08-00-08_4056x3040.jpg,2026-09-27,4056x3040,n,0.4024,features,175,436.94,-22.8,33,31,2,7,33,0,0,0,112.31
2026-09-27_08-00-00,2026-09-27_08-00-08_4056x3040.jpg,2026-09-27,4056x3040,s,0.4024,features,175,436.94,-22.8,39,36,3,1,40,0,1,1,332.85
2026-09-27_08-00-00,2026-09-27_08-00-08_4056x3040.jpg,2026-09-27,4056x3040,m,0.4024,features,175,436.94,-22.8,38,34,4,2,39,1,0,1,668.35
2026-09-27_08-15-00,2026-09-27_08-15-00_640x480.jpg,2026-09-27,640x480,n,0.4116,features,164,437.95,-23.55,33,30,3,7,33,0,0,0,95.61
2026-09-27_08-15-00,2026-09-27_08-15-00_640x480.jpg,2026-09-27,640x480,s,0.4116,features,164,437.95,-23.55,38,33,5,2,40,0,2,0,294.76
2026-09-27_08-15-00,2026-09-27_08-15-00_640x480.jpg,2026-09-27,640x480,m,0.4116,features,164,437.95,-23.55,37,34,3,3,38,1,0,1,715.88
2026-09-27_08-15-00,2026-09-27_08-15-02_1332x990.jpg,2026-09-27,1332x990,n,0.4116,features,164,437.95,-23.55,32,31,1,8,32,0,0,0,92.97
2026-09-27_08-15-00,2026-09-27_08-15-02_1332x990.jpg,2026-09-27,1332x990,s,0.4116,features,164,437.95,-23.55,37,35,2,3,37,0,0,1,323.74
2026-09-27_08-15-00,2026-09-27_08-15-02_1332x990.jpg,2026-09-27,1332x990,m,0.4116,features,164,437.95,-23.55,36,34,2,4,36,0,0,1,772.3
2026-09-27_08-15-00,2026-09-27_08-15-05_2028x1520.jpg,2026-09-27,2028x1520,n,0.4116,features,164,437.95,-23.55,34,32,2,6,35,1,0,0,134.73
2026-09-27_08-15-00,2026-09-27_08-15-05_2028x1520.jpg,2026-09-27,2028x1520,s,0.4116,features,164,437.95,-23.55,37,35,2,3,38,0,1,1,360.18
2026-09-27_08-15-00,2026-09-27_08-15-05_2028x1520.jpg,2026-09-27,2028x1520,m,0.4116,features,164,437.95,-23.55,37,34,3,3,37,0,0,1,739.78
2026-09-27_08-15-00,2026-09-27_08-15-07_4056x3040.jpg,2026-09-27,4056x3040,n,0.4116,features,164,437.95,-23.55,34,32,2,6,34,0,0,0,115.06
2026-09-27_08-15-00,2026-09-27_08-15-07_4056x3040.jpg,2026-09-27,4056x3040,s,0.4116,features,164,437.95,-23.55,39,36,3,1,39,0,0,1,307.13
2026-09-27_08-15-00,2026-09-27_08-15-07_4056x3040.jpg,2026-09-27,4056x3040,m,0.4116,features,164,437.95,-23.55,39,34,5,1,40,1,0,1,821.28
2026-09-27_08-30-00,2026-09-27_08-30-00_640x480.jpg,2026-09-27,640x480,n,0.4164,features,160,436.51,-23.9,31,30,1,9,31,0,0,0,116.69
2026-09-27_08-30-00,2026-09-27_08-30-00_640x480.jpg,2026-09-27,640x480,s,0.4164,features,160,436.51,-23.9,38,34,4,2,40,1,1,1,296.26
2026-09-27_08-30-00,2026-09-27_08-30-00_640x480.jpg,2026-09-27,640x480,m,0.4164,features,160,436.51,-23.9,39,35,4,1,40,1,0,1,723.03
2026-09-27_08-30-00,2026-09-27_08-30-03_1332x990.jpg,2026-09-27,1332x990,n,0.4164,features,160,436.51,-23.9,34,31,3,6,34,0,0,0,106.03
2026-09-27_08-30-00,2026-09-27_08-30-03_1332x990.jpg,2026-09-27,1332x990,s,0.4164,features,160,436.51,-23.9,35,34,1,5,35,0,0,1,307.03
2026-09-27_08-30-00,2026-09-27_08-30-03_1332x990.jpg,2026-09-27,1332x990,m,0.4164,features,160,436.51,-23.9,37,34,3,3,38,1,0,1,760.44
2026-09-27_08-30-00,2026-09-27_08-30-05_2028x1520.jpg,2026-09-27,2028x1520,n,0.4164,features,160,436.51,-23.9,34,31,3,6,34,0,0,0,103.91
2026-09-27_08-30-00,2026-09-27_08-30-05_2028x1520.jpg,2026-09-27,2028x1520,s,0.4164,features,160,436.51,-23.9,37,35,2,3,38,0,1,1,302.07
2026-09-27_08-30-00,2026-09-27_08-30-05_2028x1520.jpg,2026-09-27,2028x1520,m,0.4164,features,160,436.51,-23.9,38,35,3,2,38,0,0,1,718.35
2026-09-27_08-30-00,2026-09-27_08-30-08_4056x3040.jpg,2026-09-27,4056x3040,n,0.4164,features,160,436.51,-23.9,32,30,2,8,32,0,0,0,135.52
2026-09-27_08-30-00,2026-09-27_08-30-08_4056x3040.jpg,2026-09-27,4056x3040,s,0.4164,features,160,436.51,-23.9,35,34,1,5,36,0,1,1,310.99
2026-09-27_08-30-00,2026-09-27_08-30-08_4056x3040.jpg,2026-09-27,4056x3040,m,0.4164,features,160,436.51,-23.9,36,34,2,4,37,1,0,1,719.8
2026-09-27_08-45-00,2026-09-27_08-45-00_640x480.jpg,2026-09-27,640x480,n,0.4076,features,172,437.48,-23.52,33,30,3,7,33,0,0,0,104.38
2026-09-27_08-45-00,2026-09-27_08-45-00_640x480.jpg,2026-09-27,640x480,s,0.4076,features,172,437.48,-23.52,39,33,6,1,42,1,2,0,252.27
2026-09-27_08-45-00,2026-09-27_08-45-00_640x480.jpg,2026-09-27,640x480,m,0.4076,features,172,437.48,-23.52,37,34,3,3,39,2,0,1,659.58
2026-09-27_08-45-00,2026-09-27_08-45-02_1332x990.jpg,2026-09-27,1332x990,n,0.4076,features,172,437.48,-23.52,33,31,2,7,33,0,0,0,103.47
2026-09-27_08-45-00,2026-09-27_08-45-02_1332x990.jpg,2026-09-27,1332x990,s,0.4076,features,172,437.48,-23.52,38,35,3,2,40,0,2,1,248.44
2026-09-27_08-45-00,2026-09-27_08-45-02_1332x990.jpg,2026-09-27,1332x990,m,0.4076,features,172,437.48,-23.52,38,35,3,2,39,1,0,1,649.39
2026-09-27_08-45-00,2026-09-27_08-45-05_2028x1520.jpg,2026-09-27,2028x1520,n,0.4076,features,172,437.48,-23.52,34,31,3,6,34,0,0,0,102.53
2026-09-27_08-45-00,2026-09-27_08-45-05_2028x1520.jpg,2026-09-27,2028x1520,s,0.4076,features,172,437.48,-23.52,36,33,3,4,39,0,3,0,247.31
2026-09-27_08-45-00,2026-09-27_08-45-05_2028x1520.jpg,2026-09-27,2028x1520,m,0.4076,features,172,437.48,-23.52,38,34,4,2,40,2,0,1,711.17
2026-09-27_08-45-00,2026-09-27_08-45-07_4056x3040.jpg,2026-09-27,4056x3040,n,0.4076,features,172,437.48,-23.52,34,31,3,6,34,0,0,0,104.32
2026-09-27_08-45-00,2026-09-27_08-45-07_4056x3040.jpg,2026-09-27,4056x3040,s,0.4076,features,172,437.48,-23.52,36,33,3,4,39,0,3,0,253.17
2026-09-27_08-45-00,2026-09-27_08-45-07_4056x3040.jpg,2026-09-27,4056x3040,m,0.4076,features,172,437.48,-23.52,37,35,2,3,38,1,0,1,734.61
2026-09-27_09-00-00,2026-09-27_09-00-00_640x480.jpg,2026-09-27,640x480,n,0.4132,features,201,437.14,-24.72,33,30,3,7,33,0,0,0,115.63
2026-09-27_09-00-00,2026-09-27_09-00-00_640x480.jpg,2026-09-27,640x480,s,0.4132,features,201,437.14,-24.72,37,32,5,3,40,1,2,0,256.5
2026-09-27_09-00-00,2026-09-27_09-00-00_640x480.jpg,2026-09-27,640x480,m,0.4132,features,201,437.14,-24.72,38,34,4,2,40,2,0,1,690.62
2026-09-27_09-00-00,2026-09-27_09-00-03_1332x990.jpg,2026-09-27,1332x990,n,0.4132,features,201,437.14,-24.72,33,30,3,7,33,0,0,0,91.57
2026-09-27_09-00-00,2026-09-27_09-00-03_1332x990.jpg,2026-09-27,1332x990,s,0.4132,features,201,437.14,-24.72,39,35,4,1,41,0,2,1,260.04
2026-09-27_09-00-00,2026-09-27_09-00-03_1332x990.jpg,2026-09-27,1332x990,m,0.4132,features,201,437.14,-24.72,36,33,3,4,36,0,0,0,753.19
2026-09-27_09-00-00,2026-09-27_09-00-05_2028x1520.jpg,2026-09-27,2028x1520,n,0.4132,features,201,437.14,-24.72,34,31,3,6,34,0,0,0,109.96
2026-09-27_09-00-00,2026-09-27_09-00-05_2028x1520.jpg,2026-09-27,2028x1520,s,0.4132,features,201,437.14,-24.72,35,34,1,5,37,1,1,1,325.7
2026-09-27_09-00-00,2026-09-27_09-00-05_2028x1520.jpg,2026-09-27,2028x1520,m,0.4132,features,201,437.14,-24.72,37,33,4,3,38,1,0,0,742.91
2026-09-27_09-00-00,2026-09-27_09-00-08_4056x3040.jpg,2026-09-27,4056x3040,n,0.4132,features,201,437.14,-24.72,34,32,2,6,35,1,0,0,116.15
2026-09-27_09-00-00,2026-09-27_09-00-08_4056x3040.jpg,2026-09-27,4056x3040,s,0.4132,features,201,437.14,-24.72,37,35,2,3,38,0,1,1,332.43
2026-09-27_09-00-00,2026-09-27_09-00-08_4056x3040.jpg,2026-09-27,4056x3040,m,0.4132,features,201,437.14,-24.72,37,34,3,3,39,2,0,1,651.21
2026-09-27_09-15-00,2026-09-27_09-15-00_640x480.jpg,2026-09-27,640x480,n,0.4015,features,147,436.55,-23.95,34,30,4,6,34,0,0,0,106.96
2026-09-27_09-15-00,2026-09-27_09-15-00_640x480.jpg,2026-09-27,640x480,s,0.4015,features,147,436.55,-23.95,37,33,4,3,42,2,3,0,256.63
2026-09-27_09-15-00,2026-09-27_09-15-00_640x480.jpg,2026-09-27,640x480,m,0.4015,features,147,436.55,-23.95,39,34,5,1,40,1,0,1,702.95
2026-09-27_09-15-00,2026-09-27_09-15-02_1332x990.jpg,2026-09-27,1332x990,n,0.4015,features,147,436.55,-23.95,34,31,3,6,34,0,0,0,91.34
2026-09-27_09-15-00,2026-09-27_09-15-02_1332x990.jpg,2026-09-27,1332x990,s,0.4015,features,147,436.55,-23.95,38,34,4,2,41,0,3,1,252.13
2026-09-27_09-15-00,2026-09-27_09-15-02_1332x990.jpg,2026-09-27,1332x990,m,0.4015,features,147,436.55,-23.95,39,35,4,1,41,2,0,1,723.15
2026-09-27_09-15-00,2026-09-27_09-15-05_2028x1520.jpg,2026-09-27,2028x1520,n,0.4015,features,147,436.55,-23.95,34,31,3,6,34,0,0,0,98.7
2026-09-27_09-15-00,2026-09-27_09-15-05_2028x1520.jpg,2026-09-27,2028x1520,s,0.4015,features,147,436.55,-23.95,36,34,2,4,40,1,3,1,267.22
2026-09-27_09-15-00,2026-09-27_09-15-05_2028x1520.jpg,2026-09-27,2028x1520,m,0.4015,features,147,436.55,-23.95,38,34,4,2,40,2,0,1,666.6
2026-09-27_09-15-00,2026-09-27_09-15-07_4056x3040.jpg,2026-09-27,4056x3040,n,0.4015,features,147,436.55,-23.95,34,31,3,6,34,0,0,0,124.2
2026-09-27_09-15-00,2026-09-27_09-15-07_4056x3040.jpg,2026-09-27,4056x3040,s,0.4015,features,147,436.55,-23.95,35,34,1,5,38,0,3,1,342.64
2026-09-27_09-15-00,2026-09-27_09-15-07_4056x3040.jpg,2026-09-27,4056x3040,m,0.4015,features,147,436.55,-23.95,39,34,5,1,41,2,0,1,771.33
2026-09-27_09-30-00,2026-09-27_09-30-00_640x480.jpg,2026-09-27,640x480,n,0.4143,features,179,437.1,-23.87,34,30,4,6,34,0,0,0,107.92
2026-09-27_09-30-00,2026-09-27_09-30-00_640x480.jpg,2026-09-27,640x480,s,0.4143,features,179,437.1,-23.87,39,33,6,1,40,0,1,0,333.26
2026-09-27_09-30-00,2026-09-27_09-30-00_640x480.jpg,2026-09-27,640x480,m,0.4143,features,179,437.1,-23.87,38,33,5,2,38,0,0,0,763.93
2026-09-27_09-30-00,2026-09-27_09-30-03_1332x990.jpg,2026-09-27,1332x990,n,0.4143,features,179,437.1,-23.87,32,30,2,8,32,0,0,0,123.67
2026-09-27_09-30-00,2026-09-27_09-30-03_1332x990.jpg,2026-09-27,1332x990,s,0.4143,features,179,437.1,-23.87,37,35,2,3,37,0,0,1,318.41
2026-09-27_09-30-00,2026-09-27_09-30-03_1332x990.jpg,2026-09-27,1332x990,m,0.4143,features,179,437.1,-23.87,38,34,4,2,39,1,0,1,664.53
2026-09-27_09-30-00,2026-09-27_09-30-05_2028x1520.jpg,2026-09-27,2028x1520,n,0.4143,features,179,437.1,-23.87,35,32,3,5,35,0,0,0,105.81
2026-09-27_09-30-00,2026-09-27_09-30-05_2028x1520.jpg,2026-09-27,2028x1520,s,0.4143,features,179,437.1,-23.87,37,36,1,3,39,0,2,1,274.17
2026-09-27_09-30-00,2026-09-27_09-30-05_2028x1520.jpg,2026-09-27,2028x1520,m,0.4143,features,179,437.1,-23.87,40,35,5,0,42,2,0,1,699.55
2026-09-27_09-30-00,2026-09-27_09-30-08_4056x3040.jpg,2026-09-27,4056x3040,n,0.4143,features,179,437.1,-23.87,35,32,3,5,35,0,0,0,101.28
2026-09-27_09-30-00,2026-09-27_09-30-08_4056x3040.jpg,2026-09-27,4056x3040,s,0.4143,features,179,437.1,-23.87,36,34,2,4,37,0,1,1,307.28
2026-09-27_09-30-00,2026-09-27_09-30-08_4056x3040.jpg,2026-09-27,4056x3040,m,0.4143,features,179,437.1,-23.87,37,34,3,3,38,1,0,1,677.38
2026-09-27_09-45-00,2026-09-27_09-45-00_640x480.jpg,2026-09-27,640x480,n,0.4058,features,164,437.8,-23.96,34,30,4,6,34,0,0,0,106.62
2026-09-27_09-45-00,2026-09-27_09-45-00_640x480.jpg,2026-09-27,640x480,s,0.4058,features,164,437.8,-23.96,38,34,4,2,40,0,2,1,271.7
2026-09-27_09-45-00,2026-09-27_09-45-00_640x480.jpg,2026-09-27,640x480,m,0.4058,features,164,437.8,-23.96,38,33,5,2,38,0,0,0,705.16
2026-09-27_09-45-00,2026-09-27_09-45-03_1332x990.jpg,2026-09-27,1332x990,n,0.4058,features,164,437.8,-23.96,34,31,3,6,34,0,0,0,93.63
2026-09-27_09-45-00,2026-09-27_09-45-03_1332x990.jpg,2026-09-27,1332x990,s,0.4058,features,164,437.8,-23.96,38,35,3,2,39,0,1,1,272.06
2026-09-27_09-45-00,2026-09-27_09-45-03_1332x990.jpg,2026-09-27,1332x990,m,0.4058,features,164,437.8,-23.96,40,35,5,0,40,0,0,1,671.9
2026-09-27_09-45-00,2026-09-27_09-45-06_2028x1520.jpg,2026-09-27,2028x1520,n,0.4058,features,164,437.8,-23.96,36,32,4,4,36,0,0,0,96.46
2026-09-27_09-45-00,2026-09-27_09-45-06_2028x1520.jpg,2026-09-27,2028x1520,s,0.4058,features,164,437.8,-23.96,38,35,3,2,40,0,2,1,263.14
2026-09-27_09-45-00,2026-09-27_09-45-06_2028x1520.jpg,2026-09-27,2028x1520,m,0.4058,features,164,437.8,-23.96,40,35,5,0,42,2,0,1,706.56
2026-09-27_09-45-00,2026-09-27_09-45-08_4056x3040.jpg,2026-09-27,4056x3040,n,0.4058,features,164,437.8,-23.96,35,31,4,5,35,0,0,0,108.22
2026-09-27_09-45-00,2026-09-27_09-45-08_4056x3040.jpg,2026-09-27,4056x3040,s,0.4058,features,164,437.8,-23.96,37,35,2,3,38,0,1,1,302.03
2026-09-27_09-45-00,2026-09-27_09-45-08_4056x3040.jpg,2026-09-27,4056x3040,m,0.4058,features,164,437.8,-23.96,40,35,5,0,43,3,0,1,697.43
2026-09-27_10-00-00,2026-09-27_10-00-00_640x480.jpg,2026-09-27,640x480,n,0.4236,features,195,436.69,-23.01,32,30,2,8,32,0,0,0,89.66
2026-09-27_10-00-00,2026-09-27_10-00-00_640x480.jpg,2026-09-27,640x480,s,0.4236,features,195,436.69,-23.01,35,31,4,5,37,1,1,0,289.19
2026-09-27_10-00-00,2026-09-27_10-00-00_640x480.jpg,2026-09-27,640x480,m,0.4236,features,195,436.69,-23.01,39,34,5,1,40,1,0,1,721.72
2026-09-27_10-00-00,2026-09-27_10-00-03_1332x990.jpg,2026-09-27,1332x990,n,0.4236,features,195,436.69,-23.01,34,31,3,6,34,0,0,0,101.64
2026-09-27_10-00-00,2026-09-27_10-00-03_1332x990.jpg,2026-09-27,1332x990,s,0.4236,features,195,436.69,-23.01,37,36,1,3,39,0,2,1,252.09
2026-09-27_10-00-00,2026-09-27_10-00-03_1332x990.jpg,2026-09-27,1332x990,m,0.4236,features,195,436.69,-23.01,38,34,4,2,39,1,0,1,694.73
2026-09-27_10-00-00,2026-09-27_10-00-05_2028x1520.jpg,2026-09-27,2028x1520,n,0.4236,features,195,436.69,-23.01,32,30,2,8,32,0,0,0,90.64
2026-09-27_10-00-00,2026-09-27_10-00-05_2028x1520.jpg,2026-09-27,2028x1520,s,0.4236,features,195,436.69,-23.01,36,34,2,4,38,0,2,1,252.31
2026-09-27_10-00-00,2026-09-27_10-00-05_2028x1520.jpg,2026-09-27,2028x1520,m,0.4236,features,195,436.69,-23.01,38,35,3,2,40,2,0,1,723.94
2026-09-27_10-00-00,2026-09-27_10-00-08_4056x3040.jpg,2026-09-27,4056x3040,n,0.4236,features,195,436.69,-23.01,33,31,2,7,33,0,0,0,121.73
2026-09-27_10-00-00,2026-09-27_10-00-08_4056x3040.jpg,2026-09-27,4056x3040,s,0.4236,features,195,436.69,-23.01,38,34,4,2,39,0,1,1,361.81
2026-09-27_10-00-00,2026-09-27_10-00-08_4056x3040.jpg,2026-09-27,4056x3040,m,0.4236,features,195,436.69,-23.01,37,34,3,3,39,2,0,1,873.66
2026-09-27_10-15-00,2026-09-27_10-15-00_640x480.jpg,2026-09-27,640x480,n,0.4095,features,161,436.86,-23.2,34,30,4,6,34,0,0,0,134.02
2026-09-27_10-15-00,2026-09-27_10-15-00_640x480.jpg,2026-09-27,640x480,s,0.4095,features,161,436.86,-23.2,37,32,5,3,38,0,1,0,357.2
2026-09-27_10-15-00,2026-09-27_10-15-00_640x480.jpg,2026-09-27,640x480,m,0.4095,features,161,436.86,-23.2,39,34,5,1,41,2,0,1,873.69
2026-09-27_10-15-00,2026-09-27_10-15-03_1332x990.jpg,2026-09-27,1332x990,n,0.4095,features,161,436.86,-23.2,35,32,3,5,35,0,0,0,137.03
2026-09-27_10-15-00,2026-09-27_10-15-03_1332x990.jpg,2026-09-27,1332x990,s,0.4095,features,161,436.86,-23.2,39,36,3,1,40,0,1,1,358.55
2026-09-27_10-15-00,2026-09-27_10-15-03_1332x990.jpg,2026-09-27,1332x990,m,0.4095,features,161,436.86,-23.2,39,35,4,1,40,1,0,1,863.93
2026-09-27_10-15-00,2026-09-27_10-15-06_2028x1520.jpg,2026-09-27,2028x1520,n,0.4095,features,161,436.86,-23.2,36,32,4,4,36,0,0,0,121.36
2026-09-27_10-15-00,2026-09-27_10-15-06_2028x1520.jpg,2026-09-27,2028x1520,s,0.4095,features,161,436.86,-23.2,36,35,1,4,37,0,1,1,356.89
2026-09-27_10-15-00,2026-09-27_10-15-06_2028x1520.jpg,2026-09-27,2028x1520,m,0.4095,features,161,436.86,-23.2,39,35,4,1,41,2,0,1,810.15
2026-09-27_10-15-00,2026-09-27_10-15-08_4056x3040.jpg,2026-09-27,4056x3040,n,0.4095,features,161,436.86,-23.2,35,32,3,5,35,0,0,0,127.04
2026-09-27_10-15-00,2026-09-27_10-15-08_4056x3040.jpg,2026-09-27,4056x3040,s,0.4095,features,161,436.86,-23.2,35,35,0,5,35,0,0,1,350.19
2026-09-27_10-15-00,2026-09-27_10-15-08_4056x3040.jpg,2026-09-27,4056x3040,m,0.4095,features,161,436.86,-23.2,38,34,4,2,38,0,0,1,866.2
2026-09-27_10-45-00,2026-09-27_10-45-00_640x480.jpg,2026-09-27,640x480,n,0.4126,features,185,436.56,-21.53,33,31,2,7,33,0,0,0,124.57
2026-09-27_10-45-00,2026-09-27_10-45-00_640x480.jpg,2026-09-27,640x480,s,0.4126,features,185,436.56,-21.53,37,32,5,3,41,2,2,0,358.17
2026-09-27_10-45-00,2026-09-27_10-45-00_640x480.jpg,2026-09-27,640x480,m,0.4126,features,185,436.56,-21.53,38,33,5,2,38,0,0,0,842.14
2026-09-27_10-45-00,2026-09-27_10-45-03_1332x990.jpg,2026-09-27,1332x990,n,0.4126,features,185,436.56,-21.53,34,32,2,6,34,0,0,0,118.68
2026-09-27_10-45-00,2026-09-27_10-45-03_1332x990.jpg,2026-09-27,1332x990,s,0.4126,features,185,436.56,-21.53,38,35,3,2,41,0,3,1,372.89
2026-09-27_10-45-00,2026-09-27_10-45-03_1332x990.jpg,2026-09-27,1332x990,m,0.4126,features,185,436.56,-21.53,37,34,3,3,37,0,0,1,827.51
2026-09-27_10-45-00,2026-09-27_10-45-06_2028x1520.jpg,2026-09-27,2028x1520,n,0.4126,features,185,436.56,-21.53,33,31,2,7,33,0,0,0,131.47
2026-09-27_10-45-00,2026-09-27_10-45-06_2028x1520.jpg,2026-09-27,2028x1520,s,0.4126,features,185,436.56,-21.53,38,34,4,2,42,1,3,1,334.28
2026-09-27_10-45-00,2026-09-27_10-45-06_2028x1520.jpg,2026-09-27,2028x1520,m,0.4126,features,185,436.56,-21.53,36,33,3,4,37,1,0,0,811.56
2026-09-27_10-45-00,2026-09-27_10-45-08_4056x3040.jpg,2026-09-27,4056x3040,n,0.4126,features,185,436.56,-21.53,33,31,2,7,33,0,0,0,129.79
2026-09-27_10-45-00,2026-09-27_10-45-08_4056x3040.jpg,2026-09-27,4056x3040,s,0.4126,features,185,436.56,-21.53,37,35,2,3,39,0,2,1,355.19
2026-09-27_10-45-00,2026-09-27_10-45-08_4056x3040.jpg,2026-09-27,4056x3040,m,0.4126,features,185,436.56,-21.53,36,33,3,4,39,3,0,0,847.22
2026-09-27_11-00-00,2026-09-27_11-00-00_640x480.jpg,2026-09-27,640x480,n,0.4128,features,144,437.95,-22.82,33,30,3,7,33,0,0,0,128.67
2026-09-27_11-00-00,2026-09-27_11-00-00_640x480.jpg,2026-09-27,640x480,s,0.4128,features,144,437.95,-22.82,35,31,4,5,37,1,1,0,369.03
2026-09-27_11-00-00,2026-09-27_11-00-00_640x480.jpg,2026-09-27,640x480,m,0.4128,features,144,437.95,-22.82,35,31,4,5,36,1,0,0,823.59
2026-09-27_11-00-00,2026-09-27_11-00-02_1332x990.jpg,2026-09-27,1332x990,n,0.4128,features,144,437.95,-22.82,34,31,3,6,35,1,0,0,126.65
2026-09-27_11-00-00,2026-09-27_11-00-02_1332x990.jpg,2026-09-27,1332x990,s,0.4128,features,144,437.95,-22.82,37,35,2,3,40,1,2,1,355.42
2026-09-27_11-00-00,2026-09-27_11-00-02_1332x990.jpg,2026-09-27,1332x990,m,0.4128,features,144,437.95,-22.82,37,33,4,3,37,0,0,0,866.48
2026-09-27_11-00-00,2026-09-27_11-00-05_2028x1520.jpg,2026-09-27,2028x1520,n,0.4128,features,144,437.95,-22.82,34,32,2,6,34,0,0,0,118.48
2026-09-27_11-00-00,2026-09-27_11-00-05_2028x1520.jpg,2026-09-27,2028x1520,s,0.4128,features,144,437.95,-22.82,38,36,2,2,40,0,2,1,372.36
2026-09-27_11-00-00,2026-09-27_11-00-05_2028x1520.jpg,2026-09-27,2028x1520,m,0.4128,features,144,437.95,-22.82,35,32,3,5,35,0,0,0,842.32
2026-09-27_11-00-00,2026-09-27_11-00-08_4056x3040.jpg,2026-09-27,4056x3040,n,0.4128,features,144,437.95,-22.82,33,31,2,7,34,1,0,0,112.95
2026-09-27_11-00-00,2026-09-27_11-00-08_4056x3040.jpg,2026-09-27,4056x3040,s,0.4128,features,144,437.95,-22.82,36,34,2,4,39,0,3,1,343.35
2026-09-27_11-00-00,2026-09-27_11-00-08_4056x3040.jpg,2026-09-27,4056x3040,m,0.4128,features,144,437.95,-22.82,37,34,3,3,38,1,0,1,816.64
2026-09-27_11-15-00,2026-09-27_11-15-00_640x480.jpg,2026-09-27,640x480,n,0.4179,features,117,437.1,-24.0,34,30,4,6,34,0,0,0,117.96
2026-09-27_11-15-00,2026-09-27_11-15-00_640x480.jpg,2026-09-27,640x480,s,0.4179,features,117,437.1,-24.0,36,31,5,4,37,0,1,0,334.11
2026-09-27_11-15-00,2026-09-27_11-15-00_640x480.jpg,2026-09-27,640x480,m,0.4179,features,117,437.1,-24.0,38,34,4,2,40,2,0,1,830.22
2026-09-27_11-15-00,2026-09-27_11-15-03_1332x990.jpg,2026-09-27,1332x990,n,0.4179,features,117,437.1,-24.0,33,31,2,7,33,0,0,0,131.2
2026-09-27_11-15-00,2026-09-27_11-15-03_1332x990.jpg,2026-09-27,1332x990,s,0.4179,features,117,437.1,-24.0,36,32,4,4,40,1,3,0,350.07
2026-09-27_11-15-00,2026-09-27_11-15-03_1332x990.jpg,2026-09-27,1332x990,m,0.4179,features,117,437.1,-24.0,35,33,2,5,35,0,0,0,841.15
2026-09-27_11-15-00,2026-09-27_11-15-05_2028x1520.jpg,2026-09-27,2028x1520,n,0.4179,features,117,437.1,-24.0,33,30,3,7,33,0,0,0,122.39
2026-09-27_11-15-00,2026-09-27_11-15-05_2028x1520.jpg,2026-09-27,2028x1520,s,0.4179,features,117,437.1,-24.0,36,34,2,4,40,0,4,1,349.65
2026-09-27_11-15-00,2026-09-27_11-15-05_2028x1520.jpg,2026-09-27,2028x1520,m,0.4179,features,117,437.1,-24.0,36,33,3,4,37,1,0,0,820.29
2026-09-27_11-15-00,2026-09-27_11-15-08_4056x3040.jpg,2026-09-27,4056x3040,n,0.4179,features,117,437.1,-24.0,32,30,2,8,32,0,0,0,136.12
2026-09-27_11-15-00,2026-09-27_11-15-08_4056x3040.jpg,2026-09-27,4056x3040,s,0.4179,features,117,437.1,-24.0,35,34,1,5,37,0,2,1,352.07
2026-09-27_11-15-00,2026-09-27_11-15-08_4056x3040.jpg,2026-09-27,4056x3040,m,0.4179,features,117,437.1,-24.0,36,34,2,4,38,2,0,1,837.22
2026-09-27_11-30-00,2026-09-27_11-30-00_640x480.jpg,2026-09-27,640x480,n,0.4225,features,108,434.43,-21.8,31,30,1,9,31,0,0,0,130.92
2026-09-27_11-30-00,2026-09-27_11-30-00_640x480.jpg,2026-09-27,640x480,s,0.4225,features,108,434.43,-21.8,35,30,5,5,37,0,2,0,308.58
2026-09-27_11-30-00,2026-09-27_11-30-00_640x480.jpg,2026-09-27,640x480,m,0.4225,features,108,434.43,-21.8,36,32,4,4,37,1,0,0,817.48
2026-09-27_11-30-00,2026-09-27_11-30-02_1332x990.jpg,2026-09-27,1332x990,n,0.4225,features,108,434.43,-21.8,33,30,3,7,34,1,0,0,127.41
2026-09-27_11-30-00,2026-09-27_11-30-02_1332x990.jpg,2026-09-27,1332x990,s,0.4225,features,108,434.43,-21.8,36,34,2,4,39,0,3,1,333.34
2026-09-27_11-30-00,2026-09-27_11-30-02_1332x990.jpg,2026-09-27,1332x990,m,0.4225,features,108,434.43,-21.8,36,34,2,4,36,0,0,1,856.86
2026-09-27_11-30-00,2026-09-27_11-30-05_2028x1520.jpg,2026-09-27,2028x1520,n,0.4225,features,108,434.43,-21.8,34,32,2,6,34,0,0,0,120.7
2026-09-27_11-30-00,2026-09-27_11-30-05_2028x1520.jpg,2026-09-27,2028x1520,s,0.4225,features,108,434.43,-21.8,37,35,2,3,39,0,2,1,355.1
2026-09-27_11-30-00,2026-09-27_11-30-05_2028x1520.jpg,2026-09-27,2028x1520,m,0.4225,features,108,434.43,-21.8,38,34,4,2,38,0,0,1,812.78
2026-09-27_11-30-00,2026-09-27_11-30-07_4056x3040.jpg,2026-09-27,4056x3040,n,0.4225,features,108,434.43,-21.8,32,30,2,8,32,0,0,0,125.02
2026-09-27_11-30-00,2026-09-27_11-30-07_4056x3040.jpg,2026-09-27,4056x3040,s,0.4225,features,108,434.43,-21.8,36,35,1,4,38,0,2,1,342.61
2026-09-27_11-30-00,2026-09-27_11-30-07_4056x3040.jpg,2026-09-27,4056x3040,m,0.4225,features,108,434.43,-21.8,35,34,1,5,36,1,0,1,812.05
2026-09-27_11-45-00,2026-09-27_11-45-00_640x480.jpg,2026-09-27,640x480,n,0.4147,features,106,438.17,-23.55,32,30,2,8,32,0,0,0,109.89
2026-09-27_11-45-00,2026-09-27_11-45-00_640x480.jpg,2026-09-27,640x480,s,0.4147,features,106,438.17,-23.55,34,31,3,6,36,1,1,0,271.04
2026-09-27_11-45-00,2026-09-27_11-45-00_640x480.jpg,2026-09-27,640x480,m,0.4147,features,106,438.17,-23.55,36,33,3,4,39,3,0,0,731.06
2026-09-27_11-45-00,2026-09-27_11-45-03_1332x990.jpg,2026-09-27,1332x990,n,0.4147,features,106,438.17,-23.55,33,31,2,7,33,0,0,0,95.06
2026-09-27_11-45-00,2026-09-27_11-45-03_1332x990.jpg,2026-09-27,1332x990,s,0.4147,features,106,438.17,-23.55,36,35,1,4,37,0,1,1,311.94
2026-09-27_11-45-00,2026-09-27_11-45-03_1332x990.jpg,2026-09-27,1332x990,m,0.4147,features,106,438.17,-23.55,36,34,2,4,36,0,0,1,767.87
2026-09-27_11-45-00,2026-09-27_11-45-05_2028x1520.jpg,2026-09-27,2028x1520,n,0.4147,features,106,438.17,-23.55,33,30,3,7,33,0,0,0,92.86
2026-09-27_11-45-00,2026-09-27_11-45-05_2028x1520.jpg,2026-09-27,2028x1520,s,0.4147,features,106,438.17,-23.55,37,35,2,3,39,0,2,1,257.52
2026-09-27_11-45-00,2026-09-27_11-45-05_2028x1520.jpg,2026-09-27,2028x1520,m,0.4147,features,106,438.17,-23.55,38,35,3,2,40,2,0,1,642.95
2026-09-27_11-45-00,2026-09-27_11-45-08_4056x3040.jpg,2026-09-27,4056x3040,n,0.4147,features,106,438.17,-23.55,34,31,3,6,34,0,0,0,91.95
2026-09-27_11-45-00,2026-09-27_11-45-08_4056x3040.jpg,2026-09-27,4056x3040,s,0.4147,features,106,438.17,-23.55,37,35,2,3,40,0,3,1,252.81
2026-09-27_11-45-00,2026-09-27_11-45-08_4056x3040.jpg,2026-09-27,4056x3040,m,0.4147,features,106,438.17,-23.55,37,35,2,3,39,2,0,1,752.37
2026-09-27_12-00-00,2026-09-27_12-00-00_640x480.jpg,2026-09-27,640x480,n,0.4163,features,89,434.75,-22.69,33,30,3,7,34,1,0,0,118.57
2026-09-27_12-00-00,2026-09-27_12-00-00_640x480.jpg,2026-09-27,640x480,s,0.4163,features,89,434.75,-22.69,35,30,5,5,37,1,1,0,287.84
2026-09-27_12-00-00,2026-09-27_12-00-00_640x480.jpg,2026-09-27,640x480,m,0.4163,features,89,434.75,-22.69,35,32,3,5,35,0,0,0,722.78
2026-09-27_12-00-00,2026-09-27_12-00-03_1332x990.jpg,2026-09-27,1332x990,n,0.4163,features,89,434.75,-22.69,33,31,2,7,33,0,0,0,85.35
2026-09-27_12-00-00,2026-09-27_12-00-03_1332x990.jpg,2026-09-27,1332x990,s,0.4163,features,89,434.75,-22.69,36,33,3,4,39,2,1,0,253.56
2026-09-27_12-00-00,2026-09-27_12-00-03_1332x990.jpg,2026-09-27,1332x990,m,0.4163,features,89,434.75,-22.69,37,34,3,3,38,1,0,1,645.71
2026-09-27_12-00-00,2026-09-27_12-00-06_2028x1520.jpg,2026-09-27,2028x1520,n,0.4163,features,89,434.75,-22.69,33,31,2,7,33,0,0,0,84.46
2026-09-27_12-00-00,2026-09-27_12-00-06_2028x1520.jpg,2026-09-27,2028x1520,s,0.4163,features,89,434.75,-22.69,37,35,2,3,41,1,3,1,255.73
2026-09-27_12-00-00,2026-09-27_12-00-06_2028x1520.jpg,2026-09-27,2028x1520,m,0.4163,features,89,434.75,-22.69,36,34,2,4,38,2,0,1,731.89
2026-09-27_12-00-00,2026-09-27_12-00-08_4056x3040.jpg,2026-09-27,4056x3040,n,0.4163,features,89,434.75,-22.69,32,31,1,8,32,0,0,0,92.93
2026-09-27_12-00-00,2026-09-27_12-00-08_4056x3040.jpg,2026-09-27,4056x3040,s,0.4163,features,89,434.75,-22.69,38,35,3,2,40,0,2,1,333.44
2026-09-27_12-00-00,2026-09-27_12-00-08_4056x3040.jpg,2026-09-27,4056x3040,m,0.4163,features,89,434.75,-22.69,36,34,2,4,39,3,0,1,664.57
2026-09-27_12-15-00,2026-09-27_12-15-00_640x480.jpg,2026-09-27,640x480,n,0.4203,features,106,436.33,-21.54,32,30,2,8,32,0,0,0,94.1
2026-09-27_12-15-00,2026-09-27_12-15-00_640x480.jpg,2026-09-27,640x480,s,0.4203,features,106,436.33,-21.54,37,31,6,3,40,2,1,0,267.43
2026-09-27_12-15-00,2026-09-27_12-15-00_640x480.jpg,2026-09-27,640x480,m,0.4203,features,106,436.33,-21.54,36,33,3,4,37,1,0,0,650.07
2026-09-27_12-15-00,2026-09-27_12-15-02_1332x990.jpg,2026-09-27,1332x990,n,0.4203,features,106,436.33,-21.54,31,30,1,9,31,0,0,0,84.87
2026-09-27_12-15-00,2026-09-27_12-15-02_1332x990.jpg,2026-09-27,1332x990,s,0.4203,features,106,436.33,-21.54,37,35,2,3,39,0,2,1,252.39
2026-09-27_12-15-00,2026-09-27_12-15-02_1332x990.jpg,2026-09-27,1332x990,m,0.4203,features,106,436.33,-21.54,36,34,2,4,36,0,0,1,641.5
2026-09-27_12-15-00,2026-09-27_12-15-05_2028x1520.jpg,2026-09-27,2028x1520,n,0.4203,features,106,436.33,-21.54,32,31,1,8,32,0,0,0,92.56
2026-09-27_12-15-00,2026-09-27_12-15-05_2028x1520.jpg,2026-09-27,2028x1520,s,0.4203,features,106,436.33,-21.54,37,35,2,3,38,0,1,1,258.63
2026-09-27_12-15-00,2026-09-27_12-15-05_2028x1520.jpg,2026-09-27,2028x1520,m,0.4203,features,106,436.33,-21.54,35,34,1,5,38,3,0,1,662.43
2026-09-27_12-15-00,2026-09-27_12-15-08_4056x3040.jpg,2026-09-27,4056x3040,n,0.4203,features,106,436.33,-21.54,32,30,2,8,32,0,0,0,89.28
2026-09-27_12-15-00,2026-09-27_12-15-08_4056x3040.jpg,2026-09-27,4056x3040,s,0.4203,features,106,436.33,-21.54,35,34,1,5,38,0,3,1,251.64
2026-09-27_12-15-00,2026-09-27_12-15-08_4056x3040.jpg,2026-09-27,4056x3040,m,0.4203,features,106,436.33,-21.54,36,34,2,4,38,2,0,1,658.58
2026-09-27_12-30-00,2026-09-27_12-30-00_640x480.jpg,2026-09-27,640x480,n,0.417,features,117,438.45,-23.25,32,30,2,8,32,0,0,0,82.1
2026-09-27_12-30-00,2026-09-27_12-30-00_640x480.jpg,2026-09-27,640x480,s,0.417,features,117,438.45,-23.25,35,31,4,5,37,1,1,0,246.44
2026-09-27_12-30-00,2026-09-27_12-30-00_640x480.jpg,2026-09-27,640x480,m,0.417,features,117,438.45,-23.25,37,34,3,3,38,1,0,1,647.92
2026-09-27_12-30-00,2026-09-27_12-30-03_1332x990.jpg,2026-09-27,1332x990,n,0.417,features,117,438.45,-23.25,32,30,2,8,32,0,0,0,95.89
2026-09-27_12-30-00,2026-09-27_12-30-03_1332x990.jpg,2026-09-27,1332x990,s,0.417,features,117,438.45,-23.25,37,35,2,3,38,0,1,1,293.52
2026-09-27_12-30-00,2026-09-27_12-30-03_1332x990.jpg,2026-09-27,1332x990,m,0.417,features,117,438.45,-23.25,39,35,4,1,39,0,0,1,735.28
2026-09-27_12-30-00,2026-09-27_12-30-05_2028x1520.jpg,2026-09-27,2028x1520,n,0.417,features,117,438.45,-23.25,32,30,2,8,32,0,0,0,111.19
2026-09-27_12-30-00,2026-09-27_12-30-05_2028x1520.jpg,2026-09-27,2028x1520,s,0.417,features,117,438.45,-23.25,38,35,3,2,40,0,2,1,307.65
2026-09-27_12-30-00,2026-09-27_12-30-05_2028x1520.jpg,2026-09-27,2028x1520,m,0.417,features,117,438.45,-23.25,38,35,3,2,39,1,0,1,685.05
2026-09-27_12-30-00,2026-09-27_12-30-08_4056x3040.jpg,2026-09-27,4056x3040,n,0.417,features,117,438.45,-23.25,34,32,2,6,34,0,0,0,99.95
2026-09-27_12-30-00,2026-09-27_12-30-08_4056x3040.jpg,2026-09-27,4056x3040,s,0.417,features,117,438.45,-23.25,35,34,1,5,38,0,3,1,247.85
2026-09-27_12-30-00,2026-09-27_12-30-08_4056x3040.jpg,2026-09-27,4056x3040,m,0.417,features,117,438.45,-23.25,37,34,3,3,38,1,0,1,712.58
2026-09-27_12-45-00,2026-09-27_12-45-00_640x480.jpg,2026-09-27,640x480,n,0.4191,features,138,438.86,-21.56,31,30,1,9,31,0,0,0,106.24
2026-09-27_12-45-00,2026-09-27_12-45-00_640x480.jpg,2026-09-27,640x480,s,0.4191,features,138,438.86,-21.56,36,32,4,4,39,1,2,0,312.82
2026-09-27_12-45-00,2026-09-27_12-45-00_640x480.jpg,2026-09-27,640x480,m,0.4191,features,138,438.86,-21.56,37,34,3,3,39,2,0,1,746.77
2026-09-27_12-45-00,2026-09-27_12-45-02_1332x990.jpg,2026-09-27,1332x990,n,0.4191,features,138,438.86,-21.56,32,30,2,8,33,1,0,0,101.28
2026-09-27_12-45-00,2026-09-27_12-45-02_1332x990.jpg,2026-09-27,1332x990,s,0.4191,features,138,438.86,-21.56,37,35,2,3,39,0,2,1,281.34
2026-09-27_12-45-00,2026-09-27_12-45-02_1332x990.jpg,2026-09-27,1332x990,m,0.4191,features,138,438.86,-21.56,37,34,3,3,38,1,0,1,725.82
2026-09-27_12-45-00,2026-09-27_12-45-05_2028x1520.jpg,2026-09-27,2028x1520,n,0.4191,features,138,438.86,-21.56,33,31,2,7,34,1,0,0,107.21
2026-09-27_12-45-00,2026-09-27_12-45-05_2028x1520.jpg,2026-09-27,2028x1520,s,0.4191,features,138,438.86,-21.56,36,34,2,4,39,0,3,1,283.67
2026-09-27_12-45-00,2026-09-27_12-45-05_2028x1520.jpg,2026-09-27,2028x1520,m,0.4191,features,138,438.86,-21.56,39,35,4,1,40,1,0,1,759.04
2026-09-27_12-45-00,2026-09-27_12-45-07_4056x3040.jpg,2026-09-27,4056x3040,n,0.4191,features,138,438.86,-21.56,32,31,1,8,32,0,0,0,104.8
2026-09-27_12-45-00,2026-09-27_12-45-07_4056x3040.jpg,2026-09-27,4056x3040,s,0.4191,features,138,438.86,-21.56,36,35,1,4,38,0,2,1,276.81
2026-09-27_12-45-00,2026-09-27_12-45-07_4056x3040.jpg,2026-09-27,4056x3040,m,0.4191,features,138,438.86,-21.56,37,34,3,3,38,1,0,1,751.64
2026-09-27_13-00-00,2026-09-27_13-00-00_640x480.jpg,2026-09-27,640x480,n,0.4205,features,137,436.01,-21.86,33,30,3,7,33,0,0,0,118.91
2026-09-27_13-00-00,2026-09-27_13-00-00_640x480.jpg,2026-09-27,640x480,s,0.4205,features,137,436.01,-21.86,35,32,3,5,35,0,0,0,263.75
2026-09-27_13-00-00,2026-09-27_13-00-00_640x480.jpg,2026-09-27,640x480,m,0.4205,features,137,436.01,-21.86,36,34,2,4,38,2,0,1,652.42
2026-09-27_13-00-00,2026-09-27_13-00-03_1332x990.jpg,2026-09-27,1332x990,n,0.4205,features,137,436.01,-21.86,31,30,1,9,31,0,0,0,89.07
2026-09-27_13-00-00,2026-09-27_13-00-03_1332x990.jpg,2026-09-27,1332x990,s,0.4205,features,137,436.01,-21.86,38,35,3,2,40,1,1,1,265.69
2026-09-27_13-00-00,2026-09-27_13-00-03_1332x990.jpg,2026-09-27,1332x990,m,0.4205,features,137,436.01,-21.86,40,36,4,0,41,1,0,1,680.91
2026-09-27_13-00-00,2026-09-27_13-00-05_2028x1520.jpg,2026-09-27,2028x1520,n,0.4205,features,137,436.01,-21.86,33,31,2,7,33,0,0,0,92.95
2026-09-27_13-00-00,2026-09-27_13-00-05_2028x1520.jpg,2026-09-27,2028x1520,s,0.4205,features,137,436.01,-21.86,35,34,1,5,37,0,2,1,278.62
2026-09-27_13-00-00,2026-09-27_13-00-05_2028x1520.jpg,2026-09-27,2028x1520,m,0.4205,features,137,436.01,-21.86,38,35,3,2,38,0,0,1,674.51
2026-09-27_13-00-00,2026-09-27_13-00-08_4056x3040.jpg,2026-09-27,4056x3040,n,0.4205,features,137,436.01,-21.86,32,31,1,8,32,0,0,0,92.02
2026-09-27_13-00-00,2026-09-27_13-00-08_4056x3040.jpg,2026-09-27,4056x3040,s,0.4205,features,137,436.01,-21.86,36,34,2,4,37,0,1,1,253.59
2026-09-27_13-00-00,2026-09-27_13-00-08_4056x3040.jpg,2026-09-27,4056x3040,m,0.4205,features,137,436.01,-21.86,36,34,2,4,38,2,0,1,762.03
2026-09-27_13-15-00,2026-09-27_13-15-00_640x480.jpg,2026-09-27,640x480,n,0.4071,features,133,439.36,-21.42,33,30,3,7,33,0,0,0,123.95
2026-09-27_13-15-00,2026-09-27_13-15-00_640x480.jpg,2026-09-27,640x480,s,0.4071,features,133,439.36,-21.42,36,32,4,4,38,1,1,0,315.0
2026-09-27_13-15-00,2026-09-27_13-15-00_640x480.jpg,2026-09-27,640x480,m,0.4071,features,133,439.36,-21.42,37,34,3,3,38,1,0,1,854.38
2026-09-27_13-15-00,2026-09-27_13-15-02_1332x990.jpg,2026-09-27,1332x990,n,0.4071,features,133,439.36,-21.42,33,32,1,7,33,0,0,0,124.24
2026-09-27_13-15-00,2026-09-27_13-15-02_1332x990.jpg,2026-09-27,1332x990,s,0.4071,features,133,439.36,-21.42,35,34,1,5,36,0,1,1,291.39
2026-09-27_13-15-00,2026-09-27_13-15-02_1332x990.jpg,2026-09-27,1332x990,m,0.4071,features,133,439.36,-21.42,37,35,2,3,37,0,0,1,761.6
2026-09-27_13-15-00,2026-09-27_13-15-05_2028x1520.jpg,2026-09-27,2028x1520,n,0.4071,features,133,439.36,-21.42,32,31,1,8,32,0,0,0,89.47
2026-09-27_13-15-00,2026-09-27_13-15-05_2028x1520.jpg,2026-09-27,2028x1520,s,0.4071,features,133,439.36,-21.42,38,36,2,2,38,0,0,1,327.61
2026-09-27_13-15-00,2026-09-27_13-15-05_2028x1520.jpg,2026-09-27,2028x1520,m,0.4071,features,133,439.36,-21.42,38,35,3,2,40,2,0,1,697.41
2026-09-27_13-15-00,2026-09-27_13-15-07_4056x3040.jpg,2026-09-27,4056x3040,n,0.4071,features,133,439.36,-21.42,32,31,1,8,32,0,0,0,108.12
2026-09-27_13-15-00,2026-09-27_13-15-07_4056x3040.jpg,2026-09-27,4056x3040,s,0.4071,features,133,439.36,-21.42,37,35,2,3,39,0,2,1,308.01
2026-09-27_13-15-00,2026-09-27_13-15-07_4056x3040.jpg,2026-09-27,4056x3040,m,0.4071,features,133,439.36,-21.42,39,35,4,1,39,0,0,1,723.41
2026-09-27_13-30-00,2026-09-27_13-30-00_640x480.jpg,2026-09-27,640x480,n,0.3988,features,141,437.31,-22.95,32,30,2,8,32,0,0,0,128.44
2026-09-27_13-30-00,2026-09-27_13-30-00_640x480.jpg,2026-09-27,640x480,s,0.3988,features,141,437.31,-22.95,37,33,4,3,38,0,1,0,360.55
2026-09-27_13-30-00,2026-09-27_13-30-00_640x480.jpg,2026-09-27,640x480,m,0.3988,features,141,437.31,-22.95,39,34,5,1,40,1,0,1,815.66
2026-09-27_13-30-00,2026-09-27_13-30-03_1332x990.jpg,2026-09-27,1332x990,n,0.3988,features,141,437.31,-22.95,31,30,1,9,31,0,0,0,114.71
2026-09-27_13-30-00,2026-09-27_13-30-03_1332x990.jpg,2026-09-27,1332x990,s,0.3988,features,141,437.31,-22.95,35,34,1,5,35,0,0,1,307.11
2026-09-27_13-30-00,2026-09-27_13-30-03_1332x990.jpg,2026-09-27,1332x990,m,0.3988,features,141,437.31,-22.95,39,35,4,1,39,0,0,1,726.4
2026-09-27_13-30-00,2026-09-27_13-30-05_2028x1520.jpg,2026-09-27,2028x1520,n,0.3988,features,141,437.31,-22.95,31,30,1,9,31,0,0,0,125.33
2026-09-27_13-30-00,2026-09-27_13-30-05_2028x1520.jpg,2026-09-27,2028x1520,s,0.3988,features,141,437.31,-22.95,36,35,1,4,37,0,1,1,366.27
2026-09-27_13-30-00,2026-09-27_13-30-05_2028x1520.jpg,2026-09-27,2028x1520,m,0.3988,features,141,437.31,-22.95,39,35,4,1,39,0,0,1,733.99
2026-09-27_13-30-00,2026-09-27_13-30-08_4056x3040.jpg,2026-09-27,4056x3040,n,0.3988,features,141,437.31,-22.95,32,31,1,8,32,0,0,0,132.31
2026-09-27_13-30-00,2026-09-27_13-30-08_4056x3040.jpg,2026-09-27,4056x3040,s,0.3988,features,141,437.31,-22.95,35,34,1,5,36,0,1,1,325.01
2026-09-27_13-30-00,2026-09-27_13-30-08_4056x3040.jpg,2026-09-27,4056x3040,m,0.3988,features,141,437.31,-22.95,38,35,3,2,38,0,0,1,739.03
2026-09-27_13-45-00,2026-09-27_13-45-00_640x480.jpg,2026-09-27,640x480,n,0.3975,features,104,436.1,-21.99,32,30,2,8,32,0,0,0,107.68
2026-09-27_13-45-00,2026-09-27_13-45-00_640x480.jpg,2026-09-27,640x480,s,0.3975,features,104,436.1,-21.99,37,32,5,3,37,0,0,0,330.55
2026-09-27_13-45-00,2026-09-27_13-45-00_640x480.jpg,2026-09-27,640x480,m,0.3975,features,104,436.1,-21.99,36,34,2,4,39,3,0,1,741.37
2026-09-27_13-45-00,2026-09-27_13-45-03_1332x990.jpg,2026-09-27,1332x990,n,0.3975,features,104,436.1,-21.99,32,31,1,8,32,0,0,0,97.11
2026-09-27_13-45-00,2026-09-27_13-45-03_1332x990.jpg,2026-09-27,1332x990,s,0.3975,features,104,436.1,-21.99,36,34,2,4,36,0,0,1,350.85
2026-09-27_13-45-00,2026-09-27_13-45-03_1332x990.jpg,2026-09-27,1332x990,m,0.3975,features,104,436.1,-21.99,38,35,3,2,39,1,0,1,778.42
2026-09-27_13-45-00,2026-09-27_13-45-06_2028x1520.jpg,2026-09-27,2028x1520,n,0.3975,features,104,436.1,-21.99,32,31,1,8,32,0,0,0,134.0
2026-09-27_13-45-00,2026-09-27_13-45-06_2028x1520.jpg,2026-09-27,2028x1520,s,0.3975,features,104,436.1,-21.99,36,33,3,4,36,0,0,0,291.27
2026-09-27_13-45-00,2026-09-27_13-45-06_2028x1520.jpg,2026-09-27,2028x1520,m,0.3975,features,104,436.1,-21.99,37,34,3,3,38,1,0,1,709.39
2026-09-27_13-45-00,2026-09-27_13-45-08_4056x3040.jpg,2026-09-27,4056x3040,n,0.3975,features,104,436.1,-21.99,35,32,3,5,36,1,0,0,102.36
2026-09-27_13-45-00,2026-09-27_13-45-08_4056x3040.jpg,2026-09-27,4056x3040,s,0.3975,features,104,436.1,-21.99,35,33,2,5,35,0,0,0,297.73
2026-09-27_13-45-00,2026-09-27_13-45-08_4056x3040.jpg,2026-09-27,4056x3040,m,0.3975,features,104,436.1,-21.99,38,35,3,2,40,2,0,1,751.08
2026-09-27_14-15-00,2026-09-27_14-15-00_640x480.jpg,2026-09-27,640x480,n,0.3843,features,128,437.31,-21.87,31,30,1,9,31,0,0,0,125.57
2026-09-27_14-15-00,2026-09-27_14-15-00_640x480.jpg,2026-09-27,640x480,s,0.3843,features,128,437.31,-21.87,35,31,4,5,35,0,0,0,311.74
2026-09-27_14-15-00,2026-09-27_14-15-00_640x480.jpg,2026-09-27,640x480,m,0.3843,features,128,437.31,-21.87,37,33,4,3,40,3,0,0,725.03
2026-09-27_14-15-00,2026-09-27_14-15-03_1332x990.jpg,2026-09-27,1332x990,n,0.3843,features,128,437.31,-21.87,32,30,2,8,32,0,0,0,99.08
2026-09-27_14-15-00,2026-09-27_14-15-03_1332x990.jpg,2026-09-27,1332x990,s,0.3843,features,128,437.31,-21.87,37,35,2,3,37,0,0,1,303.25
2026-09-27_14-15-00,2026-09-27_14-15-03_1332x990.jpg,2026-09-27,1332x990,m,0.3843,features,128,437.31,-21.87,37,34,3,3,38,1,0,1,733.68
2026-09-27_14-15-00,2026-09-27_14-15-06_2028x1520.jpg,2026-09-27,2028x1520,n,0.3843,features,128,437.31,-21.87,32,31,1,8,32,0,0,0,113.15
2026-09-27_14-15-00,2026-09-27_14-15-06_2028x1520.jpg,2026-09-27,2028x1520,s,0.3843,features,128,437.31,-21.87,37,35,2,3,37,0,0,1,324.02
2026-09-27_14-15-00,2026-09-27_14-15-06_2028x1520.jpg,2026-09-27,2028x1520,m,0.3843,features,128,437.31,-21.87,38,34,4,2,38,0,0,1,799.05
2026-09-27_14-15-00,2026-09-27_14-15-08_4056x3040.jpg,2026-09-27,4056x3040,n,0.3843,features,128,437.31,-21.87,31,30,1,9,31,0,0,0,109.57
2026-09-27_14-15-00,2026-09-27_14-15-08_4056x3040.jpg,2026-09-27,4056x3040,s,0.3843,features,128,437.31,-21.87,36,33,3,4,36,0,0,0,312.11
2026-09-27_14-15-00,2026-09-27_14-15-08_4056x3040.jpg,2026-09-27,4056x3040,m,0.3843,features,128,437.31,-21.87,37,34,3,3,38,1,0,1,746.29
2026-09-27_14-30-00,2026-09-27_14-30-00_640x480.jpg,2026-09-27,640x480,n,0.3911,features,86,438.07,-20.83,32,30,2,8,32,0,0,0,107.86
2026-09-27_14-30-00,2026-09-27_14-30-00_640x480.jpg,2026-09-27,640x480,s,0.3911,features,86,438.07,-20.83,35,32,3,5,36,1,0,0,265.14
2026-09-27_14-30-00,2026-09-27_14-30-00_640x480.jpg,2026-09-27,640x480,m,0.3911,features,86,438.07,-20.83,36,33,3,4,36,0,0,0,725.15
2026-09-27_14-30-00,2026-09-27_14-30-02_1332x990.jpg,2026-09-27,1332x990,n,0.3911,features,86,438.07,-20.83,33,31,2,7,33,0,0,0,101.37
2026-09-27_14-30-00,2026-09-27_14-30-02_1332x990.jpg,2026-09-27,1332x990,s,0.3911,features,86,438.07,-20.83,36,35,1,4,36,0,0,1,279.07
2026-09-27_14-30-00,2026-09-27_14-30-02_1332x990.jpg,2026-09-27,1332x990,m,0.3911,features,86,438.07,-20.83,37,34,3,3,38,1,0,1,698.82
2026-09-27_14-30-00,2026-09-27_14-30-05_2028x1520.jpg,2026-09-27,2028x1520,n,0.3911,features,86,438.07,-20.83,32,31,1,8,32,0,0,0,93.52
2026-09-27_14-30-00,2026-09-27_14-30-05_2028x1520.jpg,2026-09-27,2028x1520,s,0.3911,features,86,438.07,-20.83,35,34,1,5,35,0,0,1,283.2
2026-09-27_14-30-00,2026-09-27_14-30-05_2028x1520.jpg,2026-09-27,2028x1520,m,0.3911,features,86,438.07,-20.83,39,35,4,1,40,1,0,1,736.36
2026-09-27_14-30-00,2026-09-27_14-30-08_4056x3040.jpg,2026-09-27,4056x3040,n,0.3911,features,86,438.07,-20.83,32,31,1,8,32,0,0,0,106.7
2026-09-27_14-30-00,2026-09-27_14-30-08_4056x3040.jpg,2026-09-27,4056x3040,s,0.3911,features,86,438.07,-20.83,36,33,3,4,36,0,0,0,315.1
2026-09-27_14-30-00,2026-09-27_14-30-08_4056x3040.jpg,2026-09-27,4056x3040,m,0.3911,features,86,438.07,-20.83,36,34,2,4,36,0,0,1,804.41
2026-09-27_14-45-00,2026-09-27_14-45-00_640x480.jpg,2026-09-27,640x480,n,0.4084,features,103,437.32,-21.63,32,30,2,8,32,0,0,0,99.39
2026-09-27_14-45-00,2026-09-27_14-45-00_640x480.jpg,2026-09-27,640x480,s,0.4084,features,103,437.32,-21.63,37,32,5,3,39,2,0,0,280.04
2026-09-27_14-45-00,2026-09-27_14-45-00_640x480.jpg,2026-09-27,640x480,m,0.4084,features,103,437.32,-21.63,37,33,4,3,41,4,0,0,761.85
2026-09-27_14-45-00,2026-09-27_14-45-03_1332x990.jpg,2026-09-27,1332x990,n,0.4084,features,103,437.32,-21.63,31,30,1,9,31,0,0,0,93.62
2026-09-27_14-45-00,2026-09-27_14-45-03_1332x990.jpg,2026-09-27,1332x990,s,0.4084,features,103,437.32,-21.63,35,34,1,5,35,0,0,1,320.24
2026-09-27_14-45-00,2026-09-27_14-45-03_1332x990.jpg,2026-09-27,1332x990,m,0.4084,features,103,437.32,-21.63,38,34,4,2,39,1,0,1,808.89
2026-09-27_14-45-00,2026-09-27_14-45-05_2028x1520.jpg,2026-09-27,2028x1520,n,0.4084,features,103,437.32,-21.63,33,31,2,7,33,0,0,0,120.85
2026-09-27_14-45-00,2026-09-27_14-45-05_2028x1520.jpg,2026-09-27,2028x1520,s,0.4084,features,103,437.32,-21.63,35,34,1,5,35,0,0,1,293.46
2026-09-27_14-45-00,2026-09-27_14-45-05_2028x1520.jpg,2026-09-27,2028x1520,m,0.4084,features,103,437.32,-21.63,38,36,2,2,40,2,0,1,767.41
2026-09-27_14-45-00,2026-09-27_14-45-08_4056x3040.jpg,2026-09-27,4056x3040,n,0.4084,features,103,437.32,-21.63,33,31,2,7,33,0,0,0,105.72
2026-09-27_14-45-00,2026-09-27_14-45-08_4056x3040.jpg,2026-09-27,4056x3040,s,0.4084,features,103,437.32,-21.63,36,34,2,4,36,0,0,1,311.46
2026-09-27_14-45-00,2026-09-27_14-45-08_4056x3040.jpg,2026-09-27,4056x3040,m,0.4084,features,103,437.32,-21.63,36,34,2,4,38,2,0,1,697.2
2026-09-27_15-00-00,2026-09-27_15-00-00_640x480.jpg,2026-09-27,640x480,n,0.4026,features,108,436.82,-20.78,31,30,1,9,31,0,0,0,105.4
2026-09-27_15-00-00,2026-09-27_15-00-00_640x480.jpg,2026-09-27,640x480,s,0.4026,features,108,436.82,-20.78,36,31,5,4,36,0,0,0,271.7
2026-09-27_15-00-00,2026-09-27_15-00-00_640x480.jpg,2026-09-27,640x480,m,0.4026,features,108,436.82,-20.78,38,34,4,2,41,3,0,1,716.76
2026-09-27_15-00-00,2026-09-27_15-00-02_1332x990.jpg,2026-09-27,1332x990,n,0.4026,features,108,436.82,-20.78,33,31,2,7,33,0,0,0,95.43
2026-09-27_15-00-00,2026-09-27_15-00-02_1332x990.jpg,2026-09-27,1332x990,s,0.4026,features,108,436.82,-20.78,35,34,1,5,35,0,0,1,278.67
2026-09-27_15-00-00,2026-09-27_15-00-02_1332x990.jpg,2026-09-27,1332x990,m,0.4026,features,108,436.82,-20.78,38,34,4,2,39,1,0,1,702.83
2026-09-27_15-00-00,2026-09-27_15-00-05_2028x1520.jpg,2026-09-27,2028x1520,n,0.4026,features,108,436.82,-20.78,34,32,2,6,34,0,0,0,91.35
2026-09-27_15-00-00,2026-09-27_15-00-05_2028x1520.jpg,2026-09-27,2028x1520,s,0.4026,features,108,436.82,-20.78,35,34,1,5,35,0,0,1,276.4
2026-09-27_15-00-00,2026-09-27_15-00-05_2028x1520.jpg,2026-09-27,2028x1520,m,0.4026,features,108,436.82,-20.78,37,34,3,3,39,2,0,1,713.33
2026-09-27_15-00-00,2026-09-27_15-00-07_4056x3040.jpg,2026-09-27,4056x3040,n,0.4026,features,108,436.82,-20.78,32,31,1,8,32,0,0,0,105.15
2026-09-27_15-00-00,2026-09-27_15-00-07_4056x3040.jpg,2026-09-27,4056x3040,s,0.4026,features,108,436.82,-20.78,34,34,0,6,34,0,0,1,293.0
2026-09-27_15-00-00,2026-09-27_15-00-07_4056x3040.jpg,2026-09-27,4056x3040,m,0.4026,features,108,436.82,-20.78,40,35,5,0,42,2,0,1,713.86
2026-09-27_15-15-00,2026-09-27_15-15-00_640x480.jpg,2026-09-27,640x480,n,0.409,features,107,436.6,-19.12,32,30,2,8,32,0,0,0,98.96
2026-09-27_15-15-00,2026-09-27_15-15-00_640x480.jpg,2026-09-27,640x480,s,0.409,features,107,436.6,-19.12,36,32,4,4,36,0,0,0,298.43
2026-09-27_15-15-00,2026-09-27_15-15-00_640x480.jpg,2026-09-27,640x480,m,0.409,features,107,436.6,-19.12,37,33,4,3,39,2,0,0,721.88
2026-09-27_15-15-00,2026-09-27_15-15-03_1332x990.jpg,2026-09-27,1332x990,n,0.409,features,107,436.6,-19.12,33,32,1,7,33,0,0,0,101.78
2026-09-27_15-15-00,2026-09-27_15-15-03_1332x990.jpg,2026-09-27,1332x990,s,0.409,features,107,436.6,-19.12,37,34,3,3,37,0,0,1,298.14
2026-09-27_15-15-00,2026-09-27_15-15-03_1332x990.jpg,2026-09-27,1332x990,m,0.409,features,107,436.6,-19.12,38,35,3,2,38,0,0,1,730.56
2026-09-27_15-15-00,2026-09-27_15-15-05_2028x1520.jpg,2026-09-27,2028x1520,n,0.409,features,107,436.6,-19.12,34,32,2,6,34,0,0,0,90.5
2026-09-27_15-15-00,2026-09-27_15-15-05_2028x1520.jpg,2026-09-27,2028x1520,s,0.409,features,107,436.6,-19.12,36,34,2,4,36,0,0,1,281.55
2026-09-27_15-15-00,2026-09-27_15-15-05_2028x1520.jpg,2026-09-27,2028x1520,m,0.409,features,107,436.6,-19.12,39,35,4,1,41,2,0,1,760.07
2026-09-27_15-15-00,2026-09-27_15-15-08_4056x3040.jpg,2026-09-27,4056x3040,n,0.409,features,107,436.6,-19.12,34,32,2,6,34,0,0,0,103.54
2026-09-27_15-15-00,2026-09-27_15-15-08_4056x3040.jpg,2026-09-27,4056x3040,s,0.409,features,107,436.6,-19.12,34,33,1,6,34,0,0,0,319.99
2026-09-27_15-15-00,2026-09-27_15-15-08_4056x3040.jpg,2026-09-27,4056x3040,m,0.409,features,107,436.6,-19.12,39,36,3,1,41,2,0,1,754.64
2026-09-27_15-30-00,2026-09-27_15-30-00_640x480.jpg,2026-09-27,640x480,n,0.4027,features,105,437.72,-18.85,32,30,2,8,32,0,0,0,125.86
2026-09-27_15-30-00,2026-09-27_15-30-00_640x480.jpg,2026-09-27,640x480,s,0.4027,features,105,437.72,-18.85,35,33,2,5,35,0,0,0,369.55
2026-09-27_15-30-00,2026-09-27_15-30-00_640x480.jpg,2026-09-27,640x480,m,0.4027,features,105,437.72,-18.85,37,33,4,3,38,1,0,0,781.98
2026-09-27_15-30-00,2026-09-27_15-30-03_1332x990.jpg,2026-09-27,1332x990,n,0.4027,features,105,437.72,-18.85,32,31,1,8,32,0,0,0,118.8
2026-09-27_15-30-00,2026-09-27_15-30-03_1332x990.jpg,2026-09-27,1332x990,s,0.4027,features,105,437.72,-18.85,36,33,3,4,36,0,0,0,346.76
2026-09-27_15-30-00,2026-09-27_15-30-03_1332x990.jpg,2026-09-27,1332x990,m,0.4027,features,105,437.72,-18.85,38,34,4,2,40,2,0,1,811.81
2026-09-27_15-30-00,2026-09-27_15-30-06_2028x1520.jpg,2026-09-27,2028x1520,n,0.4027,features,105,437.72,-18.85,34,32,2,6,34,0,0,0,108.55
2026-09-27_15-30-00,2026-09-27_15-30-06_2028x1520.jpg,2026-09-27,2028x1520,s,0.4027,features,105,437.72,-18.85,37,35,2,3,37,0,0,1,333.33
2026-09-27_15-30-00,2026-09-27_15-30-06_2028x1520.jpg,2026-09-27,2028x1520,m,0.4027,features,105,437.72,-18.85,39,34,5,1,42,3,0,1,811.26
2026-09-27_15-30-00,2026-09-27_15-30-08_4056x3040.jpg,2026-09-27,4056x3040,n,0.4027,features,105,437.72,-18.85,33,31,2,7,33,0,0,0,123.84
2026-09-27_15-30-00,2026-09-27_15-30-08_4056x3040.jpg,2026-09-27,4056x3040,s,0.4027,features,105,437.72,-18.85,34,33,1,6,34,0,0,0,318.58
2026-09-27_15-30-00,2026-09-27_15-30-08_4056x3040.jpg,2026-09-27,4056x3040,m,0.4027,features,105,437.72,-18.85,36,33,3,4,37,1,0,0,811.01
2026-09-27_15-45-00,2026-09-27_15-45-00_640x480.jpg,2026-09-27,640x480,n,0.3717,features,97,437.31,-17.9,31,30,1,9,31,0,0,0,111.21
2026-09-27_15-45-00,2026-09-27_15-45-00_640x480.jpg,2026-09-27,640x480,s,0.3717,features,97,437.31,-17.9,40,33,7,0,41,1,0,0,316.78
2026-09-27_15-45-00,2026-09-27_15-45-00_640x480.jpg,2026-09-27,640x480,m,0.3717,features,97,437.31,-17.9,38,34,4,2,43,4,1,1,791.62
2026-09-27_15-45-00,2026-09-27_15-45-02_1332x990.jpg,2026-09-27,1332x990,n,0.3717,features,97,437.31,-17.9,31,30,1,9,31,0,0,0,125.04
2026-09-27_15-45-00,2026-09-27_15-45-02_1332x990.jpg,2026-09-27,1332x990,s,0.3717,features,97,437.31,-17.9,39,34,5,1,41,2,0,1,341.81
2026-09-27_15-45-00,2026-09-27_15-45-02_1332x990.jpg,2026-09-27,1332x990,m,0.3717,features,97,437.31,-17.9,39,34,5,1,43,3,1,1,831.72
2026-09-27_15-45-00,2026-09-27_15-45-05_2028x1520.jpg,2026-09-27,2028x1520,n,0.3717,features,97,437.31,-17.9,32,31,1,8,32,0,0,0,121.86
2026-09-27_15-45-00,2026-09-27_15-45-05_2028x1520.jpg,2026-09-27,2028x1520,s,0.3717,features,97,437.31,-17.9,36,33,3,4,38,2,0,0,323.39
2026-09-27_15-45-00,2026-09-27_15-45-05_2028x1520.jpg,2026-09-27,2028x1520,m,0.3717,features,97,437.31,-17.9,39,34,5,1,43,4,0,1,837.76
2026-09-27_15-45-00,2026-09-27_15-45-08_4056x3040.jpg,2026-09-27,4056x3040,n,0.3717,features,97,437.31,-17.9,32,30,2,8,32,0,0,0,108.99
2026-09-27_15-45-00,2026-09-27_15-45-08_4056x3040.jpg,2026-09-27,4056x3040,s,0.3717,features,97,437.31,-17.9,36,34,2,4,37,1,0,1,329.62
2026-09-27_15-45-00,2026-09-27_15-45-08_4056x3040.jpg,2026-09-27,4056x3040,m,0.3717,features,97,437.31,-17.9,37,34,3,3,42,4,1,1,757.86
2026-09-27_16-00-00,2026-09-27_16-00-00_640x480.jpg,2026-09-27,640x480,n,0.4019,features,111,437.84,-21.09,31,30,1,9,32,1,0,0,103.03
2026-09-27_16-00-00,2026-09-27_16-00-00_640x480.jpg,2026-09-27,640x480,s,0.4019,features,111,437.84,-21.09,36,32,4,4,37,1,0,0,336.41
2026-09-27_16-00-00,2026-09-27_16-00-00_640x480.jpg,2026-09-27,640x480,m,0.4019,features,111,437.84,-21.09,38,33,5,2,40,2,0,0,715.28
2026-09-27_16-00-00,2026-09-27_16-00-03_1332x990.jpg,2026-09-27,1332x990,n,0.4019,features,111,437.84,-21.09,31,30,1,9,31,0,0,0,106.76
2026-09-27_16-00-00,2026-09-27_16-00-03_1332x990.jpg,2026-09-27,1332x990,s,0.4019,features,111,437.84,-21.09,36,33,3,4,37,1,0,0,268.39
2026-09-27_16-00-00,2026-09-27_16-00-03_1332x990.jpg,2026-09-27,1332x990,m,0.4019,features,111,437.84,-21.09,38,33,5,2,43,5,0,0,810.29
2026-09-27_16-00-00,2026-09-27_16-00-06_2028x1520.jpg,2026-09-27,2028x1520,n,0.4019,features,111,437.84,-21.09,31,30,1,9,31,0,0,0,108.38
2026-09-27_16-00-00,2026-09-27_16-00-06_2028x1520.jpg,2026-09-27,2028x1520,s,0.4019,features,111,437.84,-21.09,38,35,3,2,39,1,0,1,347.29
2026-09-27_16-00-00,2026-09-27_16-00-06_2028x1520.jpg,2026-09-27,2028x1520,m,0.4019,features,111,437.84,-21.09,38,33,5,2,38,0,0,0,731.98
2026-09-27_16-00-00,2026-09-27_16-00-08_4056x3040.jpg,2026-09-27,4056x3040,n,0.4019,features,111,437.84,-21.09,31,30,1,9,31,0,0,0,115.64
2026-09-27_16-00-00,2026-09-27_16-00-08_4056x3040.jpg,2026-09-27,4056x3040,s,0.4019,features,111,437.84,-21.09,36,34,2,4,36,0,0,1,302.08
2026-09-27_16-00-00,2026-09-27_16-00-08_4056x3040.jpg,2026-09-27,4056x3040,m,0.4019,features,111,437.84,-21.09,37,33,4,3,38,1,0,0,802.79
2026-09-27_16-15-00,2026-09-27_16-15-00_640x480.jpg,2026-09-27,640x480,n,0.3943,features,101,438.28,-17.39,32,30,2,8,32,0,0,0,103.73
2026-09-27_16-15-00,2026-09-27_16-15-00_640x480.jpg,2026-09-27,640x480,s,0.3943,features,101,438.28,-17.39,35,31,4,5,36,0,1,0,365.39
2026-09-27_16-15-00,2026-09-27_16-15-00_640x480.jpg,2026-09-27,640x480,m,0.3943,features,101,438.28,-17.39,37,34,3,3,39,2,0,1,777.02
2026-09-27_16-15-00,2026-09-27_16-15-02_1332x990.jpg,2026-09-27,1332x990,n,0.3943,features,101,438.28,-17.39,31,30,1,9,31,0,0,0,99.28
2026-09-27_16-15-00,2026-09-27_16-15-02_1332x990.jpg,2026-09-27,1332x990,s,0.3943,features,101,438.28,-17.39,36,33,3,4,36,0,0,0,281.97
2026-09-27_16-15-00,2026-09-27_16-15-02_1332x990.jpg,2026-09-27,1332x990,m,0.3943,features,101,438.28,-17.39,37,33,4,3,38,1,0,0,781.59
2026-09-27_16-15-00,2026-09-27_16-15-05_2028x1520.jpg,2026-09-27,2028x1520,n,0.3943,features,101,438.28,-17.39,33,31,2,7,33,0,0,0,95.87
2026-09-27_16-15-00,2026-09-27_16-15-05_2028x1520.jpg,2026-09-27,2028x1520,s,0.3943,features,101,438.28,-17.39,36,32,4,4,37,0,1,0,259.9
2026-09-27_16-15-00,2026-09-27_16-15-05_2028x1520.jpg,2026-09-27,2028x1520,m,0.3943,features,101,438.28,-17.39,38,33,5,2,41,3,0,0,696.86
2026-09-27_16-15-00,2026-09-27_16-15-08_4056x3040.jpg,2026-09-27,4056x3040,n,0.3943,features,101,438.28,-17.39,31,30,1,9,31,0,0,0,86.46
2026-09-27_16-15-00,2026-09-27_16-15-08_4056x3040.jpg,2026-09-27,4056x3040,s,0.3943,features,101,438.28,-17.39,37,33,4,3,39,2,0,0,261.74
2026-09-27_16-15-00,2026-09-27_16-15-08_4056x3040.jpg,2026-09-27,4056x3040,m,0.3943,features,101,438.28,-17.39,39,34,5,1,41,2,0,1,708.18
2026-09-27_16-30-00,2026-09-27_16-30-00_640x480.jpg,2026-09-27,640x480,n,0.4,features,131,437.48,-18.8,33,30,3,7,33,0,0,0,94.99
2026-09-27_16-30-00,2026-09-27_16-30-00_640x480.jpg,2026-09-27,640x480,s,0.4,features,131,437.48,-18.8,36,32,4,4,37,1,0,0,266.97
2026-09-27_16-30-00,2026-09-27_16-30-00_640x480.jpg,2026-09-27,640x480,m,0.4,features,131,437.48,-18.8,38,33,5,2,40,2,0,0,724.06
2026-09-27_16-30-00,2026-09-27_16-30-03_1332x990.jpg,2026-09-27,1332x990,n,0.4,features,131,437.48,-18.8,33,30,3,7,34,1,0,0,90.55
2026-09-27_16-30-00,2026-09-27_16-30-03_1332x990.jpg,2026-09-27,1332x990,s,0.4,features,131,437.48,-18.8,36,33,3,4,38,1,1,0,261.32
2026-09-27_16-30-00,2026-09-27_16-30-03_1332x990.jpg,2026-09-27,1332x990,m,0.4,features,131,437.48,-18.8,38,33,5,2,39,1,0,0,705.27
2026-09-27_16-30-00,2026-09-27_16-30-06_2028x1520.jpg,2026-09-27,2028x1520,n,0.4,features,131,437.48,-18.8,32,30,2,8,32,0,0,0,98.8
2026-09-27_16-30-00,2026-09-27_16-30-06_2028x1520.jpg,2026-09-27,2028x1520,s,0.4,features,131,437.48,-18.8,37,33,4,3,38,1,0,0,282.05
2026-09-27_16-30-00,2026-09-27_16-30-06_2028x1520.jpg,2026-09-27,2028x1520,m,0.4,features,131,437.48,-18.8,38,33,5,2,40,2,0,0,790.52
2026-09-27_16-30-00,2026-09-27_16-30-08_4056x3040.jpg,2026-09-27,4056x3040,n,0.4,features,131,437.48,-18.8,34,31,3,6,34,0,0,0,113.13
2026-09-27_16-30-00,2026-09-27_16-30-08_4056x3040.jpg,2026-09-27,4056x3040,s,0.4,features,131,437.48,-18.8,36,33,3,4,37,1,0,0,336.13
2026-09-27_16-30-00,2026-09-27_16-30-08_4056x3040.jpg,2026-09-27,4056x3040,m,0.4,features,131,437.48,-18.8,36,34,2,4,37,1,0,1,803.35
2026-09-27_16-45-00,2026-09-27_16-45-00_640x480.jpg,2026-09-27,640x480,n,0.3875,features,116,437.03,-17.83,32,30,2,8,32,0,0,0,137.59
2026-09-27_16-45-00,2026-09-27_16-45-00_640x480.jpg,2026-09-27,640x480,s,0.3875,features,116,437.03,-17.83,36,32,4,4,37,1,0,0,326.49
2026-09-27_16-45-00,2026-09-27_16-45-00_640x480.jpg,2026-09-27,640x480,m,0.3875,features,116,437.03,-17.83,38,32,6,2,39,1,0,0,837.86
2026-09-27_16-45-00,2026-09-27_16-45-02_1332x990.jpg,2026-09-27,1332x990,n,0.3875,features,116,437.03,-17.83,32,30,2,8,32,0,0,0,124.94
2026-09-27_16-45-00,2026-09-27_16-45-02_1332x990.jpg,2026-09-27,1332x990,s,0.3875,features,116,437.03,-17.83,37,33,4,3,39,2,0,0,340.39
2026-09-27_16-45-00,2026-09-27_16-45-02_1332x990.jpg,2026-09-27,1332x990,m,0.3875,features,116,437.03,-17.83,39,33,6,1,39,0,0,0,799.11
2026-09-27_16-45-00,2026-09-27_16-45-05_2028x1520.jpg,2026-09-27,2028x1520,n,0.3875,features,116,437.03,-17.83,33,31,2,7,33,0,0,0,124.59
2026-09-27_16-45-00,2026-09-27_16-45-05_2028x1520.jpg,2026-09-27,2028x1520,s,0.3875,features,116,437.03,-17.83,37,34,3,3,38,0,1,1,318.81
2026-09-27_16-45-00,2026-09-27_16-45-05_2028x1520.jpg,2026-09-27,2028x1520,m,0.3875,features,116,437.03,-17.83,37,33,4,3,40,3,0,0,753.74
2026-09-27_16-45-00,2026-09-27_16-45-08_4056x3040.jpg,2026-09-27,4056x3040,n,0.3875,features,116,437.03,-17.83,32,30,2,8,32,0,0,0,118.9
2026-09-27_16-45-00,2026-09-27_16-45-08_4056x3040.jpg,2026-09-27,4056x3040,s,0.3875,features,116,437.03,-17.83,37,33,4,3,39,1,1,0,336.18
2026-09-27_16-45-00,2026-09-27_16-45-08_4056x3040.jpg,2026-09-27,4056x3040,m,0.3875,features,116,437.03,-17.83,36,33,3,4,36,0,0,0,810.27
2026-09-27_17-00-00,2026-09-27_17-00-00_640x480.jpg,2026-09-27,640x480,n,0.3862,features,142,436.66,-19.5,33,30,3,7,33,0,0,0,128.55
2026-09-27_17-00-00,2026-09-27_17-00-00_640x480.jpg,2026-09-27,640x480,s,0.3862,features,142,436.66,-19.5,35,31,4,5,36,1,0,0,337.29
2026-09-27_17-00-00,2026-09-27_17-00-00_640x480.jpg,2026-09-27,640x480,m,0.3862,features,142,436.66,-19.5,37,33,4,3,39,2,0,0,815.24
2026-09-27_17-00-00,2026-09-27_17-00-03_1332x990.jpg,2026-09-27,1332x990,n,0.3862,features,142,436.66,-19.5,34,31,3,6,35,1,0,0,121.63
2026-09-27_17-00-00,2026-09-27_17-00-03_1332x990.jpg,2026-09-27,1332x990,s,0.3862,features,142,436.66,-19.5,36,32,4,4,38,2,0,0,325.35
2026-09-27_17-00-00,2026-09-27_17-00-03_1332x990.jpg,2026-09-27,1332x990,m,0.3862,features,142,436.66,-19.5,38,34,4,2,41,3,0,1,800.05
2026-09-27_17-00-00,2026-09-27_17-00-05_2028x1520.jpg,2026-09-27,2028x1520,n,0.3862,features,142,436.66,-19.5,33,31,2,7,33,0,0,0,120.29
2026-09-27_17-00-00,2026-09-27_17-00-05_2028x1520.jpg,2026-09-27,2028x1520,s,0.3862,features,142,436.66,-19.5,36,33,3,4,38,1,1,0,324.85
2026-09-27_17-00-00,2026-09-27_17-00-05_2028x1520.jpg,2026-09-27,2028x1520,m,0.3862,features,142,436.66,-19.5,38,33,5,2,40,2,0,0,828.57
2026-09-27_17-00-00,2026-09-27_17-00-08_4056x3040.jpg,2026-09-27,4056x3040,n,0.3862,features,142,436.66,-19.5,34,31,3,6,34,0,0,0,121.09
2026-09-27_17-00-00,2026-09-27_17-00-08_4056x3040.jpg,2026-09-27,4056x3040,s,0.3862,features,142,436.66,-19.5,38,34,4,2,38,0,0,1,334.54
2026-09-27_17-00-00,2026-09-27_17-00-08_4056x3040.jpg,2026-09-27,4056x3040,m,0.3862,features,142,436.66,-19.5,34,33,1,6,36,2,0,0,831.91
2026-09-27_17-15-00,2026-09-27_17-15-00_640x480.jpg,2026-09-27,640x480,n,0.3953,features,125,437.24,-21.56,32,30,2,8,32,0,0,0,136.64
2026-09-27_17-15-00,2026-09-27_17-15-00_640x480.jpg,2026-09-27,640x480,s,0.3953,features,125,437.24,-21.56,36,30,6,4,36,0,0,0,344.56
2026-09-27_17-15-00,2026-09-27_17-15-00_640x480.jpg,2026-09-27,640x480,m,0.3953,features,125,437.24,-21.56,37,33,4,3,40,3,0,0,825.73
2026-09-27_17-15-00,2026-09-27_17-15-02_1332x990.jpg,2026-09-27,1332x990,n,0.3953,features,125,437.24,-21.56,34,30,4,6,34,0,0,0,121.23
2026-09-27_17-15-00,2026-09-27_17-15-02_1332x990.jpg,2026-09-27,1332x990,s,0.3953,features,125,437.24,-21.56,37,34,3,3,39,1,1,1,322.26
2026-09-27_17-15-00,2026-09-27_17-15-02_1332x990.jpg,2026-09-27,1332x990,m,0.3953,features,125,437.24,-21.56,37,33,4,3,38,1,0,0,818.05
2026-09-27_17-15-00,2026-09-27_17-15-05_2028x1520.jpg,2026-09-27,2028x1520,n,0.3953,features,125,437.24,-21.56,32,30,2,8,32,0,0,0,122.87
2026-09-27_17-15-00,2026-09-27_17-15-05_2028x1520.jpg,2026-09-27,2028x1520,s,0.3953,features,125,437.24,-21.56,37,34,3,3,38,1,0,1,349.93
2026-09-27_17-15-00,2026-09-27_17-15-05_2028x1520.jpg,2026-09-27,2028x1520,m,0.3953,features,125,437.24,-21.56,36,33,3,4,38,2,0,0,835.25
2026-09-27_17-15-00,2026-09-27_17-15-08_4056x3040.jpg,2026-09-27,4056x3040,n,0.3953,features,125,437.24,-21.56,34,31,3,6,34,0,0,0,128.69
2026-09-27_17-15-00,2026-09-27_17-15-08_4056x3040.jpg,2026-09-27,4056x3040,s,0.3953,features,125,437.24,-21.56,36,32,4,4,38,2,0,0,375.87
2026-09-27_17-15-00,2026-09-27_17-15-08_4056x3040.jpg,2026-09-27,4056x3040,m,0.3953,features,125,437.24,-21.56,37,33,4,3,38,1,0,0,811.03
2026-09-27_17-30-00,2026-09-27_17-30-00_640x480.jpg,2026-09-27,640x480,n,0.3894,features,114,438.74,-21.01,32,30,2,8,33,1,0,0,119.42
2026-09-27_17-30-00,2026-09-27_17-30-00_640x480.jpg,2026-09-27,640x480,s,0.3894,features,114,438.74,-21.01,36,31,5,4,38,2,0,0,356.89
2026-09-27_17-30-00,2026-09-27_17-30-00_640x480.jpg,2026-09-27,640x480,m,0.3894,features,114,438.74,-21.01,38,32,6,2,39,1,0,0,837.28
2026-09-27_17-30-00,2026-09-27_17-30-03_1332x990.jpg,2026-09-27,1332x990,n,0.3894,features,114,438.74,-21.01,33,30,3,7,34,1,0,0,123.1
2026-09-27_17-30-00,2026-09-27_17-30-03_1332x990.jpg,2026-09-27,1332x990,s,0.3894,features,114,438.74,-21.01,37,32,5,3,40,2,1,0,332.72
2026-09-27_17-30-00,2026-09-27_17-30-03_1332x990.jpg,2026-09-27,1332x990,m,0.3894,features,114,438.74,-21.01,36,33,3,4,36,0,0,0,836.2
2026-09-27_17-30-00,2026-09-27_17-30-06_2028x1520.jpg,2026-09-27,2028x1520,n,0.3894,features,114,438.74,-21.01,32,30,2,8,32,0,0,0,119.85
2026-09-27_17-30-00,2026-09-27_17-30-06_2028x1520.jpg,2026-09-27,2028x1520,s,0.3894,features,114,438.74,-21.01,38,35,3,2,39,0,1,1,316.95
2026-09-27_17-30-00,2026-09-27_17-30-06_2028x1520.jpg,2026-09-27,2028x1520,m,0.3894,features,114,438.74,-21.01,37,33,4,3,38,1,0,0,808.64
2026-09-27_17-30-00,2026-09-27_17-30-08_4056x3040.jpg,2026-09-27,4056x3040,n,0.3894,features,114,438.74,-21.01,33,31,2,7,33,0,0,0,122.39
2026-09-27_17-30-00,2026-09-27_17-30-08_4056x3040.jpg,2026-09-27,4056x3040,s,0.3894,features,114,438.74,-21.01,37,34,3,3,38,0,1,1,310.24
2026-09-27_17-30-00,2026-09-27_17-30-08_4056x3040.jpg,2026-09-27,4056x3040,m,0.3894,features,114,438.74,-21.01,36,32,4,4,38,2,0,0,797.84
2026-09-27_17-45-00,2026-09-27_17-45-00_640x480.jpg,2026-09-27,640x480,n,0.4034,features,141,436.41,-20.32,33,30,3,7,33,0,0,0,120.56
2026-09-27_17-45-00,2026-09-27_17-45-00_640x480.jpg,2026-09-27,640x480,s,0.4034,features,141,436.41,-20.32,35,31,4,5,36,0,1,0,325.75
2026-09-27_17-45-00,2026-09-27_17-45-00_640x480.jpg,2026-09-27,640x480,m,0.4034,features,141,436.41,-20.32,37,33,4,3,39,2,0,0,814.12
2026-09-27_17-45-00,2026-09-27_17-45-02_1332x990.jpg,2026-09-27,1332x990,n,0.4034,features,141,436.41,-20.32,33,30,3,7,34,1,0,0,127.65
2026-09-27_17-45-00,2026-09-27_17-45-02_1332x990.jpg,2026-09-27,1332x990,s,0.4034,features,141,436.41,-20.32,36,33,3,4,38,0,2,0,321.01
2026-09-27_17-45-00,2026-09-27_17-45-02_1332x990.jpg,2026-09-27,1332x990,m,0.4034,features,141,436.41,-20.32,35,34,1,5,35,0,0,1,816.01
2026-09-27_17-45-00,2026-09-27_17-45-05_2028x1520.jpg,2026-09-27,2028x1520,n,0.4034,features,141,436.41,-20.32,32,30,2,8,33,1,0,0,129.24
2026-09-27_17-45-00,2026-09-27_17-45-05_2028x1520.jpg,2026-09-27,2028x1520,s,0.4034,features,141,436.41,-20.32,36,33,3,4,39,2,1,0,325.67
2026-09-27_17-45-00,2026-09-27_17-45-05_2028x1520.jpg,2026-09-27,2028x1520,m,0.4034,features,141,436.41,-20.32,36,33,3,4,38,2,0,0,807.28
2026-09-27_17-45-00,2026-09-27_17-45-08_4056x3040.jpg,2026-09-27,4056x3040,n,0.4034,features,141,436.41,-20.32,32,30,2,8,34,1,1,0,113.5
2026-09-27_17-45-00,2026-09-27_17-45-08_4056x3040.jpg,2026-09-27,4056x3040,s,0.4034,features,141,436.41,-20.32,35,33,2,5,38,2,1,0,344.66
2026-09-27_17-45-00,2026-09-27_17-45-08_4056x3040.jpg,2026-09-27,4056x3040,m,0.4034,features,141,436.41,-20.32,37,33,4,3,39,2,0,0,818.48
2026-09-27_18-00-00,2026-09-27_18-00-00_640x480.jpg,2026-09-27,640x480,n,0.3959,features,135,439.04,-19.59,33,30,3,7,34,1,0,0,110.52
2026-09-27_18-00-00,2026-09-27_18-00-00_640x480.jpg,2026-09-27,640x480,s,0.3959,features,135,439.04,-19.59,34,32,2,6,35,0,1,0,325.61
2026-09-27_18-00-00,2026-09-27_18-00-00_640x480.jpg,2026-09-27,640x480,m,0.3959,features,135,439.04,-19.59,39,33,6,1,40,1,0,0,807.95
2026-09-27_18-00-00,2026-09-27_18-00-03_1332x990.jpg,2026-09-27,1332x990,n,0.3959,features,135,439.04,-19.59,34,30,4,6,35,1,0,0,107.11
2026-09-27_18-00-00,2026-09-27_18-00-03_1332x990.jpg,2026-09-27,1332x990,s,0.3959,features,135,439.04,-19.59,35,32,3,5,36,0,1,0,322.04
2026-09-27_18-00-00,2026-09-27_18-00-03_1332x990.jpg,2026-09-27,1332x990,m,0.3959,features,135,439.04,-19.59,37,34,3,3,37,0,0,1,795.25
2026-09-27_18-00-00,2026-09-27_18-00-06_2028x1520.jpg,2026-09-27,2028x1520,n,0.3959,features,135,439.04,-19.59,33,30,3,7,35,2,0,0,112.09
2026-09-27_18-00-00,2026-09-27_18-00-06_2028x1520.jpg,2026-09-27,2028x1520,s,0.3959,features,135,439.04,-19.59,35,31,4,5,37,1,1,0,359.73
2026-09-27_18-00-00,2026-09-27_18-00-06_2028x1520.jpg,2026-09-27,2028x1520,m,0.3959,features,135,439.04,-19.59,38,33,5,2,40,2,0,0,763.06
2026-09-27_18-00-00,2026-09-27_18-00-08_4056x3040.jpg,2026-09-27,4056x3040,n,0.3959,features,135,439.04,-19.59,32,30,2,8,32,0,0,0,124.15
2026-09-27_18-00-00,2026-09-27_18-00-08_4056x3040.jpg,2026-09-27,4056x3040,s,0.3959,features,135,439.04,-19.59,35,33,2,5,37,1,1,0,320.26
2026-09-27_18-00-00,2026-09-27_18-00-08_4056x3040.jpg,2026-09-27,4056x3040,m,0.3959,features,135,439.04,-19.59,36,34,2,4,37,1,0,1,785.83
2026-09-27_18-15-00,2026-09-27_18-15-00_640x480.jpg,2026-09-27,640x480,n,0.3994,features,156,437.53,-19.91,32,30,2,8,32,0,0,0,105.41
2026-09-27_18-15-00,2026-09-27_18-15-00_640x480.jpg,2026-09-27,640x480,s,0.3994,features,156,437.53,-19.91,37,32,5,3,38,0,1,0,264.91
2026-09-27_18-15-00,2026-09-27_18-15-00_640x480.jpg,2026-09-27,640x480,m,0.3994,features,156,437.53,-19.91,37,33,4,3,38,1,0,0,673.16
2026-09-27_18-15-00,2026-09-27_18-15-02_1332x990.jpg,2026-09-27,1332x990,n,0.3994,features,156,437.53,-19.91,33,30,3,7,34,1,0,0,95.52
2026-09-27_18-15-00,2026-09-27_18-15-02_1332x990.jpg,2026-09-27,1332x990,s,0.3994,features,156,437.53,-19.91,36,33,3,4,38,1,1,0,272.09
2026-09-27_18-15-00,2026-09-27_18-15-02_1332x990.jpg,2026-09-27,1332x990,m,0.3994,features,156,437.53,-19.91,38,34,4,2,38,0,0,1,689.02
2026-09-27_18-15-00,2026-09-27_18-15-05_2028x1520.jpg,2026-09-27,2028x1520,n,0.3994,features,156,437.53,-19.91,33,30,3,7,33,0,0,0,97.19
2026-09-27_18-15-00,2026-09-27_18-15-05_2028x1520.jpg,2026-09-27,2028x1520,s,0.3994,features,156,437.53,-19.91,37,33,4,3,39,1,1,0,266.18
2026-09-27_18-15-00,2026-09-27_18-15-05_2028x1520.jpg,2026-09-27,2028x1520,m,0.3994,features,156,437.53,-19.91,39,33,6,1,40,1,0,0,672.59
2026-09-27_18-15-00,2026-09-27_18-15-08_4056x3040.jpg,2026-09-27,4056x3040,n,0.3994,features,156,437.53,-19.91,33,30,3,7,34,1,0,0,95.35
2026-09-27_18-15-00,2026-09-27_18-15-08_4056x3040.jpg,2026-09-27,4056x3040,s,0.3994,features,156,437.53,-19.91,38,35,3,2,41,2,1,1,291.5
2026-09-27_18-15-00,2026-09-27_18-15-08_4056x3040.jpg,2026-09-27,4056x3040,m,0.3994,features,156,437.53,-19.91,38,33,5,2,38,0,0,0,677.93
2026-09-27_18-30-00,2026-09-27_18-30-00_640x480.jpg,2026-09-27,640x480,n,0.4002,features,162,438.19,-19.57,31,30,1,9,31,0,0,0,100.52
2026-09-27_18-30-00,2026-09-27_18-30-00_640x480.jpg,2026-09-27,640x480,s,0.4002,features,162,438.19,-19.57,35,31,4,5,38,3,0,0,281.89
2026-09-27_18-30-00,2026-09-27_18-30-00_640x480.jpg,2026-09-27,640x480,m,0.4002,features,162,438.19,-19.57,37,33,4,3,38,1,0,0,701.53
2026-09-27_18-30-00,2026-09-27_18-30-03_1332x990.jpg,2026-09-27,1332x990,n,0.4002,features,162,438.19,-19.57,33,30,3,7,34,1,0,0,91.51
2026-09-27_18-30-00,2026-09-27_18-30-03_1332x990.jpg,2026-09-27,1332x990,s,0.4002,features,162,438.19,-19.57,36,34,2,4,36,0,0,1,341.37
2026-09-27_18-30-00,2026-09-27_18-30-03_1332x990.jpg,2026-09-27,1332x990,m,0.4002,features,162,438.19,-19.57,38,33,5,2,40,2,0,0,678.32
2026-09-27_18-30-00,2026-09-27_18-30-06_2028x1520.jpg,2026-09-27,2028x1520,n,0.4002,features,162,438.19,-19.57,32,30,2,8,33,1,0,0,103.69
2026-09-27_18-30-00,2026-09-27_18-30-06_2028x1520.jpg,2026-09-27,2028x1520,s,0.4002,features,162,438.19,-19.57,36,33,3,4,37,1,0,0,286.69
2026-09-27_18-30-00,2026-09-27_18-30-06_2028x1520.jpg,2026-09-27,2028x1520,m,0.4002,features,162,438.19,-19.57,37,33,4,3,38,1,0,0,710.9
2026-09-27_18-30-00,2026-09-27_18-30-08_4056x3040.jpg,2026-09-27,4056x3040,n,0.4002,features,162,438.19,-19.57,33,31,2,7,35,2,0,0,86.6
2026-09-27_18-30-00,2026-09-27_18-30-08_4056x3040.jpg,2026-09-27,4056x3040,s,0.4002,features,162,438.19,-19.57,37,33,4,3,38,1,0,0,252.83
2026-09-27_18-30-00,2026-09-27_18-30-08_4056x3040.jpg,2026-09-27,4056x3040,m,0.4002,features,162,438.19,-19.57,36,33,3,4,36,0,0,0,731.37
2026-09-27_18-45-00,2026-09-27_18-45-00_640x480.jpg,2026-09-27,640x480,n,0.3925,features,121,437.33,-17.33,33,31,2,7,34,1,0,0,88.06
2026-09-27_18-45-00,2026-09-27_18-45-00_640x480.jpg,2026-09-27,640x480,s,0.3925,features,121,437.33,-17.33,37,32,5,3,38,1,0,0,260.41
2026-09-27_18-45-00,2026-09-27_18-45-00_640x480.jpg,2026-09-27,640x480,m,0.3925,features,121,437.33,-17.33,36,32,4,4,37,1,0,0,672.56
2026-09-27_18-45-00,2026-09-27_18-45-02_1332x990.jpg,2026-09-27,1332x990,n,0.3925,features,121,437.33,-17.33,33,31,2,7,34,1,0,0,92.68
2026-09-27_18-45-00,2026-09-27_18-45-02_1332x990.jpg,2026-09-27,1332x990,s,0.3925,features,121,437.33,-17.33,38,34,4,2,40,2,0,1,269.73
2026-09-27_18-45-00,2026-09-27_18-45-02_1332x990.jpg,2026-09-27,1332x990,m,0.3925,features,121,437.33,-17.33,34,33,1,6,34,0,0,0,693.16
2026-09-27_18-45-00,2026-09-27_18-45-05_2028x1520.jpg,2026-09-27,2028x1520,n,0.3925,features,121,437.33,-17.33,33,30,3,7,34,1,0,0,83.65
2026-09-27_18-45-00,2026-09-27_18-45-05_2028x1520.jpg,2026-09-27,2028x1520,s,0.3925,features,121,437.33,-17.33,33,31,2,7,35,2,0,0,267.35
2026-09-27_18-45-00,2026-09-27_18-45-05_2028x1520.jpg,2026-09-27,2028x1520,m,0.3925,features,121,437.33,-17.33,35,33,2,5,35,0,0,0,747.52
2026-09-27_18-45-00,2026-09-27_18-45-08_4056x3040.jpg,2026-09-27,4056x3040,n,0.3925,features,121,437.33,-17.33,32,30,2,8,33,1,0,0,103.7
2026-09-27_18-45-00,2026-09-27_18-45-08_4056x3040.jpg,2026-09-27,4056x3040,s,0.3925,features,121,437.33,-17.33,36,33,3,4,37,1,0,0,286.43
2026-09-27_18-45-00,2026-09-27_18-45-08_4056x3040.jpg,2026-09-27,4056x3040,m,0.3925,features,121,437.33,-17.33,36,33,3,4,38,2,0,0,707.1
2026-09-28_08-00-00,2026-09-28_08-00-00_640x480.jpg,2026-09-28,640x480,n,0.4095,features,152,435.35,-20.41,32,30,2,8,32,0,0,0,71.47
2026-09-28_08-00-00,2026-09-28_08-00-00_640x480.jpg,2026-09-28,640x480,s,0.4095,features,152,435.35,-20.41,37,33,4,3,38,0,1,0,277.91
2026-09-28_08-00-00,2026-09-28_08-00-00_640x480.jpg,2026-09-28,640x480,m,0.4095,features,152,435.35,-20.41,38,33,5,2,38,0,0,0,692.58
2026-09-28_08-00-00,2026-09-28_08-00-03_1332x990.jpg,2026-09-28,1332x990,n,0.4095,features,152,435.35,-20.41,34,31,3,6,34,0,0,0,90.46
2026-09-28_08-00-00,2026-09-28_08-00-03_1332x990.jpg,2026-09-28,1332x990,s,0.4095,features,152,435.35,-20.41,37,34,3,3,39,1,1,1,286.96
2026-09-28_08-00-00,2026-09-28_08-00-03_1332x990.jpg,2026-09-28,1332x990,m,0.4095,features,152,435.35,-20.41,38,33,5,2,39,1,0,0,737.5
2026-09-28_08-00-00,2026-09-28_08-00-06_2028x1520.jpg,2026-09-28,2028x1520,n,0.4095,features,152,435.35,-20.41,34,31,3,6,34,0,0,0,92.19
2026-09-28_08-00-00,2026-09-28_08-00-06_2028x1520.jpg,2026-09-28,2028x1520,s,0.4095,features,152,435.35,-20.41,38,35,3,2,38,0,0,1,277.94
2026-09-28_08-00-00,2026-09-28_08-00-06_2028x1520.jpg,2026-09-28,2028x1520,m,0.4095,features,152,435.35,-20.41,37,33,4,3,38,1,0,0,685.12
2026-09-28_08-00-00,2026-09-28_08-00-08_4056x3040.jpg,2026-09-28,4056x3040,n,0.4095,features,152,435.35,-20.41,33,31,2,7,33,0,0,0,94.92
2026-09-28_08-00-00,2026-09-28_08-00-08_4056x3040.jpg,2026-09-28,4056x3040,s,0.4095,features,152,435.35,-20.41,38,36,2,2,38,0,0,1,314.85
2026-09-28_08-00-00,2026-09-28_08-00-08_4056x3040.jpg,2026-09-28,4056x3040,m,0.4095,features,152,435.35,-20.41,37,33,4,3,37,0,0,0,756.56
2026-09-28_08-15-00,2026-09-28_08-15-00_640x480.jpg,2026-09-28,640x480,n,0.406,features,152,436.06,-19.61,32,30,2,8,32,0,0,0,89.44
2026-09-28_08-15-00,2026-09-28_08-15-00_640x480.jpg,2026-09-28,640x480,s,0.406,features,152,436.06,-19.61,36,33,3,4,38,0,2,0,303.4
2026-09-28_08-15-00,2026-09-28_08-15-00_640x480.jpg,2026-09-28,640x480,m,0.406,features,152,436.06,-19.61,38,33,5,2,38,0,0,0,796.33
2026-09-28_08-15-00,2026-09-28_08-15-02_1332x990.jpg,2026-09-28,1332x990,n,0.406,features,152,436.06,-19.61,33,30,3,7,33,0,0,0,93.86
2026-09-28_08-15-00,2026-09-28_08-15-02_1332x990.jpg,2026-09-28,1332x990,s,0.406,features,152,436.06,-19.61,38,35,3,2,40,1,1,1,262.61
2026-09-28_08-15-00,2026-09-28_08-15-02_1332x990.jpg,2026-09-28,1332x990,m,0.406,features,152,436.06,-19.61,37,33,4,3,37,0,0,0,735.01
2026-09-28_08-15-00,2026-09-28_08-15-05_2028x1520.jpg,2026-09-28,2028x1520,n,0.406,features,152,436.06,-19.61,34,32,2,6,34,0,0,0,119.56
2026-09-28_08-15-00,2026-09-28_08-15-05_2028x1520.jpg,2026-09-28,2028x1520,s,0.406,features,152,436.06,-19.61,39,36,3,1,40,0,1,1,273.92
2026-09-28_08-15-00,2026-09-28_08-15-05_2028x1520.jpg,2026-09-28,2028x1520,m,0.406,features,152,436.06,-19.61,37,34,3,3,39,2,0,1,708.12
2026-09-28_08-15-00,2026-09-28_08-15-08_4056x3040.jpg,2026-09-28,4056x3040,n,0.406,features,152,436.06,-19.61,33,31,2,7,33,0,0,0,94.43
2026-09-28_08-15-00,2026-09-28_08-15-08_4056x3040.jpg,2026-09-28,4056x3040,s,0.406,features,152,436.06,-19.61,37,34,3,3,37,0,0,1,264.56
2026-09-28_08-15-00,2026-09-28_08-15-08_4056x3040.jpg,2026-09-28,4056x3040,m,0.406,features,152,436.06,-19.61,36,33,3,4,36,0,0,0,700.71
2026-09-28_08-30-00,2026-09-28_08-30-00_640x480.jpg,2026-09-28,640x480,n,0.4072,features,152,436.25,-20.12,31,30,1,9,31,0,0,0,93.41
2026-09-28_08-30-00,2026-09-28_08-30-00_640x480.jpg,2026-09-28,640x480,s,0.4072,features,152,436.25,-20.12,37,32,5,3,39,1,1,0,300.76
2026-09-28_08-30-00,2026-09-28_08-30-00_640x480.jpg,2026-09-28,640x480,m,0.4072,features,152,436.25,-20.12,38,32,6,2,40,2,0,0,702.59
2026-09-28_08-30-00,2026-09-28_08-30-03_1332x990.jpg,2026-09-28,1332x990,n,0.4072,features,152,436.25,-20.12,35,32,3,5,36,1,0,0,107.49
2026-09-28_08-30-00,2026-09-28_08-30-03_1332x990.jpg,2026-09-28,1332x990,s,0.4072,features,152,436.25,-20.12,38,35,3,2,39,1,0,1,271.09
2026-09-28_08-30-00,2026-09-28_08-30-03_1332x990.jpg,2026-09-28,1332x990,m,0.4072,features,152,436.25,-20.12,37,33,4,3,37,0,0,0,683.76
2026-09-28_08-30-00,2026-09-28_08-30-05_2028x1520.jpg,2026-09-28,2028x1520,n,0.4072,features,152,436.25,-20.12,33,31,2,7,34,1,0,0,90.7
2026-09-28_08-30-00,2026-09-28_08-30-05_2028x1520.jpg,2026-09-28,2028x1520,s,0.4072,features,152,436.25,-20.12,38,36,2,2,38,0,0,1,254.57
2026-09-28_08-30-00,2026-09-28_08-30-05_2028x1520.jpg,2026-09-28,2028x1520,m,0.4072,features,152,436.25,-20.12,38,34,4,2,39,1,0,1,704.84
2026-09-28_08-30-00,2026-09-28_08-30-08_4056x3040.jpg,2026-09-28,4056x3040,n,0.4072,features,152,436.25,-20.12,33,32,1,7,34,1,0,0,90.81
2026-09-28_08-30-00,2026-09-28_08-30-08_4056x3040.jpg,2026-09-28,4056x3040,s,0.4072,features,152,436.25,-20.12,37,35,2,3,37,0,0,1,264.21
2026-09-28_08-30-00,2026-09-28_08-30-08_4056x3040.jpg,2026-09-28,4056x3040,m,0.4072,features,152,436.25,-20.12,38,34,4,2,38,0,0,1,720.0
2026-09-28_08-45-00,2026-09-28_08-45-00_640x480.jpg,2026-09-28,640x480,n,0.4113,features,156,435.33,-20.37,34,30,4,6,34,0,0,0,105.78
2026-09-28_08-45-00,2026-09-28_08-45-00_640x480.jpg,2026-09-28,640x480,s,0.4113,features,156,435.33,-20.37,37,32,5,3,38,0,1,0,317.19
2026-09-28_08-45-00,2026-09-28_08-45-00_640x480.jpg,2026-09-28,640x480,m,0.4113,features,156,435.33,-20.37,37,33,4,3,38,1,0,0,764.07
2026-09-28_08-45-00,2026-09-28_08-45-02_1332x990.jpg,2026-09-28,1332x990,n,0.4113,features,156,435.33,-20.37,36,34,2,4,36,0,0,1,96.29
2026-09-28_08-45-00,2026-09-28_08-45-02_1332x990.jpg,2026-09-28,1332x990,s,0.4113,features,156,435.33,-20.37,36,35,1,4,37,0,1,1,280.96
2026-09-28_08-45-00,2026-09-28_08-45-02_1332x990.jpg,2026-09-28,1332x990,m,0.4113,features,156,435.33,-20.37,38,34,4,2,39,1,0,1,761.53
2026-09-28_08-45-00,2026-09-28_08-45-05_2028x1520.jpg,2026-09-28,2028x1520,n,0.4113,features,156,435.33,-20.37,35,32,3,5,35,0,0,0,96.9
2026-09-28_08-45-00,2026-09-28_08-45-05_2028x1520.jpg,2026-09-28,2028x1520,s,0.4113,features,156,435.33,-20.37,37,34,3,3,37,0,0,1,254.98
2026-09-28_08-45-00,2026-09-28_08-45-05_2028x1520.jpg,2026-09-28,2028x1520,m,0.4113,features,156,435.33,-20.37,37,33,4,3,37,0,0,0,637.89
2026-09-28_08-45-00,2026-09-28_08-45-08_4056x3040.jpg,2026-09-28,4056x3040,n,0.4113,features,156,435.33,-20.37,35,32,3,5,35,0,0,0,94.7
2026-09-28_08-45-00,2026-09-28_08-45-08_4056x3040.jpg,2026-09-28,4056x3040,s,0.4113,features,156,435.33,-20.37,37,34,3,3,37,0,0,1,258.76
2026-09-28_08-45-00,2026-09-28_08-45-08_4056x3040.jpg,2026-09-28,4056x3040,m,0.4113,features,156,435.33,-20.37,36,33,3,4,37,1,0,0,720.22
2026-09-28_09-15-00,2026-09-28_09-15-00_640x480.jpg,2026-09-28,640x480,n,0.414,features,179,435.39,-21.14,32,30,2,8,32,0,0,0,90.56
2026-09-28_09-15-00,2026-09-28_09-15-00_640x480.jpg,2026-09-28,640x480,s,0.414,features,179,435.39,-21.14,37,33,4,3,39,1,1,0,252.95
2026-09-28_09-15-00,2026-09-28_09-15-00_640x480.jpg,2026-09-28,640x480,m,0.414,features,179,435.39,-21.14,38,34,4,2,40,2,0,1,689.01
2026-09-28_09-15-00,2026-09-28_09-15-03_1332x990.jpg,2026-09-28,1332x990,n,0.414,features,179,435.39,-21.14,35,33,2,5,35,0,0,0,83.79
2026-09-28_09-15-00,2026-09-28_09-15-03_1332x990.jpg,2026-09-28,1332x990,s,0.414,features,179,435.39,-21.14,36,34,2,4,37,0,1,1,247.53
2026-09-28_09-15-00,2026-09-28_09-15-03_1332x990.jpg,2026-09-28,1332x990,m,0.414,features,179,435.39,-21.14,38,33,5,2,39,1,0,0,682.9
2026-09-28_09-15-00,2026-09-28_09-15-05_2028x1520.jpg,2026-09-28,2028x1520,n,0.414,features,179,435.39,-21.14,35,32,3,5,35,0,0,0,91.54
2026-09-28_09-15-00,2026-09-28_09-15-05_2028x1520.jpg,2026-09-28,2028x1520,s,0.414,features,179,435.39,-21.14,38,35,3,2,38,0,0,1,302.76
2026-09-28_09-15-00,2026-09-28_09-15-05_2028x1520.jpg,2026-09-28,2028x1520,m,0.414,features,179,435.39,-21.14,37,34,3,3,38,1,0,1,705.95
2026-09-28_09-15-00,2026-09-28_09-15-08_4056x3040.jpg,2026-09-28,4056x3040,n,0.414,features,179,435.39,-21.14,35,32,3,5,35,0,0,0,93.33
2026-09-28_09-15-00,2026-09-28_09-15-08_4056x3040.jpg,2026-09-28,4056x3040,s,0.414,features,179,435.39,-21.14,36,34,2,4,37,0,1,1,302.18
2026-09-28_09-15-00,2026-09-28_09-15-08_4056x3040.jpg,2026-09-28,4056x3040,m,0.414,features,179,435.39,-21.14,39,34,5,1,40,1,0,1,681.9
2026-09-28_09-30-00,2026-09-28_09-30-00_640x480.jpg,2026-09-28,640x480,n,0.4096,features,158,435.64,-21.51,32,30,2,8,32,0,0,0,103.39
2026-09-28_09-30-00,2026-09-28_09-30-00_640x480.jpg,2026-09-28,640x480,s,0.4096,features,158,435.64,-21.51,37,33,4,3,40,1,2,0,270.96
2026-09-28_09-30-00,2026-09-28_09-30-00_640x480.jpg,2026-09-28,640x480,m,0.4096,features,158,435.64,-21.51,38,33,5,2,38,0,0,0,726.26
2026-09-28_09-30-00,2026-09-28_09-30-03_1332x990.jpg,2026-09-28,1332x990,n,0.4096,features,158,435.64,-21.51,34,32,2,6,35,1,0,0,92.95
2026-09-28_09-30-00,2026-09-28_09-30-03_1332x990.jpg,2026-09-28,1332x990,s,0.4096,features,158,435.64,-21.51,38,35,3,2,39,0,1,1,284.57
2026-09-28_09-30-00,2026-09-28_09-30-03_1332x990.jpg,2026-09-28,1332x990,m,0.4096,features,158,435.64,-21.51,37,34,3,3,37,0,0,1,650.88
2026-09-28_09-30-00,2026-09-28_09-30-06_2028x1520.jpg,2026-09-28,2028x1520,n,0.4096,features,158,435.64,-21.51,36,33,3,4,36,0,0,0,90.62
2026-09-28_09-30-00,2026-09-28_09-30-06_2028x1520.jpg,2026-09-28,2028x1520,s,0.4096,features,158,435.64,-21.51,38,35,3,2,39,0,1,1,263.93
2026-09-28_09-30-00,2026-09-28_09-30-06_2028x1520.jpg,2026-09-28,2028x1520,m,0.4096,features,158,435.64,-21.51,38,35,3,2,41,3,0,1,662.77
2026-09-28_09-30-00,2026-09-28_09-30-08_4056x3040.jpg,2026-09-28,4056x3040,n,0.4096,features,158,435.64,-21.51,35,32,3,5,35,0,0,0,95.3
2026-09-28_09-30-00,2026-09-28_09-30-08_4056x3040.jpg,2026-09-28,4056x3040,s,0.4096,features,158,435.64,-21.51,37,35,2,3,38,0,1,1,256.44
2026-09-28_09-30-00,2026-09-28_09-30-08_4056x3040.jpg,2026-09-28,4056x3040,m,0.4096,features,158,435.64,-21.51,37,35,2,3,40,3,0,1,730.19
2026-09-28_09-45-00,2026-09-28_09-45-00_640x480.jpg,2026-09-28,640x480,n,0.416,features,160,436.0,-22.01,33,31,2,7,33,0,0,0,111.16
2026-09-28_09-45-00,2026-09-28_09-45-00_640x480.jpg,2026-09-28,640x480,s,0.416,features,160,436.0,-22.01,36,33,3,4,39,1,2,0,284.47
2026-09-28_09-45-00,2026-09-28_09-45-00_640x480.jpg,2026-09-28,640x480,m,0.416,features,160,436.0,-22.01,37,34,3,3,38,1,0,1,778.2
2026-09-28_09-45-00,2026-09-28_09-45-02_1332x990.jpg,2026-09-28,1332x990,n,0.416,features,160,436.0,-22.01,33,30,3,7,33,0,0,0,102.31
2026-09-28_09-45-00,2026-09-28_09-45-02_1332x990.jpg,2026-09-28,1332x990,s,0.416,features,160,436.0,-22.01,38,35,3,2,39,0,1,1,279.72
2026-09-28_09-45-00,2026-09-28_09-45-02_1332x990.jpg,2026-09-28,1332x990,m,0.416,features,160,436.0,-22.01,38,35,3,2,38,0,0,1,661.37
2026-09-28_09-45-00,2026-09-28_09-45-05_2028x1520.jpg,2026-09-28,2028x1520,n,0.416,features,160,436.0,-22.01,35,32,3,5,35,0,0,0,94.01
2026-09-28_09-45-00,2026-09-28_09-45-05_2028x1520.jpg,2026-09-28,2028x1520,s,0.416,features,160,436.0,-22.01,38,36,2,2,40,1,1,1,292.65
2026-09-28_09-45-00,2026-09-28_09-45-05_2028x1520.jpg,2026-09-28,2028x1520,m,0.416,features,160,436.0,-22.01,36,34,2,4,36,0,0,1,758.65
2026-09-28_09-45-00,2026-09-28_09-45-08_4056x3040.jpg,2026-09-28,4056x3040,n,0.416,features,160,436.0,-22.01,34,32,2,6,34,0,0,0,94.55
2026-09-28_09-45-00,2026-09-28_09-45-08_4056x3040.jpg,2026-09-28,4056x3040,s,0.416,features,160,436.0,-22.01,36,34,2,4,36,0,0,1,296.49
2026-09-28_09-45-00,2026-09-28_09-45-08_4056x3040.jpg,2026-09-28,4056x3040,m,0.416,features,160,436.0,-22.01,38,36,2,2,39,1,0,1,708.1
2026-09-28_10-00-00,2026-09-28_10-00-00_640x480.jpg,2026-09-28,640x480,n,0.4097,features,167,435.32,-20.94,33,30,3,7,33,0,0,0,116.11
2026-09-28_10-00-00,2026-09-28_10-00-00_640x480.jpg,2026-09-28,640x480,s,0.4097,features,167,435.32,-20.94,37,33,4,3,38,0,1,0,289.96
2026-09-28_10-00-00,2026-09-28_10-00-00_640x480.jpg,2026-09-28,640x480,m,0.4097,features,167,435.32,-20.94,37,34,3,3,39,2,0,1,785.16
2026-09-28_10-00-00,2026-09-28_10-00-03_1332x990.jpg,2026-09-28,1332x990,n,0.4097,features,167,435.32,-20.94,34,32,2,6,34,0,0,0,94.47
2026-09-28_10-00-00,2026-09-28_10-00-03_1332x990.jpg,2026-09-28,1332x990,s,0.4097,features,167,435.32,-20.94,37,36,1,3,37,0,0,1,285.2
2026-09-28_10-00-00,2026-09-28_10-00-03_1332x990.jpg,2026-09-28,1332x990,m,0.4097,features,167,435.32,-20.94,36,34,2,4,36,0,0,1,727.79
2026-09-28_10-00-00,2026-09-28_10-00-06_2028x1520.jpg,2026-09-28,2028x1520,n,0.4097,features,167,435.32,-20.94,35,32,3,5,35,0,0,0,106.25
2026-09-28_10-00-00,2026-09-28_10-00-06_2028x1520.jpg,2026-09-28,2028x1520,s,0.4097,features,167,435.32,-20.94,37,35,2,3,37,0,0,1,323.93
2026-09-28_10-00-00,2026-09-28_10-00-06_2028x1520.jpg,2026-09-28,2028x1520,m,0.4097,features,167,435.32,-20.94,38,35,3,2,39,1,0,1,716.46
2026-09-28_10-00-00,2026-09-28_10-00-08_4056x3040.jpg,2026-09-28,4056x3040,n,0.4097,features,167,435.32,-20.94,35,32,3,5,35,0,0,0,102.53
2026-09-28_10-00-00,2026-09-28_10-00-08_4056x3040.jpg,2026-09-28,4056x3040,s,0.4097,features,167,435.32,-20.94,37,34,3,3,38,1,0,1,322.94
2026-09-28_10-00-00,2026-09-28_10-00-08_4056x3040.jpg,2026-09-28,4056x3040,m,0.4097,features,167,435.32,-20.94,36,34,2,4,38,2,0,1,724.84
2026-09-28_10-15-00,2026-09-28_10-15-00_640x480.jpg,2026-09-28,640x480,n,0.416,features,162,436.19,-21.37,33,30,3,7,33,0,0,0,100.25
2026-09-28_10-15-00,2026-09-28_10-15-00_640x480.jpg,2026-09-28,640x480,s,0.416,features,162,436.19,-21.37,38,34,4,2,38,0,0,1,292.24
2026-09-28_10-15-00,2026-09-28_10-15-00_640x480.jpg,2026-09-28,640x480,m,0.416,features,162,436.19,-21.37,39,34,5,1,42,3,0,1,721.66
2026-09-28_10-15-00,2026-09-28_10-15-02_1332x990.jpg,2026-09-28,1332x990,n,0.416,features,162,436.19,-21.37,34,32,2,6,34,0,0,0,92.01
2026-09-28_10-15-00,2026-09-28_10-15-02_1332x990.jpg,2026-09-28,1332x990,s,0.416,features,162,436.19,-21.37,37,35,2,3,37,0,0,1,313.45
2026-09-28_10-15-00,2026-09-28_10-15-02_1332x990.jpg,2026-09-28,1332x990,m,0.416,features,162,436.19,-21.37,38,35,3,2,38,0,0,1,723.68
2026-09-28_10-15-00,2026-09-28_10-15-05_2028x1520.jpg,2026-09-28,2028x1520,n,0.416,features,162,436.19,-21.37,34,32,2,6,34,0,0,0,119.17
2026-09-28_10-15-00,2026-09-28_10-15-05_2028x1520.jpg,2026-09-28,2028x1520,s,0.416,features,162,436.19,-21.37,39,36,3,1,39,0,0,1,311.32
2026-09-28_10-15-00,2026-09-28_10-15-05_2028x1520.jpg,2026-09-28,2028x1520,m,0.416,features,162,436.19,-21.37,37,35,2,3,38,1,0,1,710.84
2026-09-28_10-15-00,2026-09-28_10-15-08_4056x3040.jpg,2026-09-28,4056x3040,n,0.416,features,162,436.19,-21.37,33,31,2,7,33,0,0,0,87.47
2026-09-28_10-15-00,2026-09-28_10-15-08_4056x3040.jpg,2026-09-28,4056x3040,s,0.416,features,162,436.19,-21.37,36,34,2,4,36,0,0,1,308.22
2026-09-28_10-15-00,2026-09-28_10-15-08_4056x3040.jpg,2026-09-28,4056x3040,m,0.416,features,162,436.19,-21.37,37,35,2,3,38,1,0,1,714.63
2026-09-28_10-30-00,2026-09-28_10-30-00_640x480.jpg,2026-09-28,640x480,n,0.4061,features,181,436.45,-21.54,33,30,3,7,33,0,0,0,113.55
2026-09-28_10-30-00,2026-09-28_10-30-00_640x480.jpg,2026-09-28,640x480,s,0.4061,features,181,436.45,-21.54,37,33,4,3,38,0,1,0,303.41
2026-09-28_10-30-00,2026-09-28_10-30-00_640x480.jpg,2026-09-28,640x480,m,0.4061,features,181,436.45,-21.54,39,33,6,1,41,2,0,0,695.87
2026-09-28_10-30-00,2026-09-28_10-30-03_1332x990.jpg,2026-09-28,1332x990,n,0.4061,features,181,436.45,-21.54,34,32,2,6,34,0,0,0,91.35
2026-09-28_10-30-00,2026-09-28_10-30-03_1332x990.jpg,2026-09-28,1332x990,s,0.4061,features,181,436.45,-21.54,39,35,4,1,40,0,1,1,279.99
2026-09-28_10-30-00,2026-09-28_10-30-03_1332x990.jpg,2026-09-28,1332x990,m,0.4061,features,181,436.45,-21.54,38,34,4,2,38,0,0,1,715.17
2026-09-28_10-30-00,2026-09-28_10-30-05_2028x1520.jpg,2026-09-28,2028x1520,n,0.4061,features,181,436.45,-21.54,33,31,2,7,33,0,0,0,105.04
2026-09-28_10-30-00,2026-09-28_10-30-05_2028x1520.jpg,2026-09-28,2028x1520,s,0.4061,features,181,436.45,-21.54,36,34,2,4,36,0,0,1,259.17
2026-09-28_10-30-00,2026-09-28_10-30-05_2028x1520.jpg,2026-09-28,2028x1520,m,0.4061,features,181,436.45,-21.54,37,35,2,3,39,2,0,1,724.37
2026-09-28_10-30-00,2026-09-28_10-30-08_4056x3040.jpg,2026-09-28,4056x3040,n,0.4061,features,181,436.45,-21.54,33,31,2,7,33,0,0,0,96.05
2026-09-28_10-30-00,2026-09-28_10-30-08_4056x3040.jpg,2026-09-28,4056x3040,s,0.4061,features,181,436.45,-21.54,39,35,4,1,41,0,2,1,275.9
2026-09-28_10-30-00,2026-09-28_10-30-08_4056x3040.jpg,2026-09-28,4056x3040,m,0.4061,features,181,436.45,-21.54,38,34,4,2,39,1,0,1,741.03
2026-09-28_10-45-00,2026-09-28_10-45-00_640x480.jpg,2026-09-28,640x480,n,0.411,features,196,435.12,-22.5,33,30,3,7,33,0,0,0,113.88
2026-09-28_10-45-00,2026-09-28_10-45-00_640x480.jpg,2026-09-28,640x480,s,0.411,features,196,435.12,-22.5,36,32,4,4,38,1,1,0,307.62
2026-09-28_10-45-00,2026-09-28_10-45-00_640x480.jpg,2026-09-28,640x480,m,0.411,features,196,435.12,-22.5,39,32,7,1,40,1,0,0,703.39
2026-09-28_10-45-00,2026-09-28_10-45-02_1332x990.jpg,2026-09-28,1332x990,n,0.411,features,196,435.12,-22.5,32,30,2,8,32,0,0,0,103.49
2026-09-28_10-45-00,2026-09-28_10-45-02_1332x990.jpg,2026-09-28,1332x990,s,0.411,features,196,435.12,-22.5,37,35,2,3,39,0,2,1,249.15
2026-09-28_10-45-00,2026-09-28_10-45-02_1332x990.jpg,2026-09-28,1332x990,m,0.411,features,196,435.12,-22.5,39,34,5,1,39,0,0,1,674.88
2026-09-28_10-45-00,2026-09-28_10-45-05_2028x1520.jpg,2026-09-28,2028x1520,n,0.411,features,196,435.12,-22.5,34,32,2,6,34,0,0,0,94.42
2026-09-28_10-45-00,2026-09-28_10-45-05_2028x1520.jpg,2026-09-28,2028x1520,s,0.411,features,196,435.12,-22.5,37,35,2,3,39,0,2,1,278.25
2026-09-28_10-45-00,2026-09-28_10-45-05_2028x1520.jpg,2026-09-28,2028x1520,m,0.411,features,196,435.12,-22.5,39,35,4,1,41,2,0,1,751.53
2026-09-28_10-45-00,2026-09-28_10-45-08_4056x3040.jpg,2026-09-28,4056x3040,n,0.411,features,196,435.12,-22.5,33,31,2,7,33,0,0,0,110.09
2026-09-28_10-45-00,2026-09-28_10-45-08_4056x3040.jpg,2026-09-28,4056x3040,s,0.411,features,196,435.12,-22.5,38,35,3,2,41,0,3,1,301.65
2026-09-28_10-45-00,2026-09-28_10-45-08_4056x3040.jpg,2026-09-28,4056x3040,m,0.411,features,196,435.12,-22.5,38,34,4,2,39,1,0,1,794.92
2026-09-28_11-00-00,2026-09-28_11-00-00_640x480.jpg,2026-09-28,640x480,n,0.4085,features,189,435.89,-20.5,33,30,3,7,33,0,0,0,126.13
2026-09-28_11-00-00,2026-09-28_11-00-00_640x480.jpg,2026-09-28,640x480,s,0.4085,features,189,435.89,-20.5,36,32,4,4,39,1,2,0,339.37
2026-09-28_11-00-00,2026-09-28_11-00-00_640x480.jpg,2026-09-28,640x480,m,0.4085,features,189,435.89,-20.5,39,33,6,1,40,1,0,0,795.17
2026-09-28_11-00-00,2026-09-28_11-00-03_1332x990.jpg,2026-09-28,1332x990,n,0.4085,features,189,435.89,-20.5,33,31,2,7,33,0,0,0,95.16
2026-09-28_11-00-00,2026-09-28_11-00-03_1332x990.jpg,2026-09-28,1332x990,s,0.4085,features,189,435.89,-20.5,38,35,3,2,41,1,2,1,282.72
2026-09-28_11-00-00,2026-09-28_11-00-03_1332x990.jpg,2026-09-28,1332x990,m,0.4085,features,189,435.89,-20.5,39,35,4,1,39,0,0,1,817.13
2026-09-28_11-00-00,2026-09-28_11-00-05_2028x1520.jpg,2026-09-28,2028x1520,n,0.4085,features,189,435.89,-20.5,33,31,2,7,33,0,0,0,118.87
2026-09-28_11-00-00,2026-09-28_11-00-05_2028x1520.jpg,2026-09-28,2028x1520,s,0.4085,features,189,435.89,-20.5,37,36,1,3,39,0,2,1,340.8
2026-09-28_11-00-00,2026-09-28_11-00-05_2028x1520.jpg,2026-09-28,2028x1520,m,0.4085,features,189,435.89,-20.5,38,35,3,2,39,1,0,1,833.87
2026-09-28_11-00-00,2026-09-28_11-00-08_4056x3040.jpg,2026-09-28,4056x3040,n,0.4085,features,189,435.89,-20.5,34,31,3,6,34,0,0,0,124.06
2026-09-28_11-00-00,2026-09-28_11-00-08_4056x3040.jpg,2026-09-28,4056x3040,s,0.4085,features,189,435.89,-20.5,36,35,1,4,38,0,2,1,324.73
2026-09-28_11-00-00,2026-09-28_11-00-08_4056x3040.jpg,2026-09-28,4056x3040,m,0.4085,features,189,435.89,-20.5,38,34,4,2,40,2,0,1,837.9
2026-09-28_11-15-00,2026-09-28_11-15-00_640x480.jpg,2026-09-28,640x480,n,0.4114,features,172,436.36,-20.85,31,30,1,9,31,0,0,0,98.05
2026-09-28_11-15-00,2026-09-28_11-15-00_640x480.jpg,2026-09-28,640x480,s,0.4114,features,172,436.36,-20.85,38,32,6,2,39,0,1,0,309.88
2026-09-28_11-15-00,2026-09-28_11-15-00_640x480.jpg,2026-09-28,640x480,m,0.4114,features,172,436.36,-20.85,40,34,6,0,41,1,0,1,689.42
2026-09-28_11-15-00,2026-09-28_11-15-02_1332x990.jpg,2026-09-28,1332x990,n,0.4114,features,172,436.36,-20.85,34,32,2,6,34,0,0,0,98.71
2026-09-28_11-15-00,2026-09-28_11-15-02_1332x990.jpg,2026-09-28,1332x990,s,0.4114,features,172,436.36,-20.85,36,35,1,4,36,0,0,1,293.83
2026-09-28_11-15-00,2026-09-28_11-15-02_1332x990.jpg,2026-09-28,1332x990,m,0.4114,features,172,436.36,-20.85,38,35,3,2,39,1,0,1,759.7
2026-09-28_11-15-00,2026-09-28_11-15-05_2028x1520.jpg,2026-09-28,2028x1520,n,0.4114,features,172,436.36,-20.85,33,31,2,7,33,0,0,0,112.0
2026-09-28_11-15-00,2026-09-28_11-15-05_2028x1520.jpg,2026-09-28,2028x1520,s,0.4114,features,172,436.36,-20.85,37,35,2,3,37,0,0,1,285.06
2026-09-28_11-15-00,2026-09-28_11-15-05_2028x1520.jpg,2026-09-28,2028x1520,m,0.4114,features,172,436.36,-20.85,38,35,3,2,40,2,0,1,727.8
2026-09-28_11-15-00,2026-09-28_11-15-08_4056x3040.jpg,2026-09-28,4056x3040,n,0.4114,features,172,436.36,-20.85,35,33,2,5,35,0,0,0,116.13
2026-09-28_11-15-00,2026-09-28_11-15-08_4056x3040.jpg,2026-09-28,4056x3040,s,0.4114,features,172,436.36,-20.85,37,36,1,3,37,0,0,1,308.89
2026-09-28_11-15-00,2026-09-28_11-15-08_4056x3040.jpg,2026-09-28,4056x3040,m,0.4114,features,172,436.36,-20.85,39,35,4,1,40,1,0,1,747.37
2026-09-28_11-30-00,2026-09-28_11-30-00_640x480.jpg,2026-09-28,640x480,n,0.419,features,178,434.93,-20.85,33,30,3,7,33,0,0,0,389.31
2026-09-28_11-30-00,2026-09-28_11-30-00_640x480.jpg,2026-09-28,640x480,s,0.419,features,178,434.93,-20.85,37,33,4,3,38,0,1,0,853.51
2026-09-28_11-30-00,2026-09-28_11-30-00_640x480.jpg,2026-09-28,640x480,m,0.419,features,178,434.93,-20.85,38,34,4,2,38,0,0,1,2023.75
2026-09-28_11-30-00,2026-09-28_11-30-03_1332x990.jpg,2026-09-28,1332x990,n,0.419,features,178,434.93,-20.85,34,31,3,6,36,2,0,0,278.21
2026-09-28_11-30-00,2026-09-28_11-30-03_1332x990.jpg,2026-09-28,1332x990,s,0.419,features,178,434.93,-20.85,37,36,1,3,38,0,1,1,824.83
2026-09-28_11-30-00,2026-09-28_11-30-03_1332x990.jpg,2026-09-28,1332x990,m,0.419,features,178,434.93,-20.85,38,35,3,2,40,2,0,1,1985.57
2026-09-28_11-30-00,2026-09-28_11-30-05_2028x1520.jpg,2026-09-28,2028x1520,n,0.419,features,178,434.93,-20.85,35,32,3,5,35,0,0,0,265.95
2026-09-28_11-30-00,2026-09-28_11-30-05_2028x1520.jpg,2026-09-28,2028x1520,s,0.419,features,178,434.93,-20.85,37,35,2,3,38,0,1,1,805.2
2026-09-28_11-30-00,2026-09-28_11-30-05_2028x1520.jpg,2026-09-28,2028x1520,m,0.419,features,178,434.93,-20.85,37,35,2,3,37,0,0,1,1952.14
2026-09-28_11-30-00,2026-09-28_11-30-08_4056x3040.jpg,2026-09-28,4056x3040,n,0.419,features,178,434.93,-20.85,34,32,2,6,34,0,0,0,270.18
2026-09-28_11-30-00,2026-09-28_11-30-08_4056x3040.jpg,2026-09-28,4056x3040,s,0.419,features,178,434.93,-20.85,37,35,2,3,38,0,1,1,816.48
2026-09-28_11-30-00,2026-09-28_11-30-08_4056x3040.jpg,2026-09-28,4056x3040,m,0.419,features,178,434.93,-20.85,38,35,3,2,40,2,0,1,1953.39
2026-09-28_11-45-00,2026-09-28_11-45-00_640x480.jpg,2026-09-28,640x480,n,0.418,features,175,435.42,-20.95,33,30,3,7,33,0,0,0,280.71
2026-09-28_11-45-00,2026-09-28_11-45-00_640x480.jpg,2026-09-28,640x480,s,0.418,features,175,435.42,-20.95,38,33,5,2,39,0,1,0,800.61
2026-09-28_11-45-00,2026-09-28_11-45-00_640x480.jpg,2026-09-28,640x480,m,0.418,features,175,435.42,-20.95,36,33,3,4,37,1,0,0,1939.25
2026-09-28_11-45-00,2026-09-28_11-45-02_1332x990.jpg,2026-09-28,1332x990,n,0.418,features,175,435.42,-20.95,35,33,2,5,36,1,0,0,278.73
2026-09-28_11-45-00,2026-09-28_11-45-02_1332x990.jpg,2026-09-28,1332x990,s,0.418,features,175,435.42,-20.95,37,36,1,3,39,0,2,1,791.5
2026-09-28_11-45-00,2026-09-28_11-45-02_1332x990.jpg,2026-09-28,1332x990,m,0.418,features,175,435.42,-20.95,37,34,3,3,39,2,0,1,1942.26
2026-09-28_11-45-00,2026-09-28_11-45-05_2028x1520.jpg,2026-09-28,2028x1520,n,0.418,features,175,435.42,-20.95,35,32,3,5,35,0,0,0,274.66
2026-09-28_11-45-00,2026-09-28_11-45-05_2028x1520.jpg,2026-09-28,2028x1520,s,0.418,features,175,435.42,-20.95,36,34,2,4,37,0,1,1,811.07
2026-09-28_11-45-00,2026-09-28_11-45-05_2028x1520.jpg,2026-09-28,2028x1520,m,0.418,features,175,435.42,-20.95,37,34,3,3,38,1,0,1,1966.55
2026-09-28_11-45-00,2026-09-28_11-45-08_4056x3040.jpg,2026-09-28,4056x3040,n,0.418,features,175,435.42,-20.95,34,32,2,6,34,0,0,0,277.97
2026-09-28_11-45-00,2026-09-28_11-45-08_4056x3040.jpg,2026-09-28,4056x3040,s,0.418,features,175,435.42,-20.95,38,35,3,2,39,0,1,1,830.88
2026-09-28_11-45-00,2026-09-28_11-45-08_4056x3040.jpg,2026-09-28,4056x3040,m,0.418,features,175,435.42,-20.95,38,34,4,2,40,2,0,1,1954.46
2026-09-28_12-00-00,2026-09-28_12-00-00_640x480.jpg,2026-09-28,640x480,n,0.4138,features,174,436.26,-20.12,33,30,3,7,33,0,0,0,271.57
2026-09-28_12-00-00,2026-09-28_12-00-00_640x480.jpg,2026-09-28,640x480,s,0.4138,features,174,436.26,-20.12,36,32,4,4,37,0,1,0,801.8
2026-09-28_12-00-00,2026-09-28_12-00-00_640x480.jpg,2026-09-28,640x480,m,0.4138,features,174,436.26,-20.12,38,32,6,2,38,0,0,0,1954.84
2026-09-28_12-00-00,2026-09-28_12-00-03_1332x990.jpg,2026-09-28,1332x990,n,0.4138,features,174,436.26,-20.12,33,31,2,7,33,0,0,0,276.09
2026-09-28_12-00-00,2026-09-28_12-00-03_1332x990.jpg,2026-09-28,1332x990,s,0.4138,features,174,436.26,-20.12,37,35,2,3,37,0,0,1,802.96
2026-09-28_12-00-00,2026-09-28_12-00-03_1332x990.jpg,2026-09-28,1332x990,m,0.4138,features,174,436.26,-20.12,38,35,3,2,40,2,0,1,1767.78
2026-09-28_12-00-00,2026-09-28_12-00-05_2028x1520.jpg,2026-09-28,2028x1520,n,0.4138,features,174,436.26,-20.12,34,31,3,6,34,0,0,0,131.24
2026-09-28_12-00-00,2026-09-28_12-00-05_2028x1520.jpg,2026-09-28,2028x1520,s,0.4138,features,174,436.26,-20.12,38,35,3,2,39,0,1,1,332.95
2026-09-28_12-00-00,2026-09-28_12-00-05_2028x1520.jpg,2026-09-28,2028x1520,m,0.4138,features,174,436.26,-20.12,37,35,2,3,37,0,0,1,750.62
2026-09-28_12-00-00,2026-09-28_12-00-08_4056x3040.jpg,2026-09-28,4056x3040,n,0.4138,features,174,436.26,-20.12,34,32,2,6,34,0,0,0,121.31
2026-09-28_12-00-00,2026-09-28_12-00-08_4056x3040.jpg,2026-09-28,4056x3040,s,0.4138,features,174,436.26,-20.12,37,34,3,3,38,0,1,1,337.4
2026-09-28_12-00-00,2026-09-28_12-00-08_4056x3040.jpg,2026-09-28,4056x3040,m,0.4138,features,174,436.26,-20.12,37,35,2,3,39,2,0,1,818.96
2026-09-28_12-15-00,2026-09-28_12-15-00_640x480.jpg,2026-09-28,640x480,n,0.4155,features,167,436.13,-20.32,32,30,2,8,32,0,0,0,116.77
2026-09-28_12-15-00,2026-09-28_12-15-00_640x480.jpg,2026-09-28,640x480,s,0.4155,features,167,436.13,-20.32,38,34,4,2,39,0,1,1,317.62
2026-09-28_12-15-00,2026-09-28_12-15-00_640x480.jpg,2026-09-28,640x480,m,0.4155,features,167,436.13,-20.32,36,33,3,4,37,1,0,0,795.97
2026-09-28_12-15-00,2026-09-28_12-15-02_1332x990.jpg,2026-09-28,1332x990,n,0.4155,features,167,436.13,-20.32,34,31,3,6,34,0,0,0,99.55
2026-09-28_12-15-00,2026-09-28_12-15-02_1332x990.jpg,2026-09-28,1332x990,s,0.4155,features,167,436.13,-20.32,37,35,2,3,37,0,0,1,300.77
2026-09-28_12-15-00,2026-09-28_12-15-02_1332x990.jpg,2026-09-28,1332x990,m,0.4155,features,167,436.13,-20.32,39,34,5,1,41,2,0,1,726.29
2026-09-28_12-15-00,2026-09-28_12-15-05_2028x1520.jpg,2026-09-28,2028x1520,n,0.4155,features,167,436.13,-20.32,34,32,2,6,34,0,0,0,111.4
2026-09-28_12-15-00,2026-09-28_12-15-05_2028x1520.jpg,2026-09-28,2028x1520,s,0.4155,features,167,436.13,-20.32,38,35,3,2,40,0,2,1,275.22
2026-09-28_12-15-00,2026-09-28_12-15-05_2028x1520.jpg,2026-09-28,2028x1520,m,0.4155,features,167,436.13,-20.32,39,36,3,1,42,3,0,1,711.95
2026-09-28_12-15-00,2026-09-28_12-15-07_4056x3040.jpg,2026-09-28,4056x3040,n,0.4155,features,167,436.13,-20.32,34,32,2,6,34,0,0,0,119.35
2026-09-28_12-15-00,2026-09-28_12-15-07_4056x3040.jpg,2026-09-28,4056x3040,s,0.4155,features,167,436.13,-20.32,39,35,4,1,40,0,1,1,318.1
2026-09-28_12-15-00,2026-09-28_12-15-07_4056x3040.jpg,2026-09-28,4056x3040,m,0.4155,features,167,436.13,-20.32,38,34,4,2,41,3,0,1,721.41
2026-09-28_12-30-00,2026-09-28_12-30-00_640x480.jpg,2026-09-28,640x480,n,0.4155,features,178,436.02,-22.4,31,30,1,9,31,0,0,0,120.41
2026-09-28_12-30-00,2026-09-28_12-30-00_640x480.jpg,2026-09-28,640x480,s,0.4155,features,178,436.02,-22.4,37,32,5,3,40,1,2,0,312.59
2026-09-28_12-30-00,2026-09-28_12-30-00_640x480.jpg,2026-09-28,640x480,m,0.4155,features,178,436.02,-22.4,40,33,7,0,41,1,0,0,718.95
2026-09-28_12-30-00,2026-09-28_12-30-03_1332x990.jpg,2026-09-28,1332x990,n,0.4155,features,178,436.02,-22.4,32,30,2,8,32,0,0,0,97.53
2026-09-28_12-30-00,2026-09-28_12-30-03_1332x990.jpg,2026-09-28,1332x990,s,0.4155,features,178,436.02,-22.4,35,34,1,5,36,0,1,1,289.91
2026-09-28_12-30-00,2026-09-28_12-30-03_1332x990.jpg,2026-09-28,1332x990,m,0.4155,features,178,436.02,-22.4,39,34,5,1,39,0,0,1,743.74
2026-09-28_12-30-00,2026-09-28_12-30-05_2028x1520.jpg,2026-09-28,2028x1520,n,0.4155,features,178,436.02,-22.4,34,31,3,6,34,0,0,0,108.7
2026-09-28_12-30-00,2026-09-28_12-30-05_2028x1520.jpg,2026-09-28,2028x1520,s,0.4155,features,178,436.02,-22.4,37,35,2,3,38,0,1,1,298.75
2026-09-28_12-30-00,2026-09-28_12-30-05_2028x1520.jpg,2026-09-28,2028x1520,m,0.4155,features,178,436.02,-22.4,38,34,4,2,40,2,0,1,715.74
2026-09-28_12-30-00,2026-09-28_12-30-08_4056x3040.jpg,2026-09-28,4056x3040,n,0.4155,features,178,436.02,-22.4,34,32,2,6,34,0,0,0,96.53
2026-09-28_12-30-00,2026-09-28_12-30-08_4056x3040.jpg,2026-09-28,4056x3040,s,0.4155,features,178,436.02,-22.4,36,34,2,4,38,0,2,1,272.39
2026-09-28_12-30-00,2026-09-28_12-30-08_4056x3040.jpg,2026-09-28,4056x3040,m,0.4155,features,178,436.02,-22.4,38,35,3,2,39,1,0,1,699.46
2026-09-28_12-45-00,2026-09-28_12-45-00_640x480.jpg,2026-09-28,640x480,n,0.4143,features,181,434.65,-22.74,32,30,2,8,32,0,0,0,94.21
2026-09-28_12-45-00,2026-09-28_12-45-00_640x480.jpg,2026-09-28,640x480,s,0.4143,features,181,434.65,-22.74,38,34,4,2,40,1,1,1,329.93
2026-09-28_12-45-00,2026-09-28_12-45-00_640x480.jpg,2026-09-28,640x480,m,0.4143,features,181,434.65,-22.74,39,33,6,1,40,1,0,0,719.77
2026-09-28_12-45-00,2026-09-28_12-45-02_1332x990.jpg,2026-09-28,1332x990,n,0.4143,features,181,434.65,-22.74,33,30,3,7,33,0,0,0,108.48
2026-09-28_12-45-00,2026-09-28_12-45-02_1332x990.jpg,2026-09-28,1332x990,s,0.4143,features,181,434.65,-22.74,38,36,2,2,38,0,0,1,254.23
2026-09-28_12-45-00,2026-09-28_12-45-02_1332x990.jpg,2026-09-28,1332x990,m,0.4143,features,181,434.65,-22.74,39,35,4,1,40,1,0,1,676.29
2026-09-28_12-45-00,2026-09-28_12-45-05_2028x1520.jpg,2026-09-28,2028x1520,n,0.4143,features,181,434.65,-22.74,33,31,2,7,33,0,0,0,121.58
2026-09-28_12-45-00,2026-09-28_12-45-05_2028x1520.jpg,2026-09-28,2028x1520,s,0.4143,features,181,434.65,-22.74,36,35,1,4,36,0,0,1,310.88
2026-09-28_12-45-00,2026-09-28_12-45-05_2028x1520.jpg,2026-09-28,2028x1520,m,0.4143,features,181,434.65,-22.74,39,34,5,1,39,0,0,1,710.42
2026-09-28_12-45-00,2026-09-28_12-45-07_4056x3040.jpg,2026-09-28,4056x3040,n,0.4143,features,181,434.65,-22.74,34,32,2,6,34,0,0,0,124.74
2026-09-28_12-45-00,2026-09-28_12-45-07_4056x3040.jpg,2026-09-28,4056x3040,s,0.4143,features,181,434.65,-22.74,37,35,2,3,37,0,0,1,291.89
2026-09-28_12-45-00,2026-09-28_12-45-07_4056x3040.jpg,2026-09-28,4056x3040,m,0.4143,features,181,434.65,-22.74,39,35,4,1,42,3,0,1,807.87
2026-09-28_13-00-00,2026-09-28_13-00-00_640x480.jpg,2026-09-28,640x480,n,0.4079,features,175,436.46,-22.16,32,30,2,8,32,0,0,0,116.22
2026-09-28_13-00-00,2026-09-28_13-00-00_640x480.jpg,2026-09-28,640x480,s,0.4079,features,175,436.46,-22.16,38,33,5,2,39,0,1,0,327.78
2026-09-28_13-00-00,2026-09-28_13-00-00_640x480.jpg,2026-09-28,640x480,m,0.4079,features,175,436.46,-22.16,39,34,5,1,39,0,0,1,780.21
2026-09-28_13-00-00,2026-09-28_13-00-03_1332x990.jpg,2026-09-28,1332x990,n,0.4079,features,175,436.46,-22.16,33,32,1,7,33,0,0,0,109.47
2026-09-28_13-00-00,2026-09-28_13-00-03_1332x990.jpg,2026-09-28,1332x990,s,0.4079,features,175,436.46,-22.16,36,34,2,4,36,0,0,1,355.75
2026-09-28_13-00-00,2026-09-28_13-00-03_1332x990.jpg,2026-09-28,1332x990,m,0.4079,features,175,436.46,-22.16,38,35,3,2,39,1,0,1,820.29
2026-09-28_13-00-00,2026-09-28_13-00-05_2028x1520.jpg,2026-09-28,2028x1520,n,0.4079,features,175,436.46,-22.16,33,31,2,7,33,0,0,0,124.63
2026-09-28_13-00-00,2026-09-28_13-00-05_2028x1520.jpg,2026-09-28,2028x1520,s,0.4079,features,175,436.46,-22.16,37,35,2,3,37,0,0,1,359.32
2026-09-28_13-00-00,2026-09-28_13-00-05_2028x1520.jpg,2026-09-28,2028x1520,m,0.4079,features,175,436.46,-22.16,37,35,2,3,38,1,0,1,806.15
2026-09-28_13-00-00,2026-09-28_13-00-08_4056x3040.jpg,2026-09-28,4056x3040,n,0.4079,features,175,436.46,-22.16,34,31,3,6,34,0,0,0,108.43
2026-09-28_13-00-00,2026-09-28_13-00-08_4056x3040.jpg,2026-09-28,4056x3040,s,0.4079,features,175,436.46,-22.16,37,34,3,3,37,0,0,1,346.37
2026-09-28_13-00-00,2026-09-28_13-00-08_4056x3040.jpg,2026-09-28,4056x3040,m,0.4079,features,175,436.46,-22.16,37,35,2,3,39,2,0,1,776.75
2026-09-28_13-15-00,2026-09-28_13-15-00_640x480.jpg,2026-09-28,640x480,n,0.4036,features,168,436.07,-20.97,33,30,3,7,33,0,0,0,128.86
2026-09-28_13-15-00,2026-09-28_13-15-00_640x480.jpg,2026-09-28,640x480,s,0.4036,features,168,436.07,-20.97,36,32,4,4,37,0,1,0,372.6
2026-09-28_13-15-00,2026-09-28_13-15-00_640x480.jpg,2026-09-28,640x480,m,0.4036,features,168,436.07,-20.97,38,34,4,2,38,0,0,1,783.29
2026-09-28_13-15-00,2026-09-28_13-15-02_1332x990.jpg,2026-09-28,1332x990,n,0.4036,features,168,436.07,-20.97,33,31,2,7,34,1,0,0,111.23
2026-09-28_13-15-00,2026-09-28_13-15-02_1332x990.jpg,2026-09-28,1332x990,s,0.4036,features,168,436.07,-20.97,38,35,3,2,38,0,0,1,328.44
2026-09-28_13-15-00,2026-09-28_13-15-02_1332x990.jpg,2026-09-28,1332x990,m,0.4036,features,168,436.07,-20.97,39,35,4,1,39,0,0,1,773.61
2026-09-28_13-15-00,2026-09-28_13-15-05_2028x1520.jpg,2026-09-28,2028x1520,n,0.4036,features,168,436.07,-20.97,32,31,1,8,32,0,0,0,121.26
2026-09-28_13-15-00,2026-09-28_13-15-05_2028x1520.jpg,2026-09-28,2028x1520,s,0.4036,features,168,436.07,-20.97,37,35,2,3,37,0,0,1,362.98
2026-09-28_13-15-00,2026-09-28_13-15-05_2028x1520.jpg,2026-09-28,2028x1520,m,0.4036,features,168,436.07,-20.97,38,34,4,2,40,2,0,1,678.4
2026-09-28_13-15-00,2026-09-28_13-15-07_4056x3040.jpg,2026-09-28,4056x3040,n,0.4036,features,168,436.07,-20.97,34,31,3,6,34,0,0,0,99.8
2026-09-28_13-15-00,2026-09-28_13-15-07_4056x3040.jpg,2026-09-28,4056x3040,s,0.4036,features,168,436.07,-20.97,38,35,3,2,38,0,0,1,280.69
2026-09-28_13-15-00,2026-09-28_13-15-07_4056x3040.jpg,2026-09-28,4056x3040,m,0.4036,features,168,436.07,-20.97,37,33,4,3,39,2,0,0,781.86
2026-09-28_13-30-00,2026-09-28_13-30-00_640x480.jpg,2026-09-28,640x480,n,0.4007,features,166,435.44,-21.15,34,30,4,6,34,0,0,0,107.83
2026-09-28_13-30-00,2026-09-28_13-30-00_640x480.jpg,2026-09-28,640x480,s,0.4007,features,166,435.44,-21.15,37,34,3,3,38,0,1,1,297.78
2026-09-28_13-30-00,2026-09-28_13-30-00_640x480.jpg,2026-09-28,640x480,m,0.4007,features,166,435.44,-21.15,38,33,5,2,38,0,0,0,780.33
2026-09-28_13-30-00,2026-09-28_13-30-03_1332x990.jpg,2026-09-28,1332x990,n,0.4007,features,166,435.44,-21.15,33,31,2,7,33,0,0,0,122.74
2026-09-28_13-30-00,2026-09-28_13-30-03_1332x990.jpg,2026-09-28,1332x990,s,0.4007,features,166,435.44,-21.15,39,36,3,1,40,1,0,1,322.75
2026-09-28_13-30-00,2026-09-28_13-30-03_1332x990.jpg,2026-09-28,1332x990,m,0.4007,features,166,435.44,-21.15,39,34,5,1,40,1,0,1,769.84
2026-09-28_13-30-00,2026-09-28_13-30-05_2028x1520.jpg,2026-09-28,2028x1520,n,0.4007,features,166,435.44,-21.15,33,31,2,7,33,0,0,0,116.52
2026-09-28_13-30-00,2026-09-28_13-30-05_2028x1520.jpg,2026-09-28,2028x1520,s,0.4007,features,166,435.44,-21.15,39,36,3,1,39,0,0,1,320.98
2026-09-28_13-30-00,2026-09-28_13-30-05_2028x1520.jpg,2026-09-28,2028x1520,m,0.4007,features,166,435.44,-21.15,38,35,3,2,41,3,0,1,764.38
2026-09-28_13-30-00,2026-09-28_13-30-08_4056x3040.jpg,2026-09-28,4056x3040,n,0.4007,features,166,435.44,-21.15,35,32,3,5,35,0,0,0,99.55
2026-09-28_13-30-00,2026-09-28_13-30-08_4056x3040.jpg,2026-09-28,4056x3040,s,0.4007,features,166,435.44,-21.15,37,35,2,3,38,0,1,1,294.19
2026-09-28_13-30-00,2026-09-28_13-30-08_4056x3040.jpg,2026-09-28,4056x3040,m,0.4007,features,166,435.44,-21.15,36,34,2,4,37,1,0,1,707.9
2026-09-28_13-45-00,2026-09-28_13-45-00_640x480.jpg,2026-09-28,640x480,n,0.4061,features,143,435.19,-20.5,33,30,3,7,33,0,0,0,110.78
2026-09-28_13-45-00,2026-09-28_13-45-00_640x480.jpg,2026-09-28,640x480,s,0.4061,features,143,435.19,-20.5,35,33,2,5,35,0,0,0,306.19
2026-09-28_13-45-00,2026-09-28_13-45-00_640x480.jpg,2026-09-28,640x480,m,0.4061,features,143,435.19,-20.5,39,33,6,1,41,2,0,0,706.58
2026-09-28_13-45-00,2026-09-28_13-45-03_1332x990.jpg,2026-09-28,1332x990,n,0.4061,features,143,435.19,-20.5,31,30,1,9,31,0,0,0,92.16
2026-09-28_13-45-00,2026-09-28_13-45-03_1332x990.jpg,2026-09-28,1332x990,s,0.4061,features,143,435.19,-20.5,37,34,3,3,37,0,0,1,270.52
2026-09-28_13-45-00,2026-09-28_13-45-03_1332x990.jpg,2026-09-28,1332x990,m,0.4061,features,143,435.19,-20.5,39,35,4,1,40,1,0,1,696.32
2026-09-28_13-45-00,2026-09-28_13-45-06_2028x1520.jpg,2026-09-28,2028x1520,n,0.4061,features,143,435.19,-20.5,32,31,1,8,32,0,0,0,100.71
2026-09-28_13-45-00,2026-09-28_13-45-06_2028x1520.jpg,2026-09-28,2028x1520,s,0.4061,features,143,435.19,-20.5,38,35,3,2,38,0,0,1,283.02
2026-09-28_13-45-00,2026-09-28_13-45-06_2028x1520.jpg,2026-09-28,2028x1520,m,0.4061,features,143,435.19,-20.5,39,35,4,1,41,2,0,1,671.22
2026-09-28_13-45-00,2026-09-28_13-45-08_4056x3040.jpg,2026-09-28,4056x3040,n,0.4061,features,143,435.19,-20.5,33,31,2,7,33,0,0,0,96.24
2026-09-28_13-45-00,2026-09-28_13-45-08_4056x3040.jpg,2026-09-28,4056x3040,s,0.4061,features,143,435.19,-20.5,38,36,2,2,38,0,0,1,336.56
2026-09-28_13-45-00,2026-09-28_13-45-08_4056x3040.jpg,2026-09-28,4056x3040,m,0.4061,features,143,435.19,-20.5,38,34,4,2,40,2,0,1,751.56
2026-09-28_14-00-00,2026-09-28_14-00-00_640x480.jpg,2026-09-28,640x480,n,0.402,features,161,437.65,-21.68,31,30,1,9,31,0,0,0,98.7
2026-09-28_14-00-00,2026-09-28_14-00-00_640x480.jpg,2026-09-28,640x480,s,0.402,features,161,437.65,-21.68,37,32,5,3,37,0,0,0,346.76
2026-09-28_14-00-00,2026-09-28_14-00-00_640x480.jpg,2026-09-28,640x480,m,0.402,features,161,437.65,-21.68,38,33,5,2,40,2,0,0,750.14
2026-09-28_14-00-00,2026-09-28_14-00-02_1332x990.jpg,2026-09-28,1332x990,n,0.402,features,161,437.65,-21.68,31,30,1,9,31,0,0,0,122.71
2026-09-28_14-00-00,2026-09-28_14-00-02_1332x990.jpg,2026-09-28,1332x990,s,0.402,features,161,437.65,-21.68,37,35,2,3,37,0,0,1,301.17
2026-09-28_14-00-00,2026-09-28_14-00-02_1332x990.jpg,2026-09-28,1332x990,m,0.402,features,161,437.65,-21.68,39,34,5,1,39,0,0,1,766.61
2026-09-28_14-00-00,2026-09-28_14-00-05_2028x1520.jpg,2026-09-28,2028x1520,n,0.402,features,161,437.65,-21.68,30,30,0,10,31,1,0,0,98.49
2026-09-28_14-00-00,2026-09-28_14-00-05_2028x1520.jpg,2026-09-28,2028x1520,s,0.402,features,161,437.65,-21.68,35,35,0,5,35,0,0,1,320.74
2026-09-28_14-00-00,2026-09-28_14-00-05_2028x1520.jpg,2026-09-28,2028x1520,m,0.402,features,161,437.65,-21.68,39,34,5,1,40,1,0,1,728.81
2026-09-28_14-00-00,2026-09-28_14-00-08_4056x3040.jpg,2026-09-28,4056x3040,n,0.402,features,161,437.65,-21.68,33,32,1,7,33,0,0,0,94.29
2026-09-28_14-00-00,2026-09-28_14-00-08_4056x3040.jpg,2026-09-28,4056x3040,s,0.402,features,161,437.65,-21.68,36,34,2,4,36,0,0,1,287.13
2026-09-28_14-00-00,2026-09-28_14-00-08_4056x3040.jpg,2026-09-28,4056x3040,m,0.402,features,161,437.65,-21.68,37,34,3,3,39,2,0,1,699.57
2026-09-28_14-15-00,2026-09-28_14-15-00_640x480.jpg,2026-09-28,640x480,n,0.4089,features,164,436.58,-20.58,32,30,2,8,32,0,0,0,114.42
2026-09-28_14-15-00,2026-09-28_14-15-00_640x480.jpg,2026-09-28,640x480,s,0.4089,features,164,436.58,-20.58,37,31,6,3,38,0,1,0,317.55
2026-09-28_14-15-00,2026-09-28_14-15-00_640x480.jpg,2026-09-28,640x480,m,0.4089,features,164,436.58,-20.58,38,32,6,2,38,0,0,0,733.65
2026-09-28_14-15-00,2026-09-28_14-15-03_1332x990.jpg,2026-09-28,1332x990,n,0.4089,features,164,436.58,-20.58,35,31,4,5,35,0,0,0,93.12
2026-09-28_14-15-00,2026-09-28_14-15-03_1332x990.jpg,2026-09-28,1332x990,s,0.4089,features,164,436.58,-20.58,37,34,3,3,37,0,0,1,273.68
2026-09-28_14-15-00,2026-09-28_14-15-03_1332x990.jpg,2026-09-28,1332x990,m,0.4089,features,164,436.58,-20.58,39,34,5,1,39,0,0,1,703.74
2026-09-28_14-15-00,2026-09-28_14-15-05_2028x1520.jpg,2026-09-28,2028x1520,n,0.4089,features,164,436.58,-20.58,35,31,4,5,36,1,0,0,94.65
2026-09-28_14-15-00,2026-09-28_14-15-05_2028x1520.jpg,2026-09-28,2028x1520,s,0.4089,features,164,436.58,-20.58,36,34,2,4,37,0,1,1,282.69
2026-09-28_14-15-00,2026-09-28_14-15-05_2028x1520.jpg,2026-09-28,2028x1520,m,0.4089,features,164,436.58,-20.58,38,34,4,2,39,1,0,1,759.98
2026-09-28_14-15-00,2026-09-28_14-15-08_4056x3040.jpg,2026-09-28,4056x3040,n,0.4089,features,164,436.58,-20.58,36,32,4,4,37,1,0,0,102.5
2026-09-28_14-15-00,2026-09-28_14-15-08_4056x3040.jpg,2026-09-28,4056x3040,s,0.4089,features,164,436.58,-20.58,37,34,3,3,37,0,0,1,288.6
2026-09-28_14-15-00,2026-09-28_14-15-08_4056x3040.jpg,2026-09-28,4056x3040,m,0.4089,features,164,436.58,-20.58,38,34,4,2,40,2,0,1,754.49
2026-09-28_14-30-00,2026-09-28_14-30-00_640x480.jpg,2026-09-28,640x480,n,0.4081,features,167,436.92,-21.18,33,30,3,7,33,0,0,0,120.52
2026-09-28_14-30-00,2026-09-28_14-30-00_640x480.jpg,2026-09-28,640x480,s,0.4081,features,167,436.92,-21.18,38,33,5,2,40,2,0,0,303.57
2026-09-28_14-30-00,2026-09-28_14-30-00_640x480.jpg,2026-09-28,640x480,m,0.4081,features,167,436.92,-21.18,37,32,5,3,38,1,0,0,713.83
2026-09-28_14-30-00,2026-09-28_14-30-02_1332x990.jpg,2026-09-28,1332x990,n,0.4081,features,167,436.92,-21.18,33,31,2,7,34,1,0,0,97.17
2026-09-28_14-30-00,2026-09-28_14-30-02_1332x990.jpg,2026-09-28,1332x990,s,0.4081,features,167,436.92,-21.18,36,34,2,4,39,2,1,1,267.21
2026-09-28_14-30-00,2026-09-28_14-30-02_1332x990.jpg,2026-09-28,1332x990,m,0.4081,features,167,436.92,-21.18,37,33,4,3,40,3,0,0,662.84
2026-09-28_14-30-00,2026-09-28_14-30-05_2028x1520.jpg,2026-09-28,2028x1520,n,0.4081,features,167,436.92,-21.18,33,31,2,7,34,1,0,0,92.58
2026-09-28_14-30-00,2026-09-28_14-30-05_2028x1520.jpg,2026-09-28,2028x1520,s,0.4081,features,167,436.92,-21.18,37,34,3,3,38,1,0,1,264.97
2026-09-28_14-30-00,2026-09-28_14-30-05_2028x1520.jpg,2026-09-28,2028x1520,m,0.4081,features,167,436.92,-21.18,39,34,5,1,40,1,0,1,672.5
2026-09-28_14-30-00,2026-09-28_14-30-07_4056x3040.jpg,2026-09-28,4056x3040,n,0.4081,features,167,436.92,-21.18,33,31,2,7,33,0,0,0,94.09
2026-09-28_14-30-00,2026-09-28_14-30-07_4056x3040.jpg,2026-09-28,4056x3040,s,0.4081,features,167,436.92,-21.18,38,35,3,2,39,1,0,1,244.46
2026-09-28_14-30-00,2026-09-28_14-30-07_4056x3040.jpg,2026-09-28,4056x3040,m,0.4081,features,167,436.92,-21.18,37,34,3,3,38,1,0,1,680.43
2026-09-28_14-45-00,2026-09-28_14-45-00_640x480.jpg,2026-09-28,640x480,n,0.4076,features,173,435.72,-21.27,31,30,1,9,31,0,0,0,90.86
2026-09-28_14-45-00,2026-09-28_14-45-00_640x480.jpg,2026-09-28,640x480,s,0.4076,features,173,435.72,-21.27,35,31,4,5,37,1,1,0,278.79
2026-09-28_14-45-00,2026-09-28_14-45-00_640x480.jpg,2026-09-28,640x480,m,0.4076,features,173,435.72,-21.27,37,34,3,3,40,3,0,1,685.87
2026-09-28_14-45-00,2026-09-28_14-45-03_1332x990.jpg,2026-09-28,1332x990,n,0.4076,features,173,435.72,-21.27,32,31,1,8,32,0,0,0,109.32
2026-09-28_14-45-00,2026-09-28_14-45-03_1332x990.jpg,2026-09-28,1332x990,s,0.4076,features,173,435.72,-21.27,36,34,2,4,37,1,0,1,235.99
2026-09-28_14-45-00,2026-09-28_14-45-03_1332x990.jpg,2026-09-28,1332x990,m,0.4076,features,173,435.72,-21.27,39,34,5,1,40,1,0,1,675.04
2026-09-28_14-45-00,2026-09-28_14-45-05_2028x1520.jpg,2026-09-28,2028x1520,n,0.4076,features,173,435.72,-21.27,32,31,1,8,32,0,0,0,90.26
2026-09-28_14-45-00,2026-09-28_14-45-05_2028x1520.jpg,2026-09-28,2028x1520,s,0.4076,features,173,435.72,-21.27,37,36,1,3,40,2,1,1,243.25
2026-09-28_14-45-00,2026-09-28_14-45-05_2028x1520.jpg,2026-09-28,2028x1520,m,0.4076,features,173,435.72,-21.27,38,35,3,2,39,1,0,1,648.81
2026-09-28_14-45-00,2026-09-28_14-45-08_4056x3040.jpg,2026-09-28,4056x3040,n,0.4076,features,173,435.72,-21.27,33,32,1,7,33,0,0,0,101.75
2026-09-28_14-45-00,2026-09-28_14-45-08_4056x3040.jpg,2026-09-28,4056x3040,s,0.4076,features,173,435.72,-21.27,38,36,2,2,41,3,0,1,248.97
2026-09-28_14-45-00,2026-09-28_14-45-08_4056x3040.jpg,2026-09-28,4056x3040,m,0.4076,features,173,435.72,-21.27,38,35,3,2,39,1,0,1,688.79
2026-09-28_15-00-00,2026-09-28_15-00-00_640x480.jpg,2026-09-28,640x480,n,0.4116,features,164,437.0,-20.89,34,30,4,6,34,0,0,0,101.03
2026-09-28_15-00-00,2026-09-28_15-00-00_640x480.jpg,2026-09-28,640x480,s,0.4116,features,164,437.0,-20.89,39,33,6,1,40,0,1,0,248.7
2026-09-28_15-00-00,2026-09-28_15-00-00_640x480.jpg,2026-09-28,640x480,m,0.4116,features,164,437.0,-20.89,37,32,5,3,38,1,0,0,674.24
2026-09-28_15-00-00,2026-09-28_15-00-02_1332x990.jpg,2026-09-28,1332x990,n,0.4116,features,164,437.0,-20.89,33,31,2,7,33,0,0,0,102.13
2026-09-28_15-00-00,2026-09-28_15-00-02_1332x990.jpg,2026-09-28,1332x990,s,0.4116,features,164,437.0,-20.89,37,34,3,3,39,1,1,1,263.55
2026-09-28_15-00-00,2026-09-28_15-00-02_1332x990.jpg,2026-09-28,1332x990,m,0.4116,features,164,437.0,-20.89,38,34,4,2,39,1,0,1,654.02
2026-09-28_15-00-00,2026-09-28_15-00-05_2028x1520.jpg,2026-09-28,2028x1520,n,0.4116,features,164,437.0,-20.89,34,31,3,6,34,0,0,0,97.52
2026-09-28_15-00-00,2026-09-28_15-00-05_2028x1520.jpg,2026-09-28,2028x1520,s,0.4116,features,164,437.0,-20.89,38,35,3,2,39,1,0,1,249.34
2026-09-28_15-00-00,2026-09-28_15-00-05_2028x1520.jpg,2026-09-28,2028x1520,m,0.4116,features,164,437.0,-20.89,38,34,4,2,38,0,0,1,666.21
2026-09-28_15-00-00,2026-09-28_15-00-07_4056x3040.jpg,2026-09-28,4056x3040,n,0.4116,features,164,437.0,-20.89,35,32,3,5,35,0,0,0,87.62
2026-09-28_15-00-00,2026-09-28_15-00-07_4056x3040.jpg,2026-09-28,4056x3040,s,0.4116,features,164,437.0,-20.89,38,34,4,2,42,2,2,1,255.2
2026-09-28_15-00-00,2026-09-28_15-00-07_4056x3040.jpg,2026-09-28,4056x3040,m,0.4116,features,164,437.0,-20.89,37,34,3,3,38,1,0,1,649.66
2026-09-28_15-15-00,2026-09-28_15-15-00_640x480.jpg,2026-09-28,640x480,n,0.4089,features,163,436.66,-20.33,35,30,5,5,35,0,0,0,94.98
2026-09-28_15-15-00,2026-09-28_15-15-00_640x480.jpg,2026-09-28,640x480,s,0.4089,features,163,436.66,-20.33,38,33,5,2,39,0,1,0,251.53
2026-09-28_15-15-00,2026-09-28_15-15-00_640x480.jpg,2026-09-28,640x480,m,0.4089,features,163,436.66,-20.33,39,33,6,1,40,1,0,0,669.75
2026-09-28_15-15-00,2026-09-28_15-15-03_1332x990.jpg,2026-09-28,1332x990,n,0.4089,features,163,436.66,-20.33,32,30,2,8,32,0,0,0,90.08
2026-09-28_15-15-00,2026-09-28_15-15-03_1332x990.jpg,2026-09-28,1332x990,s,0.4089,features,163,436.66,-20.33,37,35,2,3,37,0,0,1,249.7
2026-09-28_15-15-00,2026-09-28_15-15-03_1332x990.jpg,2026-09-28,1332x990,m,0.4089,features,163,436.66,-20.33,39,35,4,1,40,1,0,1,701.77
2026-09-28_15-15-00,2026-09-28_15-15-05_2028x1520.jpg,2026-09-28,2028x1520,n,0.4089,features,163,436.66,-20.33,34,32,2,6,34,0,0,0,92.47
2026-09-28_15-15-00,2026-09-28_15-15-05_2028x1520.jpg,2026-09-28,2028x1520,s,0.4089,features,163,436.66,-20.33,38,35,3,2,38,0,0,1,254.83
2026-09-28_15-15-00,2026-09-28_15-15-05_2028x1520.jpg,2026-09-28,2028x1520,m,0.4089,features,163,436.66,-20.33,39,35,4,1,41,2,0,1,702.95
2026-09-28_15-15-00,2026-09-28_15-15-08_4056x3040.jpg,2026-09-28,4056x3040,n,0.4089,features,163,436.66,-20.33,34,32,2,6,34,0,0,0,104.0
2026-09-28_15-15-00,2026-09-28_15-15-08_4056x3040.jpg,2026-09-28,4056x3040,s,0.4089,features,163,436.66,-20.33,38,35,3,2,39,1,0,1,275.98
2026-09-28_15-15-00,2026-09-28_15-15-08_4056x3040.jpg,2026-09-28,4056x3040,m,0.4089,features,163,436.66,-20.33,39,35,4,1,42,3,0,1,679.52
2026-09-28_15-30-00,2026-09-28_15-30-00_640x480.jpg,2026-09-28,640x480,n,0.4052,features,172,436.94,-20.55,33,30,3,7,33,0,0,0,96.98
2026-09-28_15-30-00,2026-09-28_15-30-00_640x480.jpg,2026-09-28,640x480,s,0.4052,features,172,436.94,-20.55,35,32,3,5,36,1,0,0,254.94
2026-09-28_15-30-00,2026-09-28_15-30-00_640x480.jpg,2026-09-28,640x480,m,0.4052,features,172,436.94,-20.55,38,33,5,2,38,0,0,0,673.12
2026-09-28_15-30-00,2026-09-28_15-30-03_1332x990.jpg,2026-09-28,1332x990,n,0.4052,features,172,436.94,-20.55,34,31,3,6,35,1,0,0,96.12
2026-09-28_15-30-00,2026-09-28_15-30-03_1332x990.jpg,2026-09-28,1332x990,s,0.4052,features,172,436.94,-20.55,37,35,2,3,38,1,0,1,276.12
2026-09-28_15-30-00,2026-09-28_15-30-03_1332x990.jpg,2026-09-28,1332x990,m,0.4052,features,172,436.94,-20.55,39,35,4,1,40,1,0,1,659.64
2026-09-28_15-30-00,2026-09-28_15-30-06_2028x1520.jpg,2026-09-28,2028x1520,n,0.4052,features,172,436.94,-20.55,34,31,3,6,34,0,0,0,91.94
2026-09-28_15-30-00,2026-09-28_15-30-06_2028x1520.jpg,2026-09-28,2028x1520,s,0.4052,features,172,436.94,-20.55,39,35,4,1,39,0,0,1,270.04
2026-09-28_15-30-00,2026-09-28_15-30-06_2028x1520.jpg,2026-09-28,2028x1520,m,0.4052,features,172,436.94,-20.55,40,35,5,0,41,1,0,1,696.98
2026-09-28_15-30-00,2026-09-28_15-30-08_4056x3040.jpg,2026-09-28,4056x3040,n,0.4052,features,172,436.94,-20.55,33,31,2,7,33,0,0,0,90.43
2026-09-28_15-30-00,2026-09-28_15-30-08_4056x3040.jpg,2026-09-28,4056x3040,s,0.4052,features,172,436.94,-20.55,38,35,3,2,38,0,0,1,271.93
2026-09-28_15-30-00,2026-09-28_15-30-08_4056x3040.jpg,2026-09-28,4056x3040,m,0.4052,features,172,436.94,-20.55,40,35,5,0,41,1,0,1,669.4
2026-09-28_15-45-00,2026-09-28_15-45-00_640x480.jpg,2026-09-28,640x480,n,0.4021,features,152,436.29,-20.74,34,30,4,6,34,0,0,0,89.29
2026-09-28_15-45-00,2026-09-28_15-45-00_640x480.jpg,2026-09-28,640x480,s,0.4021,features,152,436.29,-20.74,36,33,3,4,36,0,0,0,268.7
2026-09-28_15-45-00,2026-09-28_15-45-00_640x480.jpg,2026-09-28,640x480,m,0.4021,features,152,436.29,-20.74,36,34,2,4,37,1,0,1,653.31
2026-09-28_15-45-00,2026-09-28_15-45-03_1332x990.jpg,2026-09-28,1332x990,n,0.4021,features,152,436.29,-20.74,32,30,2,8,32,0,0,0,94.41
2026-09-28_15-45-00,2026-09-28_15-45-03_1332x990.jpg,2026-09-28,1332x990,s,0.4021,features,152,436.29,-20.74,37,35,2,3,37,0,0,1,254.95
2026-09-28_15-45-00,2026-09-28_15-45-03_1332x990.jpg,2026-09-28,1332x990,m,0.4021,features,152,436.29,-20.74,38,35,3,2,39,1,0,1,674.56
2026-09-28_15-45-00,2026-09-28_15-45-05_2028x1520.jpg,2026-09-28,2028x1520,n,0.4021,features,152,436.29,-20.74,33,31,2,7,33,0,0,0,121.61
2026-09-28_15-45-00,2026-09-28_15-45-05_2028x1520.jpg,2026-09-28,2028x1520,s,0.4021,features,152,436.29,-20.74,37,35,2,3,37,0,0,1,270.9
2026-09-28_15-45-00,2026-09-28_15-45-05_2028x1520.jpg,2026-09-28,2028x1520,m,0.4021,features,152,436.29,-20.74,38,34,4,2,40,2,0,1,701.4
2026-09-28_15-45-00,2026-09-28_15-45-08_4056x3040.jpg,2026-09-28,4056x3040,n,0.4021,features,152,436.29,-20.74,32,31,1,8,32,0,0,0,92.25
2026-09-28_15-45-00,2026-09-28_15-45-08_4056x3040.jpg,2026-09-28,4056x3040,s,0.4021,features,152,436.29,-20.74,36,34,2,4,36,0,0,1,280.52
2026-09-28_15-45-00,2026-09-28_15-45-08_4056x3040.jpg,2026-09-28,4056x3040,m,0.4021,features,152,436.29,-20.74,39,34,5,1,40,1,0,1,705.57
2026-09-28_16-00-00,2026-09-28_16-00-00_640x480.jpg,2026-09-28,640x480,n,0.4105,features,163,436.87,-20.61,32,30,2,8,32,0,0,0,91.16
2026-09-28_16-00-00,2026-09-28_16-00-00_640x480.jpg,2026-09-28,640x480,s,0.4105,features,163,436.87,-20.61,38,33,5,2,38,0,0,0,265.66
2026-09-28_16-00-00,2026-09-28_16-00-00_640x480.jpg,2026-09-28,640x480,m,0.4105,features,163,436.87,-20.61,38,33,5,2,38,0,0,0,687.92
2026-09-28_16-00-00,2026-09-28_16-00-03_1332x990.jpg,2026-09-28,1332x990,n,0.4105,features,163,436.87,-20.61,32,30,2,8,32,0,0,0,92.92
2026-09-28_16-00-00,2026-09-28_16-00-03_1332x990.jpg,2026-09-28,1332x990,s,0.4105,features,163,436.87,-20.61,39,36,3,1,39,0,0,1,255.04
2026-09-28_16-00-00,2026-09-28_16-00-03_1332x990.jpg,2026-09-28,1332x990,m,0.4105,features,163,436.87,-20.61,40,35,5,0,40,0,0,1,643.24
2026-09-28_16-00-00,2026-09-28_16-00-06_2028x1520.jpg,2026-09-28,2028x1520,n,0.4105,features,163,436.87,-20.61,33,31,2,7,33,0,0,0,85.42
2026-09-28_16-00-00,2026-09-28_16-00-06_2028x1520.jpg,2026-09-28,2028x1520,s,0.4105,features,163,436.87,-20.61,38,36,2,2,38,0,0,1,255.82
2026-09-28_16-00-00,2026-09-28_16-00-06_2028x1520.jpg,2026-09-28,2028x1520,m,0.4105,features,163,436.87,-20.61,38,35,3,2,40,2,0,1,646.85
2026-09-28_16-00-00,2026-09-28_16-00-08_4056x3040.jpg,2026-09-28,4056x3040,n,0.4105,features,163,436.87,-20.61,33,31,2,7,33,0,0,0,93.22
2026-09-28_16-00-00,2026-09-28_16-00-08_4056x3040.jpg,2026-09-28,4056x3040,s,0.4105,features,163,436.87,-20.61,38,35,3,2,38,0,0,1,253.69
2026-09-28_16-00-00,2026-09-28_16-00-08_4056x3040.jpg,2026-09-28,4056x3040,m,0.4105,features,163,436.87,-20.61,38,35,3,2,39,1,0,1,641.33
2026-09-28_16-15-00,2026-09-28_16-15-00_640x480.jpg,2026-09-28,640x480,n,0.4108,features,165,435.29,-20.7,31,30,1,9,31,0,0,0,86.45
2026-09-28_16-15-00,2026-09-28_16-15-00_640x480.jpg,2026-09-28,640x480,s,0.4108,features,165,435.29,-20.7,37,33,4,3,38,1,0,0,243.67
2026-09-28_16-15-00,2026-09-28_16-15-00_640x480.jpg,2026-09-28,640x480,m,0.4108,features,165,435.29,-20.7,36,33,3,4,37,1,0,0,628.76
2026-09-28_16-15-00,2026-09-28_16-15-02_1332x990.jpg,2026-09-28,1332x990,n,0.4108,features,165,435.29,-20.7,35,31,4,5,35,0,0,0,89.47
2026-09-28_16-15-00,2026-09-28_16-15-02_1332x990.jpg,2026-09-28,1332x990,s,0.4108,features,165,435.29,-20.7,39,35,4,1,40,0,1,1,250.5
2026-09-28_16-15-00,2026-09-28_16-15-02_1332x990.jpg,2026-09-28,1332x990,m,0.4108,features,165,435.29,-20.7,38,35,3,2,39,1,0,1,624.48
2026-09-28_16-15-00,2026-09-28_16-15-05_2028x1520.jpg,2026-09-28,2028x1520,n,0.4108,features,165,435.29,-20.7,34,32,2,6,35,1,0,0,85.7
2026-09-28_16-15-00,2026-09-28_16-15-05_2028x1520.jpg,2026-09-28,2028x1520,s,0.4108,features,165,435.29,-20.7,38,34,4,2,38,0,0,1,248.33
2026-09-28_16-15-00,2026-09-28_16-15-05_2028x1520.jpg,2026-09-28,2028x1520,m,0.4108,features,165,435.29,-20.7,36,35,1,4,37,1,0,1,641.73
2026-09-28_16-15-00,2026-09-28_16-15-08_4056x3040.jpg,2026-09-28,4056x3040,n,0.4108,features,165,435.29,-20.7,32,31,1,8,32,0,0,0,91.6
2026-09-28_16-15-00,2026-09-28_16-15-08_4056x3040.jpg,2026-09-28,4056x3040,s,0.4108,features,165,435.29,-20.7,39,35,4,1,39,0,0,1,274.71
2026-09-28_16-15-00,2026-09-28_16-15-08_4056x3040.jpg,2026-09-28,4056x3040,m,0.4108,features,165,435.29,-20.7,38,35,3,2,38,0,0,1,664.75
2026-09-28_16-30-00,2026-09-28_16-30-00_640x480.jpg,2026-09-28,640x480,n,0.409,features,156,436.41,-20.49,33,30,3,7,33,0,0,0,95.38
2026-09-28_16-30-00,2026-09-28_16-30-00_640x480.jpg,2026-09-28,640x480,s,0.409,features,156,436.41,-20.49,37,33,4,3,39,1,1,0,253.37
2026-09-28_16-30-00,2026-09-28_16-30-00_640x480.jpg,2026-09-28,640x480,m,0.409,features,156,436.41,-20.49,39,33,6,1,41,2,0,0,751.96
2026-09-28_16-30-00,2026-09-28_16-30-03_1332x990.jpg,2026-09-28,1332x990,n,0.409,features,156,436.41,-20.49,34,31,3,6,34,0,0,0,96.64
2026-09-28_16-30-00,2026-09-28_16-30-03_1332x990.jpg,2026-09-28,1332x990,s,0.409,features,156,436.41,-20.49,39,36,3,1,39,0,0,1,293.49
2026-09-28_16-30-00,2026-09-28_16-30-03_1332x990.jpg,2026-09-28,1332x990,m,0.409,features,156,436.41,-20.49,39,34,5,1,39,0,0,1,773.59
2026-09-28_16-30-00,2026-09-28_16-30-06_2028x1520.jpg,2026-09-28,2028x1520,n,0.409,features,156,436.41,-20.49,35,31,4,5,36,1,0,0,123.35
2026-09-28_16-30-00,2026-09-28_16-30-06_2028x1520.jpg,2026-09-28,2028x1520,s,0.409,features,156,436.41,-20.49,39,35,4,1,40,1,0,1,318.92
2026-09-28_16-30-00,2026-09-28_16-30-06_2028x1520.jpg,2026-09-28,2028x1520,m,0.409,features,156,436.41,-20.49,38,35,3,2,40,2,0,1,717.02
2026-09-28_16-30-00,2026-09-28_16-30-08_4056x3040.jpg,2026-09-28,4056x3040,n,0.409,features,156,436.41,-20.49,33,31,2,7,33,0,0,0,99.15
2026-09-28_16-30-00,2026-09-28_16-30-08_4056x3040.jpg,2026-09-28,4056x3040,s,0.409,features,156,436.41,-20.49,35,33,2,5,36,0,1,0,262.51
2026-09-28_16-30-00,2026-09-28_16-30-08_4056x3040.jpg,2026-09-28,4056x3040,m,0.409,features,156,436.41,-20.49,39,35,4,1,40,1,0,1,776.09
2026-09-28_16-45-00,2026-09-28_16-45-00_640x480.jpg,2026-09-28,640x480,n,0.4158,features,175,437.07,-19.68,33,30,3,7,33,0,0,0,94.48
2026-09-28_16-45-00,2026-09-28_16-45-00_640x480.jpg,2026-09-28,640x480,s,0.4158,features,175,437.07,-19.68,36,32,4,4,37,1,0,0,324.92
2026-09-28_16-45-00,2026-09-28_16-45-00_640x480.jpg,2026-09-28,640x480,m,0.4158,features,175,437.07,-19.68,39,33,6,1,40,1,0,0,720.95
2026-09-28_16-45-00,2026-09-28_16-45-03_1332x990.jpg,2026-09-28,1332x990,n,0.4158,features,175,437.07,-19.68,33,30,3,7,33,0,0,0,93.84
2026-09-28_16-45-00,2026-09-28_16-45-03_1332x990.jpg,2026-09-28,1332x990,s,0.4158,features,175,437.07,-19.68,40,36,4,0,40,0,0,1,292.47
2026-09-28_16-45-00,2026-09-28_16-45-03_1332x990.jpg,2026-09-28,1332x990,m,0.4158,features,175,437.07,-19.68,40,35,5,0,40,0,0,1,728.11
2026-09-28_16-45-00,2026-09-28_16-45-05_2028x1520.jpg,2026-09-28,2028x1520,n,0.4158,features,175,437.07,-19.68,33,31,2,7,33,0,0,0,111.5
2026-09-28_16-45-00,2026-09-28_16-45-05_2028x1520.jpg,2026-09-28,2028x1520,s,0.4158,features,175,437.07,-19.68,38,35,3,2,39,0,1,1,310.12
2026-09-28_16-45-00,2026-09-28_16-45-05_2028x1520.jpg,2026-09-28,2028x1520,m,0.4158,features,175,437.07,-19.68,38,34,4,2,39,1,0,1,768.61
2026-09-28_16-45-00,2026-09-28_16-45-08_4056x3040.jpg,2026-09-28,4056x3040,n,0.4158,features,175,437.07,-19.68,32,30,2,8,32,0,0,0,111.63
2026-09-28_16-45-00,2026-09-28_16-45-08_4056x3040.jpg,2026-09-28,4056x3040,s,0.4158,features,175,437.07,-19.68,36,33,3,4,36,0,0,0,304.67
2026-09-28_16-45-00,2026-09-28_16-45-08_4056x3040.jpg,2026-09-28,4056x3040,m,0.4158,features,175,437.07,-19.68,38,34,4,2,39,1,0,1,821.74
2026-09-28_17-00-00,2026-09-28_17-00-00_640x480.jpg,2026-09-28,640x480,n,0.4085,features,157,436.28,-20.36,33,30,3,7,33,0,0,0,131.65
2026-09-28_17-00-00,2026-09-28_17-00-00_640x480.jpg,2026-09-28,640x480,s,0.4085,features,157,436.28,-20.36,35,32,3,5,36,1,0,0,343.26
2026-09-28_17-00-00,2026-09-28_17-00-00_640x480.jpg,2026-09-28,640x480,m,0.4085,features,157,436.28,-20.36,36,33,3,4,36,0,0,0,824.26
2026-09-28_17-00-00,2026-09-28_17-00-03_1332x990.jpg,2026-09-28,1332x990,n,0.4085,features,157,436.28,-20.36,32,30,2,8,32,0,0,0,121.44
2026-09-28_17-00-00,2026-09-28_17-00-03_1332x990.jpg,2026-09-28,1332x990,s,0.4085,features,157,436.28,-20.36,37,35,2,3,37,0,0,1,343.67
2026-09-28_17-00-00,2026-09-28_17-00-03_1332x990.jpg,2026-09-28,1332x990,m,0.4085,features,157,436.28,-20.36,38,33,5,2,40,2,0,0,842.02
2026-09-28_17-00-00,2026-09-28_17-00-06_2028x1520.jpg,2026-09-28,2028x1520,n,0.4085,features,157,436.28,-20.36,34,31,3,6,34,0,0,0,126.33
2026-09-28_17-00-00,2026-09-28_17-00-06_2028x1520.jpg,2026-09-28,2028x1520,s,0.4085,features,157,436.28,-20.36,38,35,3,2,38,0,0,1,347.31
2026-09-28_17-00-00,2026-09-28_17-00-06_2028x1520.jpg,2026-09-28,2028x1520,m,0.4085,features,157,436.28,-20.36,37,34,3,3,38,1,0,1,738.51
2026-09-28_17-00-00,2026-09-28_17-00-08_4056x3040.jpg,2026-09-28,4056x3040,n,0.4085,features,157,436.28,-20.36,32,30,2,8,32,0,0,0,118.49
2026-09-28_17-00-00,2026-09-28_17-00-08_4056x3040.jpg,2026-09-28,4056x3040,s,0.4085,features,157,436.28,-20.36,37,34,3,3,37,0,0,1,303.88
2026-09-28_17-00-00,2026-09-28_17-00-08_4056x3040.jpg,2026-09-28,4056x3040,m,0.4085,features,157,436.28,-20.36,36,34,2,4,38,2,0,1,823.33
2026-09-28_17-15-00,2026-09-28_17-15-00_640x480.jpg,2026-09-28,640x480,n,0.4008,features,156,437.81,-21.42,32,30,2,8,32,0,0,0,139.58
2026-09-28_17-15-00,2026-09-28_17-15-00_640x480.jpg,2026-09-28,640x480,s,0.4008,features,156,437.81,-21.42,35,32,3,5,37,0,2,0,333.41
2026-09-28_17-15-00,2026-09-28_17-15-00_640x480.jpg,2026-09-28,640x480,m,0.4008,features,156,437.81,-21.42,38,33,5,2,38,0,0,0,804.65
2026-09-28_17-15-00,2026-09-28_17-15-02_1332x990.jpg,2026-09-28,1332x990,n,0.4008,features,156,437.81,-21.42,32,30,2,8,32,0,0,0,111.52
2026-09-28_17-15-00,2026-09-28_17-15-02_1332x990.jpg,2026-09-28,1332x990,s,0.4008,features,156,437.81,-21.42,36,33,3,4,36,0,0,0,316.63
2026-09-28_17-15-00,2026-09-28_17-15-02_1332x990.jpg,2026-09-28,1332x990,m,0.4008,features,156,437.81,-21.42,37,33,4,3,39,2,0,0,778.36
2026-09-28_17-15-00,2026-09-28_17-15-05_2028x1520.jpg,2026-09-28,2028x1520,n,0.4008,features,156,437.81,-21.42,34,31,3,6,35,1,0,0,128.88
2026-09-28_17-15-00,2026-09-28_17-15-05_2028x1520.jpg,2026-09-28,2028x1520,s,0.4008,features,156,437.81,-21.42,37,34,3,3,38,1,0,1,297.16
2026-09-28_17-15-00,2026-09-28_17-15-05_2028x1520.jpg,2026-09-28,2028x1520,m,0.4008,features,156,437.81,-21.42,36,34,2,4,38,2,0,1,808.84
2026-09-28_17-15-00,2026-09-28_17-15-08_4056x3040.jpg,2026-09-28,4056x3040,n,0.4008,features,156,437.81,-21.42,32,31,1,8,33,1,0,0,96.0
2026-09-28_17-15-00,2026-09-28_17-15-08_4056x3040.jpg,2026-09-28,4056x3040,s,0.4008,features,156,437.81,-21.42,36,34,2,4,37,1,0,1,292.96
2026-09-28_17-15-00,2026-09-28_17-15-08_4056x3040.jpg,2026-09-28,4056x3040,m,0.4008,features,156,437.81,-21.42,38,34,4,2,39,1,0,1,786.73
2026-09-28_17-30-00,2026-09-28_17-30-00_640x480.jpg,2026-09-28,640x480,n,0.4154,features,169,436.32,-20.22,32,30,2,8,32,0,0,0,131.03
2026-09-28_17-30-00,2026-09-28_17-30-00_640x480.jpg,2026-09-28,640x480,s,0.4154,features,169,436.32,-20.22,37,33,4,3,39,1,1,0,330.28
2026-09-28_17-30-00,2026-09-28_17-30-00_640x480.jpg,2026-09-28,640x480,m,0.4154,features,169,436.32,-20.22,35,33,2,5,35,0,0,0,809.03
2026-09-28_17-30-00,2026-09-28_17-30-03_1332x990.jpg,2026-09-28,1332x990,n,0.4154,features,169,436.32,-20.22,33,30,3,7,33,0,0,0,120.52
2026-09-28_17-30-00,2026-09-28_17-30-03_1332x990.jpg,2026-09-28,1332x990,s,0.4154,features,169,436.32,-20.22,39,36,3,1,39,0,0,1,337.1
2026-09-28_17-30-00,2026-09-28_17-30-03_1332x990.jpg,2026-09-28,1332x990,m,0.4154,features,169,436.32,-20.22,37,33,4,3,37,0,0,0,817.17
2026-09-28_17-30-00,2026-09-28_17-30-05_2028x1520.jpg,2026-09-28,2028x1520,n,0.4154,features,169,436.32,-20.22,33,31,2,7,33,0,0,0,108.35
2026-09-28_17-30-00,2026-09-28_17-30-05_2028x1520.jpg,2026-09-28,2028x1520,s,0.4154,features,169,436.32,-20.22,38,34,4,2,39,0,1,1,308.11
2026-09-28_17-30-00,2026-09-28_17-30-05_2028x1520.jpg,2026-09-28,2028x1520,m,0.4154,features,169,436.32,-20.22,37,34,3,3,38,1,0,1,733.15
2026-09-28_17-30-00,2026-09-28_17-30-08_4056x3040.jpg,2026-09-28,4056x3040,n,0.4154,features,169,436.32,-20.22,33,31,2,7,33,0,0,0,111.32
2026-09-28_17-30-00,2026-09-28_17-30-08_4056x3040.jpg,2026-09-28,4056x3040,s,0.4154,features,169,436.32,-20.22,38,35,3,2,40,1,1,1,296.41
2026-09-28_17-30-00,2026-09-28_17-30-08_4056x3040.jpg,2026-09-28,4056x3040,m,0.4154,features,169,436.32,-20.22,35,33,2,5,37,2,0,0,779.45
2026-09-28_17-45-00,2026-09-28_17-45-00_640x480.jpg,2026-09-28,640x480,n,0.4134,features,171,437.78,-20.55,34,30,4,6,34,0,0,0,104.05
2026-09-28_17-45-00,2026-09-28_17-45-00_640x480.jpg,2026-09-28,640x480,s,0.4134,features,171,437.78,-20.55,37,33,4,3,38,0,1,0,303.46
2026-09-28_17-45-00,2026-09-28_17-45-00_640x480.jpg,2026-09-28,640x480,m,0.4134,features,171,437.78,-20.55,36,33,3,4,36,0,0,0,738.85
2026-09-28_17-45-00,2026-09-28_17-45-02_1332x990.jpg,2026-09-28,1332x990,n,0.4134,features,171,437.78,-20.55,34,30,4,6,34,0,0,0,100.63
2026-09-28_17-45-00,2026-09-28_17-45-02_1332x990.jpg,2026-09-28,1332x990,s,0.4134,features,171,437.78,-20.55,37,34,3,3,37,0,0,1,321.43
2026-09-28_17-45-00,2026-09-28_17-45-02_1332x990.jpg,2026-09-28,1332x990,m,0.4134,features,171,437.78,-20.55,39,34,5,1,40,1,0,1,703.04
2026-09-28_17-45-00,2026-09-28_17-45-05_2028x1520.jpg,2026-09-28,2028x1520,n,0.4134,features,171,437.78,-20.55,33,31,2,7,33,0,0,0,100.38
2026-09-28_17-45-00,2026-09-28_17-45-05_2028x1520.jpg,2026-09-28,2028x1520,s,0.4134,features,171,437.78,-20.55,36,34,2,4,37,0,1,1,309.2
2026-09-28_17-45-00,2026-09-28_17-45-05_2028x1520.jpg,2026-09-28,2028x1520,m,0.4134,features,171,437.78,-20.55,37,33,4,3,39,2,0,0,711.44
2026-09-28_17-45-00,2026-09-28_17-45-08_4056x3040.jpg,2026-09-28,4056x3040,n,0.4134,features,171,437.78,-20.55,33,31,2,7,34,1,0,0,114.94
2026-09-28_17-45-00,2026-09-28_17-45-08_4056x3040.jpg,2026-09-28,4056x3040,s,0.4134,features,171,437.78,-20.55,38,35,3,2,39,0,1,1,307.73
2026-09-28_17-45-00,2026-09-28_17-45-08_4056x3040.jpg,2026-09-28,4056x3040,m,0.4134,features,171,437.78,-20.55,36,33,3,4,38,2,0,0,745.24
2026-09-28_18-00-00,2026-09-28_18-00-00_640x480.jpg,2026-09-28,640x480,n,0.4041,features,158,436.62,-20.83,34,30,4,6,34,0,0,0,97.01
2026-09-28_18-00-00,2026-09-28_18-00-00_640x480.jpg,2026-09-28,640x480,s,0.4041,features,158,436.62,-20.83,36,33,3,4,37,0,1,0,283.26
2026-09-28_18-00-00,2026-09-28_18-00-00_640x480.jpg,2026-09-28,640x480,m,0.4041,features,158,436.62,-20.83,38,33,5,2,39,1,0,0,724.33
2026-09-28_18-00-00,2026-09-28_18-00-03_1332x990.jpg,2026-09-28,1332x990,n,0.4041,features,158,436.62,-20.83,33,30,3,7,33,0,0,0,120.51
2026-09-28_18-00-00,2026-09-28_18-00-03_1332x990.jpg,2026-09-28,1332x990,s,0.4041,features,158,436.62,-20.83,37,34,3,3,37,0,0,1,309.52
2026-09-28_18-00-00,2026-09-28_18-00-03_1332x990.jpg,2026-09-28,1332x990,m,0.4041,features,158,436.62,-20.83,34,33,1,6,35,1,0,0,738.83
2026-09-28_18-00-00,2026-09-28_18-00-05_2028x1520.jpg,2026-09-28,2028x1520,n,0.4041,features,158,436.62,-20.83,34,31,3,6,35,1,0,0,94.29
2026-09-28_18-00-00,2026-09-28_18-00-05_2028x1520.jpg,2026-09-28,2028x1520,s,0.4041,features,158,436.62,-20.83,38,34,4,2,39,1,0,1,297.16
2026-09-28_18-00-00,2026-09-28_18-00-05_2028x1520.jpg,2026-09-28,2028x1520,m,0.4041,features,158,436.62,-20.83,36,33,3,4,37,1,0,0,769.74
2026-09-28_18-00-00,2026-09-28_18-00-08_4056x3040.jpg,2026-09-28,4056x3040,n,0.4041,features,158,436.62,-20.83,33,31,2,7,34,1,0,0,97.2
2026-09-28_18-00-00,2026-09-28_18-00-08_4056x3040.jpg,2026-09-28,4056x3040,s,0.4041,features,158,436.62,-20.83,37,34,3,3,38,0,1,1,322.29
2026-09-28_18-00-00,2026-09-28_18-00-08_4056x3040.jpg,2026-09-28,4056x3040,m,0.4041,features,158,436.62,-20.83,37,34,3,3,38,1,0,1,792.15
2026-09-28_18-15-00,2026-09-28_18-15-00_640x480.jpg,2026-09-28,640x480,n,0.4139,features,167,437.24,-21.79,34,30,4,6,34,0,0,0,104.05
2026-09-28_18-15-00,2026-09-28_18-15-00_640x480.jpg,2026-09-28,640x480,s,0.4139,features,167,437.24,-21.79,37,33,4,3,38,0,1,0,285.54
2026-09-28_18-15-00,2026-09-28_18-15-00_640x480.jpg,2026-09-28,640x480,m,0.4139,features,167,437.24,-21.79,37,33,4,3,38,1,0,0,694.8
2026-09-28_18-15-00,2026-09-28_18-15-02_1332x990.jpg,2026-09-28,1332x990,n,0.4139,features,167,437.24,-21.79,32,30,2,8,33,1,0,0,113.46
2026-09-28_18-15-00,2026-09-28_18-15-02_1332x990.jpg,2026-09-28,1332x990,s,0.4139,features,167,437.24,-21.79,37,33,4,3,38,1,0,0,335.02
2026-09-28_18-15-00,2026-09-28_18-15-02_1332x990.jpg,2026-09-28,1332x990,m,0.4139,features,167,437.24,-21.79,38,33,5,2,39,1,0,0,727.18
2026-09-28_18-15-00,2026-09-28_18-15-05_2028x1520.jpg,2026-09-28,2028x1520,n,0.4139,features,167,437.24,-21.79,33,30,3,7,34,1,0,0,99.57
2026-09-28_18-15-00,2026-09-28_18-15-05_2028x1520.jpg,2026-09-28,2028x1520,s,0.4139,features,167,437.24,-21.79,36,34,2,4,36,0,0,1,299.11
2026-09-28_18-15-00,2026-09-28_18-15-05_2028x1520.jpg,2026-09-28,2028x1520,m,0.4139,features,167,437.24,-21.79,36,33,3,4,37,1,0,0,718.3
2026-09-28_18-15-00,2026-09-28_18-15-08_4056x3040.jpg,2026-09-28,4056x3040,n,0.4139,features,167,437.24,-21.79,33,31,2,7,34,1,0,0,101.86
2026-09-28_18-15-00,2026-09-28_18-15-08_4056x3040.jpg,2026-09-28,4056x3040,s,0.4139,features,167,437.24,-21.79,39,36,3,1,39,0,0,1,274.56
2026-09-28_18-15-00,2026-09-28_18-15-08_4056x3040.jpg,2026-09-28,4056x3040,m,0.4139,features,167,437.24,-21.79,36,33,3,4,38,2,0,0,668.07
2026-09-28_18-30-00,2026-09-28_18-30-00_640x480.jpg,2026-09-28,640x480,n,0.4105,features,167,437.3,-6.86,32,30,2,8,33,1,0,0,96.54
2026-09-28_18-30-00,2026-09-28_18-30-00_640x480.jpg,2026-09-28,640x480,s,0.4105,features,167,437.3,-6.86,36,31,5,4,36,0,0,0,324.43
2026-09-28_18-30-00,2026-09-28_18-30-00_640x480.jpg,2026-09-28,640x480,m,0.4105,features,167,437.3,-6.86,38,34,4,2,39,1,0,1,699.46
2026-09-28_18-30-00,2026-09-28_18-30-03_1332x990.jpg,2026-09-28,1332x990,n,0.4105,features,167,437.3,-6.86,34,30,4,6,34,0,0,0,104.99
2026-09-28_18-30-00,2026-09-28_18-30-03_1332x990.jpg,2026-09-28,1332x990,s,0.4105,features,167,437.3,-6.86,36,32,4,4,36,0,0,0,256.67
2026-09-28_18-30-00,2026-09-28_18-30-03_1332x990.jpg,2026-09-28,1332x990,m,0.4105,features,167,437.3,-6.86,38,34,4,2,39,1,0,1,692.92
2026-09-28_18-30-00,2026-09-28_18-30-05_2028x1520.jpg,2026-09-28,2028x1520,n,0.4105,features,167,437.3,-6.86,32,30,2,8,32,0,0,0,100.87
2026-09-28_18-30-00,2026-09-28_18-30-05_2028x1520.jpg,2026-09-28,2028x1520,s,0.4105,features,167,437.3,-6.86,36,33,3,4,36,0,0,0,267.32
2026-09-28_18-30-00,2026-09-28_18-30-05_2028x1520.jpg,2026-09-28,2028x1520,m,0.4105,features,167,437.3,-6.86,38,33,5,2,38,0,0,0,758.37
2026-09-28_18-30-00,2026-09-28_18-30-08_4056x3040.jpg,2026-09-28,4056x3040,n,0.4105,features,167,437.3,-6.86,32,30,2,8,33,1,0,0,116.99
2026-09-28_18-30-00,2026-09-28_18-30-08_4056x3040.jpg,2026-09-28,4056x3040,s,0.4105,features,167,437.3,-6.86,36,33,3,4,38,2,0,0,271.48
2026-09-28_18-30-00,2026-09-28_18-30-08_4056x3040.jpg,2026-09-28,4056x3040,m,0.4105,features,167,437.3,-6.86,36,33,3,4,39,3,0,0,745.29
2026-09-28_18-45-00,2026-09-28_18-45-00_640x480.jpg,2026-09-28,640x480,n,0.4029,features,126,436.56,-14.67,31,29,2,9,31,0,0,0,111.21
2026-09-28_18-45-00,2026-09-28_18-45-00_640x480.jpg,2026-09-28,640x480,s,0.4029,features,126,436.56,-14.67,33,29,4,7,33,0,0,0,320.58
2026-09-28_18-45-00,2026-09-28_18-45-00_640x480.jpg,2026-09-28,640x480,m,0.4029,features,126,436.56,-14.67,35,32,3,5,35,0,0,0,741.14
2026-09-28_18-45-00,2026-09-28_18-45-02_1332x990.jpg,2026-09-28,1332x990,n,0.4029,features,126,436.56,-14.67,33,30,3,7,34,1,0,0,100.9
2026-09-28_18-45-00,2026-09-28_18-45-02_1332x990.jpg,2026-09-28,1332x990,s,0.4029,features,126,436.56,-14.67,36,31,5,4,38,1,1,0,327.54
2026-09-28_18-45-00,2026-09-28_18-45-02_1332x990.jpg,2026-09-28,1332x990,m,0.4029,features,126,436.56,-14.67,35,31,4,5,35,0,0,0,712.23
2026-09-28_18-45-00,2026-09-28_18-45-05_2028x1520.jpg,2026-09-28,2028x1520,n,0.4029,features,126,436.56,-14.67,32,30,2,8,32,0,0,0,101.01
2026-09-28_18-45-00,2026-09-28_18-45-05_2028x1520.jpg,2026-09-28,2028x1520,s,0.4029,features,126,436.56,-14.67,34,30,4,6,35,1,0,0,286.05
2026-09-28_18-45-00,2026-09-28_18-45-05_2028x1520.jpg,2026-09-28,2028x1520,m,0.4029,features,126,436.56,-14.67,37,33,4,3,37,0,0,0,683.55
2026-09-28_18-45-00,2026-09-28_18-45-07_4056x3040.jpg,2026-09-28,4056x3040,n,0.4029,features,126,436.56,-14.67,32,30,2,8,32,0,0,0,107.01
2026-09-28_18-45-00,2026-09-28_18-45-07_4056x3040.jpg,2026-09-28,4056x3040,s,0.4029,features,126,436.56,-14.67,32,30,2,8,35,2,1,0,269.55
2026-09-28_18-45-00,2026-09-28_18-45-07_4056x3040.jpg,2026-09-28,4056x3040,m,0.4029,features,126,436.56,-14.67,36,32,4,4,37,1,0,0,658.91
